TS,Lab1_G1_N3,Lab1_G2_Fн9,Lab1_G2_Fc3,Lab1_G3_Турбина_ГГ,Lab1_G1_N1,Lab1_G1_N2,Lab1_G2_3F2,Lab1_G1_T4ср,Lab1_G3_T606,Lab1_Qtg,Lab1_G1_T607,Lab1_G2_2F2,Lab1_G2_VoГГ,Lab1_G3_T600,Lab1_G4_N1пр,Lab1_Ttg,Lab1_PposleNag,Lab1_TposleNag,Lab1_dev,Lab1_G3_Pc2,Lab1_G3_Коксование,Lab1_TC_Ptgdg,Lab1_dPmg,Lab1_Hpol,Lab1_TdoNag,Lab1_G1_T1,Lab1_G1_T600,Lab1_G1_T638,Lab1_G4_delta_T4PR,Lab1_G4_delta_T4,Lab1_TC_Tm
2022-12-02 18:59:59.999998+00:00,5000,0.19,0.31,0.0,8726,11490,0.6,662.7,0.0,4656,36.1,0.38,8.9,0.0,9238.230000000001,26.6,69.54,46.5,0.324,0.0,0.0,28.14,3.16,0.814,20.6,-16.1,67.1,79.8,12.05,-3.464,83.3
2022-12-02 19:00:59.999998+00:00,4993,0.21000000000000002,0.29000000000000004,0.0,8726,11489,0.59,662.4,0.012293387999999999,4655,36.1,0.31,8.620000000000001,-0.012293387999999999,9238.949999999999,26.6,69.54,46.5,0.317,0.0,0.0,28.14,3.15,0.811,20.6,-16.4,67.0,79.8,11.954000000000002,-3.2640000000000002,83.4
2022-12-02 19:01:59.999999+00:00,5001,0.16,0.35,0.0,8725,11493,0.64,663.1,0.048970356999999985,4650,36.1,0.38,8.98,-0.012090191999999998,9238.459999999995,26.6,69.54,46.6,0.316,0.0,0.0,28.16,3.15,0.814,20.6,-16.0,67.0,79.8,12.034,-3.327,83.4
2022-12-02 19:02:59.999999+00:00,5011,0.19,0.26,0.0,8726,11493,0.63,663.0,0.011280765000000002,4651,36.1,0.4,9.229999999999999,0.000403034,9238.18,26.6,69.54,46.6,0.316,0.0,0.0,28.14,3.16,0.814,20.6,-16.1,67.1,79.8,12.287,-3.093,83.4
2022-12-02 19:04:00+00:00,5003,0.2,0.32,0.0,8728,11496,0.59,663.4,0.035681082,4658,36.1,0.32999999999999996,9.77,0.000396373,9238.349999999999,26.6,69.54,46.5,0.32,0.09834710699999999,0.0,28.14,3.16,0.814,20.6,-15.9,67.1,80.0,12.248,-3.0959999999999996,83.5
2022-12-02 19:04:59.999999+00:00,5003,0.2,0.27,0.0,8734,11503,0.62,664.6,0.035091313000000006,4654,36.1,0.37,8.49,0.00038982099999999994,9237.76,26.6,69.55,46.6,0.316,0.096721535,0.0,28.16,3.15,0.81,20.6,-15.6,67.1,80.0,12.223,-3.08,83.5
2022-12-02 19:05:59.999999+00:00,4998,0.19,0.32999999999999996,0.0,8731,11500,0.62,664.3,0.046804679,4658,36.1,0.4,8.56,0.000383378,9237.62,26.6,69.54,46.6,0.319,-0.003224275,0.0,28.16,3.16,0.811,20.6,-15.6,67.1,80.1,12.026,-2.8559999999999994,83.5
2022-12-02 19:07:00+00:00,4994,0.16,0.38,0.0,8734,11502,0.71,664.2,0.04603104799999999,4651,36.1,0.4,8.780000000000001,0.000377041,9238.44,26.6,69.54,46.5,0.325,-0.003170981,0.0,28.16,3.15,0.81,20.6,-15.6,67.1,80.0,12.206,-2.6319999999999997,83.5
2022-12-02 19:07:59.999999+00:00,5006,0.25,0.29000000000000004,0.0,8734,11503,0.63,664.6,0.09444375799999997,4658,36.1,0.44,9.06,0.012664196999999999,9238.02,26.6,69.54,46.6,0.328,-0.003118568,0.0,28.17,3.15,0.81,20.6,-15.6,67.2,80.1,12.161,-2.7359999999999998,83.6
2022-12-02 19:08:59.999999+00:00,4996,0.14,0.29000000000000004,0.0,8731,11503,0.65,664.4,0.05600253899999999,4651,36.1,0.46,8.950000000000001,0.024748259999999998,9237.61,26.7,69.54,46.6,0.318,-0.003067022,0.0,28.16,3.15,0.811,20.6,-15.6,67.3,80.2,12.481,-2.554,83.6
2022-12-02 19:09:59.999999+00:00,4998,0.1,0.35,0.0,8734,11502,0.69,664.1,0.04278348900000001,4660,36.2,0.46,9.05,0.024339198,9238.51,26.7,69.54,46.6,0.318,-0.003016327,0.0,28.17,3.15,0.8120000000000002,20.6,-15.6,67.3,80.2,12.290999999999999,-2.5789999999999997,83.6
2022-12-02 19:10:59.999999+00:00,5004,0.17,0.36,0.0,8731,11498,0.6599999999999999,664.0,0.042076324,4653,36.2,0.41000000000000003,8.850000000000001,0.023936896999999995,9238.5,26.7,69.54,46.6,0.323,-0.002966471,0.0,28.17,3.16,0.815,20.6,-15.6,67.3,80.2,12.349,-2.5989999999999998,83.7
2022-12-02 19:12:00+00:00,4997,0.21000000000000002,0.3,0.0,8732,11499,0.62,663.7,0.05367423599999999,4656,36.2,0.4,10.950000000000001,0.023541246000000002,9238.66,26.7,69.54,46.6,0.323,-0.0029174379999999996,0.0,28.16,3.16,0.8120000000000002,20.6,-15.7,67.3,80.2,12.449,-2.639,83.7
2022-12-02 19:13:00+00:00,5002,0.18,0.3,0.0,8727,11497,0.59,663.3,0.015906893,4655,36.2,0.42000000000000004,9.57,0.023152133999999994,9239.19,26.6,69.54,46.6,0.321,-0.002869216,0.0,28.16,3.16,0.815,20.7,-16.0,67.3,80.2,12.397,-2.771,83.7
2022-12-02 19:14:00+00:00,5001,0.16,0.33999999999999997,0.0,8722,11494,0.6599999999999999,662.6,0.027937358000000002,4656,36.2,0.38,9.6,0.022769454999999997,9238.969999999996,26.6,69.54,46.6,0.318,-0.002821791,0.0,28.16,3.15,0.811,20.6,-16.3,67.3,80.1,12.416,-3.078,83.7
2022-12-02 19:15:00+00:00,5004,0.11,0.27,0.0,8720,11492,0.64,662.7,0.0028888059999999994,4656,36.2,0.38,9.620000000000001,0.022393099999999996,9239.69,26.6,69.54,46.6,0.319,-0.00277515,0.0,28.18,3.16,0.811,20.6,-16.3,67.3,80.1,12.371,-3.204,83.7
2022-12-02 19:16:00+00:00,5005,0.11,0.36,0.0,8718,11488,0.61,662.0,-0.02174572,4656,36.2,0.42000000000000004,10.21,0.009729578000000001,9238.240000000002,26.5,69.52,46.6,0.323,-0.0027292789999999994,0.0,28.18,3.16,0.811,20.6,-16.7,67.2,80.0,12.343,-3.364,83.7
2022-12-02 19:17:00+00:00,5008,0.09,0.4,0.0,8718,11487,0.5800000000000001,661.7,-0.021386285999999997,4658,36.1,0.43000000000000005,8.739999999999998,0.009568757999999998,9240.369999999999,26.5,69.53,46.5,0.321,-0.002684167,0.0,28.17,3.16,0.815,20.6,-16.5,67.2,80.0,12.04,-3.759,83.7
2022-12-02 19:17:59.999999+00:00,5003,0.18,0.2800000000000001,0.0,8714,11483,0.64,661.5,-0.04561957099999999,4657,36.2,0.39,8.09,-0.002882792,9238.369999999999,26.5,69.52,46.6,0.324,-0.0026398009999999998,0.0,28.18,3.15,0.815,20.6,-16.9,67.1,79.8,12.17,-3.752,83.6
2022-12-02 19:18:59.999999+00:00,5003,0.16,0.29000000000000004,0.0,8710,11480,0.5,660.7,-0.069452305,4654,36.2,0.42000000000000004,9.229999999999999,-0.0028351419999999993,9240.730000000001,26.5,69.51,46.6,0.316,-0.0025961679999999994,0.0,28.17,3.16,0.811,20.6,-17.0,67.1,79.7,12.036,-3.9379999999999997,83.6
2022-12-02 19:20:00+00:00,5002,0.22,0.25,0.0,8712,11479,0.6,660.4,-0.08059772200000001,4656,36.1,0.38,8.9,-0.00278828,9239.34,26.5,69.54,46.6,0.319,-0.0025532559999999994,0.0,28.18,3.16,0.811,20.6,-17.0,67.1,79.7,11.926,-4.156999999999999,83.5
2022-12-02 19:21:00+00:00,4998,0.14,0.25,0.0,8711,11479,0.59,660.7,-0.091558916,4650,36.2,0.37,8.38,-0.015035580999999998,9239.949999999999,26.5,69.52,46.6,0.327,-0.0025110529999999996,0.0,28.2,3.15,0.811,20.6,-16.9,67.0,79.7,11.701,-4.224999999999999,83.5
2022-12-02 19:22:00+00:00,5008,0.1,0.33999999999999997,0.0,8711,11475,0.61,660.2,-0.077752157,4655,36.2,0.4,9.040000000000001,-0.014787059,9238.68,26.5,69.52,46.6,0.32,-0.002469548,0.0,28.17,3.16,0.81,20.6,-17.2,67.0,79.7,12.004,-4.1819999999999995,83.5
2022-12-02 19:23:00+00:00,5003,0.19,0.2800000000000001,0.0,8707,11476,0.55,660.1,-0.064173609,4656,36.2,0.39,9.15,-0.014542644999999998,9239.84,26.5,69.52,46.6,0.321,-0.002428729,0.0,28.18,3.16,0.814,20.6,-17.2,67.0,79.7,11.729,-4.336,83.4
2022-12-02 19:24:00+00:00,5004,0.14,0.31,0.0,8710,11478,0.6,660.8,-0.08769966500000001,4656,36.1,0.39,9.200000000000001,-0.026595658999999997,9237.89,26.5,69.52,46.5,0.319,-0.002388585,0.0,28.2,3.16,0.8120000000000002,20.6,-16.9,66.9,79.6,11.819000000000003,-4.360999999999999,83.4
2022-12-02 19:25:00+00:00,5004,0.15000000000000002,0.25,0.0,8710,11478,0.62,660.8,-0.08625008399999999,4656,36.1,0.37,8.27,-0.013862673,9237.89,26.5,69.52,46.5,0.319,0.09599800300000001,0.0,28.2,3.16,0.8120000000000002,20.6,-16.9,67.0,79.6,11.819000000000003,-4.360999999999999,83.4
2022-12-02 19:25:59.999999+00:00,5002,0.1,0.3,0.0,8716,11478,0.57,660.1,-0.072531074,4657,36.1,0.33999999999999997,9.5,-0.025926926999999992,9239.5,26.5,69.53,46.6,0.32,-0.003935847999999999,0.0,28.17,3.16,0.811,20.6,-17.0,66.9,79.6,11.843,-4.061999999999999,83.3
2022-12-02 19:27:00+00:00,5004,0.1,0.22,0.0,8713,11477,0.61,660.5,-0.07133221400000002,4654,36.1,0.35,9.620000000000001,-0.025498382,9239.949999999999,26.5,69.52,46.6,0.321,-0.003870793,0.0,28.2,3.16,0.811,20.6,-17.0,66.9,79.6,11.742999999999999,-4.203,83.3
2022-12-02 19:28:00+00:00,4996,0.09,0.25,0.0,8708,11476,0.65,660.1,-0.05785978,4646,36.1,0.38,8.780000000000001,-0.012783533,9239.02,26.6,69.51,46.6,0.322,-0.0038068129999999996,0.0,28.17,3.16,0.811,20.6,-17.0,67.0,79.6,11.762,-4.1499999999999995,83.3
2022-12-02 19:28:59.999999+00:00,5009,0.13,0.25,0.0,8710,11474,0.61,659.6,-0.069196809,4647,36.1,0.4,9.47,-0.012572234999999996,9239.4,26.6,69.51,46.6,0.312,-0.0037438900000000006,0.0,28.18,3.16,0.811,20.6,-17.0,67.0,79.7,11.806000000000003,-4.115999999999999,83.3
2022-12-02 19:30:00+00:00,4999,0.11,0.35,0.0,8714,11475,0.62,660.2,-0.055759671,4651,36.1,0.36,9.99,-0.012364429000000001,9238.76,26.6,69.53,46.6,0.325,-0.0036820079999999996,0.0,28.18,3.16,0.811,20.6,-16.9,67.0,79.6,11.709,-4.253,83.3
2022-12-02 19:31:00+00:00,5003,0.12000000000000001,0.35,0.0,8711,11477,0.64,660.1,-0.030251247000000002,4652,36.1,0.36,9.350000000000001,-0.012160059,9238.78,26.5,69.51,46.6,0.326,-0.003621148,0.0,28.2,3.16,0.811,20.6,-17.2,67.0,79.6,11.681000000000001,-4.293,83.3
2022-12-02 19:32:00+00:00,5003,0.1,0.25,0.0,8711,11477,0.63,660.1,-0.06663139199999998,4652,36.1,0.4,8.850000000000001,-0.024252453999999993,9239.04,26.5,69.51,46.6,0.318,-0.003561295,0.0,28.2,3.16,0.81,20.6,-17.0,66.9,79.6,11.8,-4.247,83.3
2022-12-02 19:33:00+00:00,4997,0.12000000000000001,0.16,0.0,8701,11471,0.6,659.4,-0.06553004599999998,4648,36.1,0.32,10.07,-0.023851586999999997,9239.58,26.6,69.52,46.6,0.318,-0.00350243,0.0,28.17,3.15,0.8120000000000002,20.6,-17.3,66.9,79.6,11.824,-4.146999999999999,83.3
2022-12-02 19:34:00+00:00,5007,0.1,0.29000000000000004,0.0,8706,11468,0.6,659.1,-0.076740294,4646,36.1,0.32999999999999996,9.01,-0.023457346,9239.61,26.6,69.51,46.6,0.318,-0.003444539,0.0,28.2,3.16,0.811,20.6,-17.2,66.9,79.6,12.009,-4.355999999999999,83.3
2022-12-02 19:34:59.999999+00:00,4993,0.12000000000000001,0.3,0.0,8709,11476,0.6,659.6,-0.07547185899999999,4647,36.1,0.36,9.89,-0.023069621999999998,9238.61,26.6,69.51,46.5,0.318,-0.003387604,0.0,28.2,3.16,0.8120000000000002,20.6,-17.0,66.9,79.6,11.915000000000001,-4.381,83.3
2022-12-02 19:36:00+00:00,4998,0.08,0.37,0.0,8708,11475,0.59,659.9,-0.025050836999999996,4648,36.1,0.33999999999999997,9.200000000000001,-0.022688305,9238.09,26.6,69.51,46.6,0.323,-0.003331610999999999,0.0,28.18,3.16,0.816,20.6,-17.0,66.9,79.6,11.703000000000001,-4.338,83.3
2022-12-02 19:36:59.999999+00:00,4993,0.09,0.36,0.0,8708,11472,0.6,660.3,-0.049223549999999984,4654,36.1,0.35,9.629999999999999,-0.022313292,9239.27,26.5,69.51,46.6,0.322,-0.0032765429999999994,0.0,28.18,3.15,0.8120000000000002,20.6,-17.4,66.9,79.6,11.79,-4.096,83.3
2022-12-02 19:38:00.000001+00:00,5007,0.1,0.2800000000000001,0.0,8713,11480,0.59,660.8,-0.048409938,4652,36.1,0.36,9.26,-0.021944477,9240.11,26.6,69.5,46.6,0.324,-0.003222385,0.0,28.18,3.16,0.8120000000000002,20.6,-16.9,66.9,79.6,11.869000000000002,-4.101999999999999,83.3
2022-12-02 19:39:00+00:00,4997,0.15000000000000002,0.36,0.0,8723,11490,0.59,662.6,0.0015637799999999999,4654,36.1,0.31,10.030000000000001,-0.021581759,9237.869999999999,26.6,69.51,46.6,0.319,0.09517798499999999,0.0,28.21,3.16,0.811,20.6,-16.3,66.9,79.6,12.16,-4.02,83.3
2022-12-02 19:40:00+00:00,5002,0.16,0.29000000000000004,0.0,8722,11483,0.6,661.6,0.0015379329999999998,4652,36.0,0.38,8.09,-0.021225036,9237.4,26.5,69.51,46.6,0.314,-0.004742312,0.0,28.21,3.16,0.815,20.6,-16.5,66.9,79.7,12.071,-3.5989999999999998,83.3
2022-12-02 19:41:00+00:00,5006,0.12000000000000001,0.23,0.0,8694,11426,0.61,650.9,0.013805901,4596,36.1,0.42000000000000004,8.360000000000001,-0.008580820000000001,9238.9,26.6,69.52,46.6,0.314,-0.004663926999999999,0.0,28.24,3.16,0.815,20.6,-18.0,67.0,79.7,11.495000000000001,-3.562,83.3
2022-12-02 19:41:59.999999+00:00,5008,0.09,0.13,0.229670135,8681,11419,0.6,649.3,-0.06018262600000001,4600,36.1,0.38,9.66,-0.008438988,9239.77,26.6,69.51,46.6,0.322,0.09376027,0.0,28.25,3.16,0.8120000000000002,20.6,-18.4,67.0,79.5,10.367000000000003,-2.657,83.3
2022-12-02 19:43:00+00:00,4998,0.09,0.17,0.3365010479999999,8673,11406,0.6,646.9,-0.120654814,4590,36.1,0.32999999999999996,9.850000000000001,-0.008299500999999999,9235.41,26.6,69.51,46.6,0.318,-0.0061365939999999996,0.0,28.25,3.15,0.8120000000000002,20.6,-18.9,67.0,79.4,10.176,-3.569,83.2
2022-12-02 19:44:00+00:00,4996,0.12000000000000001,0.16,0.33002125799999993,8674,11402,0.48000000000000004,646.7,-0.14324729700000005,4585,36.1,0.32999999999999996,10.41,-0.008162319,9236.11,26.6,69.5,46.6,0.318,-0.006035163,0.0,28.22,3.16,0.811,20.6,-18.8,67.0,79.3,9.314,-4.160999999999999,83.1
2022-12-02 19:44:59.999999+00:00,5000,0.12000000000000001,0.15000000000000002,0.323683531,8674,11401,0.56,646.4,-0.19005312699999996,4579,36.1,0.29000000000000004,9.290000000000001,-0.008027405000000001,9233.9,26.6,69.5,46.6,0.319,-0.005935408,0.0,28.22,3.16,0.8120000000000002,20.6,-19.0,67.0,79.2,9.042,-4.335,83.0
2022-12-02 19:45:59.999999+00:00,5004,0.09,0.15000000000000002,0.255240371,8664,11389,0.52,645.1,-0.186911753,4580,36.1,0.3,9.75,-0.007894719999999997,9235.29,26.6,69.49,46.6,0.32,-0.005837301999999999,0.0,28.22,3.16,0.811,20.6,-19.6,67.0,79.2,8.844000000000001,-4.452,83.0
2022-12-02 19:47:00+00:00,5009,0.07,0.1,0.31738378700000003,8658,11384,0.48000000000000004,643.9,-0.196115691,4575,36.1,0.31,9.15,-0.007764229,9235.26,26.6,69.5,46.5,0.323,0.09260629,0.0,28.22,3.16,0.815,20.6,-19.9,67.0,79.1,8.747000000000002,-4.849,82.9
2022-12-02 19:48:00+00:00,4995,0.12000000000000001,0.12000000000000001,0.26367241900000005,8652,11376,0.56,642.9,-0.21746088600000002,4575,36.1,0.32999999999999996,9.48,-0.019929282999999996,9235.5,26.6,69.5,46.6,0.317,-0.0072715,0.0,28.22,3.15,0.81,20.6,-20.5,66.9,79.1,8.572000000000001,-5.192999999999999,82.8
2022-12-02 19:49:00+00:00,5001,0.09,0.19,0.24923634700000005,8644,11372,0.5800000000000001,642.1,-0.22615987899999998,4576,36.1,0.39,8.84,-0.031893262,9236.99,26.7,69.49,46.6,0.319,-0.007151309999999999,0.0,28.21,3.15,0.815,20.6,-20.7,66.8,79.0,8.412,-5.64,82.8
2022-12-02 19:50:00+00:00,5003,0.09,0.14,0.220869191,8646,11372,0.47000000000000003,642.3,-0.2593018650000001,4581,36.1,0.3,9.960000000000003,-0.03136610099999999,9234.7,26.7,69.49,46.6,0.32,-0.007033105999999999,0.0,28.21,3.16,0.811,20.6,-20.6,66.8,78.9,8.643999999999998,-5.825999999999999,82.7
2022-12-02 19:50:59.999999+00:00,5004,0.09,0.12000000000000001,0.0,8647,11372,0.57,642.5,-0.2550158840000001,4574,36.1,0.39,10.19,-0.04314104099999998,9233.730000000001,26.7,69.48,46.6,0.32,-0.006916857,0.0,28.21,3.15,0.8120000000000002,20.6,-20.6,66.7,78.9,8.626999999999999,-5.735,82.6
2022-12-02 19:52:00+00:00,4999,0.09,0.17,0.0,8647,11374,0.47000000000000003,642.1,-0.27538752200000005,4573,36.1,0.35,10.28,-0.054721354,9234.15,26.7,69.48,46.6,0.317,-0.006802528999999999,0.0,28.21,3.16,0.811,20.6,-20.5,66.6,78.9,8.479000000000001,-5.724999999999999,82.6
2022-12-02 19:53:00+00:00,5000,0.12000000000000001,0.2,0.0,8645,11377,0.49,642.7,-0.283129051,4580,36.1,0.35,10.139999999999999,-0.053816869,9233.92,26.7,69.5,46.6,0.321,0.09165701700000001,0.0,28.2,3.16,0.811,20.6,-20.5,66.6,79.0,8.772,-5.469,82.4
2022-12-02 19:53:59.999999+00:00,5001,0.08,0.13,0.0,8648,11375,0.5,642.9,-0.22927567799999998,4581,36.1,0.43000000000000005,8.52,-0.05292733399999999,9235.0,26.7,69.5,46.6,0.321,-0.008205082,0.0,28.21,3.16,0.8120000000000002,20.6,-20.5,66.6,79.0,9.143999999999998,-5.181,82.4
2022-12-02 19:54:59.999999+00:00,4992,0.1,0.12000000000000001,0.0,8649,11382,0.49,643.8,-0.20089922,4579,36.1,0.38,9.89,-0.052052502,9234.730000000001,26.7,69.49,46.6,0.318,0.09027764699999999,0.0,28.2,3.16,0.811,20.6,-20.2,66.6,79.0,9.392000000000001,-5.075,82.4
2022-12-02 19:56:00+00:00,5001,0.11,0.15000000000000002,0.0,8654,11380,0.45,643.8,-0.17299179500000003,4587,36.0,0.38,8.81,-0.05119213,9233.48,26.8,69.49,46.6,0.324,-0.009561653000000002,0.0,28.22,3.16,0.811,20.6,-20.1,66.6,79.0,9.525,-4.797,82.4
2022-12-02 19:57:00+00:00,4999,0.08,0.17,0.0,8651,11382,0.48000000000000004,643.9,-0.14554565000000003,4579,36.0,0.41000000000000003,9.59,-0.050345978999999985,9234.98,26.8,69.47,46.6,0.324,0.08894349800000001,0.0,28.22,3.15,0.811,20.6,-20.2,66.6,79.1,9.475000000000001,-4.693999999999999,82.4
2022-12-02 19:57:59.999999+00:00,4998,0.13,0.17,0.0,8651,11379,0.51,643.5,-0.15543332500000004,4584,36.0,0.45,9.860000000000001,-0.04951381400000001,9234.11,26.8,69.48,46.6,0.321,0.08747335699999997,0.0,28.21,3.16,0.811,20.6,-20.3,66.6,79.1,9.677000000000001,-4.679,82.4
2022-12-02 19:59:00+00:00,5002,0.1,0.15000000000000002,0.0,8655,11381,0.48000000000000004,643.6,-0.152864179,4586,36.0,0.41000000000000003,9.71,-0.04869540399999999,9234.79,26.8,69.48,46.6,0.32,0.08602751700000001,0.0,28.24,3.16,0.811,20.6,-20.3,66.6,79.1,9.738999999999999,-4.566999999999999,82.4
2022-12-02 20:00:00+00:00,5000,0.14,0.15000000000000002,0.0,8650,11379,0.47000000000000003,643.4,-0.174924275,4585,36.1,0.43000000000000005,8.71,-0.047890522000000005,9234.84,26.8,69.47,46.6,0.322,0.084605574,0.0,28.2,3.16,0.8120000000000002,20.7,-20.3,66.6,79.1,9.867000000000003,-4.512,82.4
2022-12-02 20:01:00+00:00,4998,0.09,0.14,0.0,8654,11384,0.51,644.3,-0.172032965,4581,36.1,0.42000000000000004,9.51,-0.034805553999999995,9235.28,26.8,69.49,46.6,0.325,0.083207135,0.0,28.24,3.16,0.811,20.6,-20.2,66.7,79.1,9.973,-4.610999999999999,82.4
2022-12-02 20:02:00+00:00,4992,0.09,0.11,0.0,8655,11381,0.52,643.8,-0.169189445,4584,36.1,0.39,8.129999999999999,-0.046523643999999996,9233.53,26.8,69.47,46.6,0.322,0.08183181099999999,0.0,28.25,3.16,0.811,20.6,-20.3,66.6,79.2,9.960000000000003,-4.536,82.4
2022-12-02 20:02:59.999999+00:00,4996,0.12000000000000001,0.19,0.0,8655,11386,0.53,644.3,-0.15409953700000004,4585,36.1,0.4,9.26,-0.045754658,9235.11,26.8,69.49,46.6,0.322,0.08047921899999996,0.0,28.22,3.16,0.8120000000000002,20.6,-20.0,66.6,79.2,9.658000000000001,-4.636,82.4
2022-12-02 20:03:59.999999+00:00,5001,0.11,0.16,0.0,8650,11377,0.5,643.3,-0.176139214,4583,36.1,0.41000000000000003,9.11,-0.032704995,9235.469999999996,26.8,69.47,46.6,0.315,0.079148984,0.0,28.24,3.15,0.8120000000000002,20.6,-20.5,66.7,79.2,9.668000000000001,-4.498,82.4
2022-12-02 20:05:00+00:00,4998,0.1,0.1,0.0,8652,11380,0.43000000000000005,643.5,-0.173227822,4583,36.1,0.46,10.18,-0.032164415999999994,9235.869999999999,26.8,69.48,46.6,0.319,0.07784073599999998,0.0,28.259999999999998,3.15,0.8120000000000002,20.6,-20.3,66.7,79.2,9.729999999999999,-4.660999999999999,82.4
2022-12-02 20:06:00+00:00,5007,0.11,0.15000000000000002,0.0,8651,11380,0.5,643.4,-0.18265794099999996,4581,36.1,0.42000000000000004,9.5,-0.03163277300000001,9234.6,26.8,69.48,46.6,0.321,0.07655411199999998,0.0,28.25,3.16,0.8120000000000002,20.6,-20.4,66.7,79.1,10.073,-4.434,82.4
2022-12-02 20:07:00+00:00,5007,0.1,0.12000000000000001,0.0,8654,11381,0.49,643.7,-0.155052024,4585,36.1,0.42000000000000004,8.81,-0.031109917000000004,9235.04,26.8,69.47,46.6,0.321,-0.023058351999999997,0.0,28.259999999999998,3.16,0.8120000000000002,20.6,-20.2,66.7,79.1,10.151,-4.438,82.4
2022-12-02 20:08:00+00:00,4996,0.13,0.14,0.0,8650,11377,0.47000000000000003,643.1,-0.16478256899999996,4582,36.1,0.4,8.55,-0.030595703999999998,9234.94,26.8,69.45,46.6,0.324,-0.022677223000000003,0.0,28.259999999999998,3.15,0.813,20.7,-20.4,66.7,79.1,9.947999999999999,-4.359,82.4
2022-12-02 20:09:00+00:00,5005,0.09,0.11,0.0,8650,11376,0.45,642.8,-0.18664566699999996,4582,36.1,0.48000000000000004,10.68,-0.03008999,9235.84,26.8,69.47,46.6,0.318,0.07604471499999998,0.0,28.25,3.16,0.8120000000000002,20.6,-20.4,66.7,79.1,10.029,-4.477,82.4
2022-12-02 20:10:00.000001+00:00,5008,0.09,0.14,0.0,8647,11378,0.49,643.1,-0.14668045,4583,36.1,0.38,10.13,-0.041886023,9235.53,26.8,69.46,46.6,0.321,-0.02355933,0.0,28.259999999999998,3.16,0.8120000000000002,20.6,-20.4,66.6,79.1,9.905000000000001,-4.613999999999999,82.4
2022-12-02 20:11:00+00:00,5000,0.11,0.15000000000000002,0.0,8647,11374,0.51,643.0,-0.181136145,4574,36.1,0.44,10.3,-0.041193692000000004,9235.379999999996,26.8,69.48,46.6,0.317,0.075177188,0.0,28.279999999999998,3.16,0.8120000000000002,20.6,-20.4,66.6,79.1,9.574000000000002,-4.649,82.4
2022-12-02 20:11:59.999999+00:00,4998,0.18,0.16,0.0,8652,11374,0.54,642.4,-0.178142159,4575,36.1,0.43000000000000005,10.7,-0.04051280399999999,9234.27,26.8,69.46,46.6,0.317,-0.024412517999999998,0.0,28.259999999999998,3.15,0.811,20.6,-20.4,66.6,79.1,9.403,-4.541,82.4
2022-12-02 20:13:00+00:00,5005,0.17,0.13,0.0,8653,11375,0.53,642.8,-0.17519766,4573,36.1,0.44,10.06,-0.039843171000000004,9235.49,26.8,69.46,46.6,0.32,-0.024009005,0.0,28.279999999999998,3.16,0.811,20.6,-20.3,66.6,79.1,9.469000000000001,-4.512,82.3
2022-12-02 20:13:59.999999+00:00,4995,0.13,0.15000000000000002,0.0,8650,11374,0.53,642.6,-0.172301831,4577,36.1,0.38,9.83,-0.039184606,9234.56,26.8,69.46,46.6,0.32,-0.023612161999999996,0.0,28.25,3.16,0.8120000000000002,20.7,-20.5,66.6,79.1,9.57,-4.397999999999999,82.3
2022-12-02 20:15:00+00:00,4997,0.09,0.13,0.0,8652,11374,0.5,642.8,-0.18174725500000002,4575,36.1,0.43000000000000005,9.99,-0.03853692699999999,9235.49,26.8,69.46,46.6,0.317,0.075125229,0.0,28.259999999999998,3.16,0.811,20.6,-20.3,66.6,79.1,9.575000000000001,-4.355999999999999,82.3
2022-12-02 20:16:00+00:00,4996,0.1,0.19,0.0,8651,11373,0.47000000000000003,642.6,-0.15415639200000003,4573,36.1,0.4,9.8,-0.037899953,9235.16,26.8,69.46,46.6,0.32,0.07388349,0.0,28.25,3.15,0.8120000000000002,20.6,-20.5,66.6,79.0,9.575000000000001,-4.419,82.3
2022-12-02 20:17:00+00:00,5002,0.09,0.16,0.0,8649,11373,0.48000000000000004,642.4,-0.15160835200000003,4576,36.1,0.35,9.83,-0.037273508000000004,9235.11,26.8,69.45,46.6,0.323,0.072662275,0.0,28.259999999999998,3.16,0.8120000000000002,20.6,-20.5,66.6,79.0,9.551,-4.498,82.3
2022-12-02 20:18:00+00:00,5003,0.13,0.19,0.0,8649,11372,0.52,642.5,-0.161395817,4579,36.1,0.37,9.3,-0.036657416,9235.25,26.8,69.46,46.6,0.325,0.071461246,0.0,28.259999999999998,3.16,0.8120000000000002,20.6,-20.5,66.6,79.0,9.411000000000001,-4.59,82.3
2022-12-02 20:19:00+00:00,5003,0.06,0.17,0.0,8641,11365,0.53,641.4,-0.17102150599999996,4569,36.1,0.39,9.65,-0.036051509,9235.61,26.8,69.45,46.6,0.318,0.07028006799999999,0.0,28.25,3.15,0.8120000000000002,20.6,-20.9,66.6,79.0,9.485000000000001,-4.536,82.3
2022-12-02 20:19:59.999999+00:00,5004,0.1,0.2,0.0,8643,11366,0.49,641.4,-0.20507486999999996,4568,36.1,0.42000000000000004,10.8,-0.035455616,9236.77,26.8,69.45,46.5,0.324,-0.029228692999999993,0.0,28.259999999999998,3.16,0.8120000000000002,20.6,-20.9,66.6,78.9,9.387,-4.8,82.3
2022-12-02 20:21:00+00:00,4993,0.1,0.16,0.0,8640,11364,0.42000000000000004,640.7,-0.18939181399999996,4571,36.1,0.43000000000000005,9.460000000000003,-0.034869573,9234.719999999998,26.8,69.45,46.6,0.323,0.06960153299999998,0.0,28.25,3.16,0.811,20.6,-21.0,66.6,78.9,9.485000000000001,-4.95,82.2
2022-12-02 20:22:00+00:00,5004,0.1,0.16,0.0,8642,11368,0.42000000000000004,641.9,-0.186261371,4578,36.1,0.43000000000000005,9.460000000000003,-0.034293216,9235.18,26.8,69.44000000000001,46.6,0.318,0.06845109499999999,0.0,28.279999999999998,3.15,0.811,20.6,-20.8,66.6,78.9,9.254000000000001,-5.060999999999999,82.2
2022-12-02 20:23:00+00:00,5002,0.11,0.09,0.0,8641,11361,0.54,641.1,-0.18318267099999994,4573,36.0,0.36,10.93,-0.04601977499999999,9234.62,26.8,69.43,46.6,0.317,0.067319671,0.0,28.25,3.16,0.8120000000000002,20.6,-21.0,66.5,78.9,9.665000000000001,-4.759,82.2
2022-12-02 20:24:00+00:00,4998,0.09,0.15000000000000002,0.0,8638,11362,0.49,640.8,-0.11868791599999998,4577,36.0,0.41000000000000003,9.38,-0.04525911699999999,9235.69,26.8,69.44000000000001,46.6,0.316,0.06620695,0.0,28.259999999999998,3.16,0.8120000000000002,20.6,-21.0,66.5,78.9,9.4,-4.934,82.2
2022-12-02 20:25:00.000001+00:00,4992,0.08,0.07,0.0,8642,11363,0.51,640.8,-0.178193074,4569,36.0,0.36,9.43,-0.05680442100000001,9236.5,26.8,69.44000000000001,46.6,0.32,0.06511262000000001,0.0,28.279999999999998,3.16,0.8120000000000002,20.6,-21.0,66.4,78.8,9.466000000000003,-4.947,82.2
2022-12-02 20:26:00+00:00,5003,0.08,0.07,0.0,8636,11360,0.51,640.6,-0.17524773400000002,4577,36.1,0.36,9.43,-0.043572116999999994,9234.6,26.8,69.45,46.6,0.322,0.064036378,0.0,28.279999999999998,3.16,0.811,20.6,-21.2,66.5,78.8,9.371,-5.1659999999999995,82.2
2022-12-02 20:26:59.999999+00:00,5007,0.13,0.13,0.0,8633,11357,0.56,639.6,-0.135470912,4576,36.1,0.45,9.82,-0.055145304999999985,9236.379999999996,26.8,69.45,46.6,0.317,-0.03536918199999999,0.0,28.259999999999998,3.16,0.813,20.6,-21.5,66.4,78.7,9.283000000000001,-5.304999999999999,82.2
2022-12-02 20:28:00+00:00,4995,0.11,0.12000000000000001,0.0,8633,11358,0.55,640.3,-0.145525112,4578,36.1,0.41000000000000003,8.4,-0.054233812,9236.44,26.8,69.45,46.6,0.318,0.06356254,0.0,28.29,3.15,0.8120000000000002,20.6,-21.4,66.4,78.7,9.489,-5.403,82.2
2022-12-02 20:29:00+00:00,5006,0.09,0.19,0.0,8631,11357,0.52,640.2,-0.14311973800000002,4580,36.1,0.33999999999999997,9.229999999999999,-0.065630774,9235.879999999996,26.7,69.43,46.6,0.316,-0.035835188000000004,0.0,28.279999999999998,3.16,0.8120000000000002,20.6,-21.4,66.3,78.7,9.665000000000001,-5.243,82.2
2022-12-02 20:29:59.999999+00:00,5000,0.13,0.14,0.0,8631,11357,0.53,640.0,-0.128460734,4577,36.1,0.36,9.040000000000001,-0.064545968,9235.209999999997,26.7,69.43,46.6,0.323,0.06310423699999998,0.0,28.279999999999998,3.16,0.813,20.6,-21.4,66.3,78.7,9.666,-5.389,82.2
2022-12-02 20:31:00+00:00,4999,0.12000000000000001,0.12000000000000001,0.0,8633,11355,0.54,639.7,-0.16321758200000003,4569,36.0,0.38,8.67,-0.06347909199999999,9234.740000000002,26.7,69.44000000000001,46.5,0.317,0.062061192,0.0,28.279999999999998,3.16,0.8120000000000002,20.6,-21.4,66.3,78.7,9.679,-5.456,82.1
2022-12-02 20:32:00+00:00,5000,0.09,0.12000000000000001,0.0,8634,11354,0.49,639.6,-0.13593299300000003,4573,36.0,0.43000000000000005,8.47,-0.074723239,9235.01,26.7,69.43,46.6,0.316,0.061035386999999997,0.0,28.279999999999998,3.16,0.813,20.6,-21.5,66.2,78.7,9.303,-5.333,82.1
2022-12-02 20:33:00.000001+00:00,5006,0.13,0.12000000000000001,0.0,8630,11351,0.52,638.7,-0.13368616699999997,4572,35.9,0.39,8.56,-0.07348814499999999,9235.469999999996,26.7,69.43,46.6,0.319,0.060026537,0.0,28.279999999999998,3.16,0.813,20.6,-21.6,66.2,78.7,9.316,-5.23,82.1
2022-12-02 20:34:00.000001+00:00,5003,0.13,0.14,0.0,8630,11350,0.49,639.1,-0.168356644,4572,35.9,0.43000000000000005,9.05,-0.08456685300000004,9236.1,26.7,69.43,46.5,0.319,0.05903436299999999,0.0,28.279999999999998,3.16,0.8120000000000002,20.6,-21.7,66.1,78.6,9.263000000000003,-5.39,82.1
2022-12-02 20:35:00+00:00,5005,0.11,0.15000000000000002,0.0,8627,11352,0.57,639.0,-0.19016066599999998,4577,36.0,0.41000000000000003,7.96,-0.07087566499999999,9235.61,26.7,69.43,46.6,0.319,0.058058588999999994,0.0,28.29,3.16,0.8120000000000002,20.6,-21.8,66.2,78.6,9.385000000000002,-5.408,82.0
2022-12-02 20:36:00+00:00,5005,0.12000000000000001,0.14,0.0,8634,11359,0.51,640.3,-0.187017515,4571,36.0,0.44,9.16,-0.069704167,9234.949999999999,26.7,69.43,46.6,0.315,0.05709894299999999,0.0,28.279999999999998,3.17,0.8120000000000002,20.6,-21.1,66.2,78.6,9.47,-5.557999999999999,82.0
2022-12-02 20:37:00+00:00,5010,0.1,0.11,0.0,8634,11356,0.49,640.4,-0.15933953900000003,4571,36.0,0.37,8.540000000000001,-0.08084542,9235.03,26.7,69.43,46.6,0.318,0.05615515799999998,0.0,28.29,3.17,0.813,20.6,-21.2,66.1,78.6,9.238999999999999,-5.341,82.0
2022-12-02 20:38:00+00:00,4998,0.11,0.1,0.0,8634,11358,0.52,640.0,-0.156705828,4571,36.0,0.42000000000000004,9.16,-0.079509132,9235.03,26.6,69.42,46.6,0.319,0.05522697399999999,0.0,28.29,3.16,0.816,20.6,-21.2,66.1,78.7,9.238999999999999,-5.341,82.0
2022-12-02 20:39:00+00:00,5000,0.09,0.16,0.0,8635,11360,0.53,640.5,-0.14182226,4568,36.0,0.42000000000000004,9.08,-0.078194932,9234.0,26.6,69.41000000000001,46.6,0.314,0.054314131000000015,0.0,28.29,3.16,0.8120000000000002,20.6,-21.3,66.1,78.6,9.151000000000002,-5.29,82.0
2022-12-02 20:39:59.999999+00:00,4999,0.13,0.19,0.0,8632,11356,0.51,640.3,-0.13947809100000003,4574,36.0,0.4,8.5,-0.076902453,9235.77,26.6,69.44000000000001,46.6,0.324,0.05341637700000001,0.0,28.259999999999998,3.16,0.815,20.6,-21.2,66.1,78.6,9.110999999999999,-5.258,82.0
2022-12-02 20:41:00+00:00,5003,0.09,0.13,0.0,8637,11358,0.51,640.4,-0.11258589099999998,4569,36.0,0.44,9.94,-0.075631339,9235.66,26.6,69.42,46.6,0.318,0.052533462,0.0,28.279999999999998,3.16,0.8120000000000002,20.6,-21.1,66.1,78.6,9.257000000000001,-5.144999999999999,82.0
2022-12-02 20:42:00+00:00,5000,0.12000000000000001,0.16,0.0,8633,11356,0.52,640.0,-0.110724967,4575,36.0,0.4,8.92,-0.062087844999999996,9234.83,26.6,69.42,46.6,0.318,0.051665139999999984,0.0,28.259999999999998,3.16,0.816,20.6,-21.4,66.2,78.6,9.343,-5.084,82.0
2022-12-02 20:42:59.999999+00:00,4999,0.12000000000000001,0.18,0.0,8632,11357,0.52,640.2,-0.13348157899999996,4575,36.0,0.42000000000000004,8.700000000000001,-0.0610616,9236.379999999996,26.6,69.41000000000001,46.5,0.32,0.050811171,0.0,28.279999999999998,3.16,0.813,20.6,-21.4,66.2,78.7,9.165000000000001,-5.355999999999999,82.0
2022-12-02 20:44:00+00:00,5003,0.09,0.09,0.0,8632,11352,0.5,639.3,-0.131275272,4572,36.0,0.39,9.34,-0.07234570599999998,9235.07,26.6,69.41000000000001,46.6,0.309,0.049971316999999994,0.0,28.29,3.16,0.811,20.6,-21.5,66.1,78.6,9.296999999999999,-5.319,82.0
2022-12-02 20:45:00+00:00,5007,0.15000000000000002,0.12000000000000001,0.0,8627,11348,0.52,639.0,-0.141398821,4578,36.0,0.43000000000000005,9.02,-0.07114990899999998,9236.549999999997,26.7,69.4,46.6,0.324,0.049145344999999986,0.0,28.29,3.16,0.816,20.6,-21.8,66.1,78.6,9.161000000000001,-5.415,82.0
2022-12-02 20:46:00+00:00,5003,0.07,0.13,0.0,8629,11351,0.51,638.9,-0.163648428,4577,36.0,0.38,8.219999999999999,-0.069973877,9236.28,26.6,69.4,46.6,0.323,0.048333025,0.0,28.279999999999998,3.16,0.811,20.6,-21.8,66.1,78.6,9.069,-5.603999999999999,82.0
2022-12-02 20:47:00+00:00,4996,0.1,0.16,0.0,8624,11349,0.54,638.5,-0.148650107,4573,36.0,0.43000000000000005,9.040000000000001,-0.06881728400000002,9234.9,26.7,69.41000000000001,46.6,0.323,0.047534132,0.0,28.3,3.16,0.8120000000000002,20.6,-21.9,66.1,78.6,9.290999999999999,-5.542,82.0
2022-12-02 20:47:59.999999+00:00,4999,0.13,0.16,0.0,8625,11349,0.49,638.8,-0.15848646800000002,4576,36.0,0.41000000000000003,8.38,-0.06767980899999997,9236.65,26.7,69.41000000000001,46.6,0.318,-0.051598664,0.0,28.29,3.15,0.8120000000000002,20.6,-21.9,66.1,78.6,9.182,-5.707,82.0
2022-12-02 20:48:59.999999+00:00,5004,0.08,0.15000000000000002,0.0,8619,11342,0.54,637.6,-0.15586685700000003,4568,36.0,0.4,8.280000000000001,-0.06656113399999998,9235.369999999999,26.8,69.4,46.6,0.327,-0.05074579299999999,0.0,28.29,3.16,0.813,20.6,-22.1,66.1,78.5,9.350000000000001,-5.767999999999999,81.9
2022-12-02 20:50:00+00:00,5001,0.08,0.12000000000000001,0.0,8624,11343,0.53,637.9,-0.177877323,4577,36.0,0.39,9.02,-0.06546095,9235.949999999999,26.8,69.39,46.6,0.315,-0.04990702,0.0,28.279999999999998,3.17,0.8120000000000002,20.6,-22.0,66.1,78.5,9.242,-5.904,81.9
2022-12-02 20:51:00+00:00,5002,0.13,0.14,0.0,8622,11344,0.52,638.4,-0.150350425,4574,36.0,0.4,8.460000000000003,-0.064378951,9236.59,26.8,69.39,46.6,0.324,-0.04908211,0.0,28.29,3.16,0.8120000000000002,20.6,-21.9,66.1,78.6,9.355000000000002,-5.698999999999999,81.9
2022-12-02 20:51:59.999999+00:00,5002,0.15000000000000002,0.09,0.0,8622,11344,0.48000000000000004,638.4,-0.14786529400000004,4574,36.0,0.36,9.450000000000001,-0.075608224,9236.59,26.8,69.39,46.6,0.324,0.050076272,0.0,28.29,3.16,0.811,20.6,-22.0,66.0,78.5,9.355000000000002,-5.698999999999999,81.9
2022-12-02 20:53:00+00:00,5003,0.13,0.15000000000000002,0.0,8623,11343,0.48000000000000004,638.4,-0.13312785099999996,4578,36.0,0.38,8.4,-0.074358502,9235.44,26.8,69.39,46.6,0.323,-0.049098543,0.0,28.29,3.17,0.8120000000000002,20.6,-21.9,66.0,78.5,9.383000000000003,-5.717,81.9
2022-12-02 20:54:00+00:00,5003,0.13,0.15000000000000002,0.0,8620,11343,0.49,638.0,-0.13092739000000003,4574,36.0,0.41000000000000003,8.56,-0.073129436,9235.6,26.8,69.39,46.6,0.32,0.05006011099999999,0.0,28.279999999999998,3.16,0.811,20.6,-22.1,66.0,78.5,9.556000000000003,-5.482,81.8
2022-12-02 20:55:00+00:00,5002,0.09,0.18,0.0,8622,11342,0.51,638.0,-0.14105669,4576,36.0,0.43000000000000005,8.47,-0.071920685,9236.76,26.7,69.38,46.6,0.328,0.049232671000000006,0.0,28.279999999999998,3.16,0.811,20.6,-22.0,66.0,78.5,9.403,-5.716,81.9
2022-12-02 20:56:00+00:00,5004,0.09,0.17,0.0,8623,11342,0.52,638.2,-0.138725174,4572,36.0,0.39,8.89,-0.07073191299999998,9235.17,26.7,69.4,46.6,0.321,0.048418908,0.0,28.29,3.16,0.815,20.6,-22.0,66.0,78.5,9.427999999999999,-5.7219999999999995,81.8
2022-12-02 20:57:00+00:00,5005,0.14,0.13,0.0,8621,11344,0.47000000000000003,638.3,-0.124138808,4575,36.0,0.42000000000000004,8.960000000000003,-0.06956279,9236.359999999999,26.7,69.39,46.6,0.319,-0.050728511999999996,0.0,28.29,3.16,0.8120000000000002,20.6,-21.9,66.0,78.5,9.262,-5.6659999999999995,81.8
2022-12-02 20:58:00+00:00,5005,0.08,0.11,0.0,8624,11343,0.47000000000000003,638.3,-0.09750015000000001,4573,36.0,0.38,8.3,-0.06841299200000002,9235.459999999995,26.6,69.4,46.6,0.324,0.04845708299999999,0.0,28.279999999999998,3.16,0.811,20.6,-22.0,66.0,78.4,9.326,-5.71,81.8
2022-12-02 20:58:59.999999+00:00,5006,0.09,0.16,0.0,8621,11343,0.52,638.1,-0.13276874200000002,4573,36.0,0.39,9.21,-0.067282199,9236.61,26.7,69.39,46.6,0.322,0.04765613999999999,0.0,28.29,3.17,0.813,20.6,-22.2,66.0,78.5,9.404000000000003,-5.52,81.8
2022-12-02 21:00:00+00:00,5000,0.08,0.2,0.0,8615,11338,0.45,637.2,-0.11828082899999999,4573,36.0,0.4,8.05,-0.06617009599999998,9236.93,26.7,69.39,46.5,0.315,-0.051478672999999996,0.0,28.29,3.17,0.8120000000000002,20.6,-22.3,66.0,78.4,9.301,-5.754999999999999,81.8
2022-12-02 21:01:00+00:00,5007,0.14,0.13,0.0,8618,11335,0.5,636.5,-0.11632577400000003,4578,36.0,0.4,8.139999999999999,-0.065076376,9236.76,26.7,69.39,46.5,0.317,0.047719322,0.0,28.279999999999998,3.16,0.8120000000000002,20.6,-22.5,66.0,78.5,9.557,-5.786,81.8
2022-12-02 21:02:00+00:00,4999,0.06,0.12000000000000001,0.0,8612,11331,0.57,636.0,-0.15128319900000003,4572,36.0,0.38,8.739999999999998,-0.064000733,9238.12,26.7,69.39,46.6,0.313,0.046930572999999996,0.0,28.279999999999998,3.16,0.8120000000000002,20.6,-22.7,66.0,78.4,9.245999999999999,-5.979000000000001,81.8
2022-12-02 21:02:59.999999+00:00,5007,0.13,0.19,0.0,8609,11323,0.55,634.4,-0.161076039,4561,36.0,0.41000000000000003,8.57,-0.075236258,9239.03,26.7,69.36999999999999,46.6,0.322,0.046154860999999985,0.0,28.29,3.17,0.8120000000000002,20.6,-23.0,65.9,78.4,9.187999999999999,-6.202,81.8
2022-12-02 21:04:00+00:00,5004,0.11,0.13,0.0,8611,11331,0.51,635.8,-0.15841362500000003,4570,36.0,0.33999999999999997,8.639999999999999,-0.07399268400000002,9238.640000000001,26.7,69.38,46.6,0.324,0.04539197100000001,0.0,28.3,3.17,0.811,20.6,-22.8,65.9,78.3,8.94,-6.535,81.8
2022-12-02 21:04:59.999999+00:00,5007,0.11,0.13,0.0,8613,11333,0.44,636.2,-0.18038199499999996,4569,35.9,0.42000000000000004,8.5,-0.085063053,9238.32,26.8,69.38,46.6,0.324,0.04464168999999999,0.0,28.29,3.17,0.8120000000000002,20.6,-22.7,65.8,78.3,8.916,-6.132,81.8
2022-12-02 21:05:59.999999+00:00,4999,0.14,0.12000000000000001,0.0,8609,11323,0.54,635.1,-0.17740047400000003,4568,35.9,0.4,8.200000000000001,-0.08365705200000002,9238.32,26.8,69.39,46.6,0.32,0.043903811,0.0,28.279999999999998,3.17,0.815,20.6,-22.8,65.8,78.2,8.916,-6.132,81.7
2022-12-02 21:06:59.999999+00:00,4999,0.12000000000000001,0.15000000000000002,0.0,8609,11323,0.53,635.1,-0.16217484699999998,4568,36.0,0.39,9.229999999999999,-0.09456767900000002,9240.5,26.8,69.39,46.6,0.32,0.04317812799999999,0.0,28.279999999999998,3.17,0.8120000000000002,20.6,-23.0,65.7,78.2,8.633000000000001,-6.223999999999999,81.7
2022-12-02 21:08:00.000001+00:00,4991,0.15000000000000002,0.11,0.0,8601,11318,0.5800000000000001,633.9,-0.15949427100000002,4568,36.0,0.43000000000000005,7.96,-0.093004577,9239.140000000001,26.8,69.38,46.6,0.317,0.042464440000000006,0.0,28.29,3.17,0.8120000000000002,20.6,-23.4,65.7,78.2,8.572000000000001,-6.477,81.7
2022-12-02 21:09:00+00:00,5001,0.06,0.1,0.0,8603,11316,0.57,633.9,-0.16915139,4568,35.9,0.38,8.81,-0.091467311,9238.629999999997,26.8,69.38,46.6,0.317,0.041762549,0.0,28.29,3.16,0.813,20.6,-23.3,65.7,78.2,8.731000000000002,-6.685999999999999,81.6
2022-12-02 21:10:00+00:00,5001,0.11,0.13,0.0,8610,11321,0.53,635.2,-0.203235665,4567,35.9,0.41000000000000003,9.11,-0.08995545500000002,9238.640000000001,26.8,69.36999999999999,46.6,0.319,0.04107225799999999,0.0,28.29,3.16,0.8120000000000002,20.6,-22.9,65.7,78.2,8.725,-6.606999999999999,81.6
2022-12-02 21:11:00.000001+00:00,4998,0.08,0.12000000000000001,0.0,8609,11324,0.53,635.2,-0.187583009,4569,35.9,0.45,7.73,-0.088468588,9237.06,26.8,69.38,46.6,0.315,0.040393378,0.0,28.29,3.16,0.811,20.6,-22.9,65.7,78.1,8.855000000000002,-6.276,81.6
2022-12-02 21:11:59.999999+00:00,4998,0.11,0.09,0.0,8609,11324,0.56,635.3,-0.15989568700000004,4568,35.9,0.42000000000000004,8.08,-0.08700629700000001,9238.4,26.8,69.38,46.6,0.32,0.039725719,0.0,28.279999999999998,3.16,0.815,20.6,-22.9,65.7,78.1,8.927000000000001,-6.106999999999999,81.5
2022-12-02 21:13:00+00:00,4994,0.09,0.13,0.0,8617,11329,0.49,636.1,-0.15725278300000003,4569,35.9,0.35,8.0,-0.09786156500000001,9238.31,26.7,69.36,46.6,0.319,0.039069096,0.0,28.29,3.16,0.8120000000000002,20.6,-22.7,65.6,78.1,8.876000000000003,-6.149,81.5
2022-12-02 21:14:00+00:00,4994,0.12000000000000001,0.15000000000000002,0.0,8617,11329,0.55,636.0,-0.16694695200000004,4572,35.9,0.37,8.280000000000001,-0.08395063000000003,9237.359999999999,26.7,69.36,46.6,0.317,0.038423325,0.0,28.3,3.16,0.8120000000000002,20.6,-22.5,65.7,78.1,9.075000000000001,-5.726999999999999,81.5
2022-12-02 21:14:59.999999+00:00,5002,0.08,0.11,0.0,8621,11335,0.56,637.0,-0.15189411000000003,4565,35.9,0.4,9.08,-0.08256301599999999,9238.03,26.7,69.36,46.6,0.317,0.037788229,0.0,28.3,3.16,0.8120000000000002,20.6,-22.4,65.7,78.2,9.297999999999998,-5.54,81.5
2022-12-02 21:16:00+00:00,4993,0.1,0.16,0.0,8623,11335,0.54,636.9,-0.17397024000000003,4563,35.9,0.36,8.56,-0.08119833800000001,9237.56,26.8,69.36,46.6,0.317,0.03716363,0.0,28.279999999999998,3.16,0.8120000000000002,20.6,-22.2,65.7,78.2,9.605,-5.082,81.5
2022-12-02 21:17:00+00:00,5001,0.09,0.22,0.0,8624,11338,0.52,637.4,-0.146507922,4562,35.9,0.38,7.819999999999999,-0.079856217,9238.0,26.8,69.36,46.6,0.325,0.036549355,0.0,28.29,3.17,0.8120000000000002,20.6,-22.1,65.7,78.2,9.81,-4.763999999999999,81.5
2022-12-02 21:18:00+00:00,5006,0.1,0.09,0.0,8623,11340,0.48000000000000004,637.6,-0.131792915,4567,35.9,0.43000000000000005,8.39,-0.07853628,9237.48,26.8,69.36,46.6,0.327,0.035945234,0.0,28.279999999999998,3.16,0.8120000000000002,20.6,-21.9,65.7,78.2,10.257,-4.356999999999999,81.5
2022-12-02 21:19:00.000001+00:00,5006,0.13,0.16,0.0,8620,11335,0.47000000000000003,636.7,-0.12961451999999998,4562,35.80000000000001,0.35,8.88,-0.07723815899999999,9236.640000000001,26.7,69.35,46.5,0.318,0.035351098,0.0,28.279999999999998,3.16,0.8120000000000002,20.6,-22.2,65.7,78.2,10.411,-4.121999999999999,81.5
2022-12-02 21:20:00+00:00,5006,0.12000000000000001,0.1,0.0,8620,11335,0.53,636.7,-0.11517874200000001,4562,35.80000000000001,0.41000000000000003,9.3,-0.075961495,9239.81,26.7,69.35,46.5,0.316,0.034766781999999996,0.0,28.279999999999998,3.16,0.8120000000000002,20.6,-22.2,65.7,78.2,10.047999999999998,-4.317999999999999,81.6
2022-12-02 21:20:59.999999+00:00,5002,0.09,0.21000000000000002,0.0,8621,11335,0.51,637.0,-0.12556835000000002,4570,35.80000000000001,0.42000000000000004,8.719999999999999,-0.074705933,9238.719999999998,26.8,69.35,46.6,0.316,0.03419212499999999,0.0,28.279999999999998,3.16,0.8120000000000002,20.6,-22.2,65.7,78.2,9.627999999999998,-4.873,81.6
2022-12-02 21:22:00+00:00,4997,0.1,0.14,0.0,8623,11338,0.49,637.7,-0.09890606300000002,4574,35.9,0.45,9.850000000000001,-0.061177735999999996,9237.89,26.8,69.36,46.5,0.321,0.033626964999999995,0.0,28.279999999999998,3.16,0.816,20.6,-22.0,65.8,78.2,9.620000000000001,-4.959,81.5
2022-12-02 21:23:00+00:00,5001,0.11,0.23,0.0,8625,11340,0.56,638.3,-0.09727125199999997,4570,35.80000000000001,0.44,9.32,-0.06016653400000001,9237.59,26.8,69.36,46.6,0.319,0.033071148,0.0,28.29,3.16,0.816,20.6,-22.0,65.8,78.3,9.655000000000001,-4.764999999999999,81.6
2022-12-02 21:23:59.999999+00:00,5006,0.07,0.11,0.0,8626,11339,0.53,637.7,-0.095663463,4568,35.9,0.39,9.460000000000003,-0.05917204599999999,9237.5,26.8,69.36,46.5,0.321,0.032524517,0.0,28.279999999999998,3.17,0.811,20.6,-21.9,65.8,78.3,9.493,-4.81,81.6
2022-12-02 21:24:59.999999+00:00,4998,0.12000000000000001,0.2,0.0,8624,11341,0.51,637.5,-0.08178886,4570,35.9,0.38,9.81,-0.058193995000000005,9238.2,26.8,69.35,46.6,0.316,0.031986922,0.0,28.279999999999998,3.16,0.815,20.6,-22.0,65.8,78.2,9.844000000000001,-4.491,81.6
2022-12-02 21:26:00+00:00,4998,0.08,0.15000000000000002,0.0,8624,11344,0.51,637.8,-0.09273036700000002,4575,35.9,0.44,8.09,-0.057232111,9238.15,26.7,69.35,46.6,0.319,0.031458212,0.0,28.279999999999998,3.16,0.816,20.6,-22.0,65.8,78.2,9.738999999999999,-4.776,81.6
2022-12-02 21:26:59.999999+00:00,4998,0.12000000000000001,0.11,0.0,8624,11344,0.52,637.5,-0.07890424499999998,4566,35.9,0.38,9.239999999999998,-0.043992738,9239.209999999997,26.8,69.35,46.6,0.323,0.030938242,0.0,28.279999999999998,3.16,0.8120000000000002,20.6,-22.0,65.9,78.3,9.937000000000001,-4.610999999999999,81.6
2022-12-02 21:27:59.999999+00:00,5000,0.13,0.13,0.0,8622,11340,0.47000000000000003,637.5,-0.114480208,4566,35.9,0.41000000000000003,9.59,-0.05555897299999999,9237.65,26.8,69.35,46.6,0.323,0.030426865999999997,0.0,28.279999999999998,3.16,0.813,20.6,-22.1,65.8,78.3,10.158000000000001,-4.585,81.7
2022-12-02 21:29:00+00:00,4993,0.12000000000000001,0.16,0.0,8626,11344,0.53,638.0,-0.075707808,4571,35.9,0.38,8.33,-0.054640642999999996,9238.67,26.8,69.35,46.6,0.318,0.029923942999999998,0.0,28.279999999999998,3.17,0.8120000000000002,20.6,-22.1,65.8,78.3,10.066000000000003,-4.601999999999999,81.6
2022-12-02 21:30:00+00:00,4998,0.11,0.14,0.0,8622,11338,0.5,637.8,-0.08674982699999999,4575,35.9,0.42000000000000004,9.290000000000001,-0.04144410399999999,9237.57,26.8,69.35,46.6,0.321,0.029429331999999996,0.0,28.279999999999998,3.17,0.8120000000000002,20.6,-22.3,65.9,78.3,10.059000000000001,-4.653999999999999,81.6
2022-12-02 21:31:00+00:00,5007,0.09,0.12000000000000001,0.0,8623,11341,0.51,637.8,-0.085315946,4575,35.9,0.37,8.76,-0.04075907699999999,9239.34,26.8,69.34,46.6,0.319,0.028942896999999995,0.0,28.279999999999998,3.17,0.815,20.6,-22.1,65.9,78.3,9.92,-4.79,81.7
2022-12-02 21:32:00+00:00,5007,0.14,0.12000000000000001,0.0,8629,11342,0.48000000000000004,638.0,-0.08390576500000002,4570,35.9,0.36,8.98,-0.040085372999999994,9237.52,26.8,69.35,46.6,0.319,0.028464501999999992,0.0,28.279999999999998,3.17,0.811,20.6,-21.9,65.9,78.3,10.011000000000001,-4.689,81.7
2022-12-02 21:32:59.999999+00:00,5005,0.09,0.14,0.0,8630,11346,0.49,638.1,-0.08251889300000002,4568,35.9,0.44,9.6,-0.03942280499999999,9238.0,26.8,69.35,46.6,0.318,0.027994013999999998,0.0,28.29,3.16,0.8120000000000002,20.6,-21.9,65.9,78.3,10.207,-4.367999999999999,81.7
2022-12-02 21:33:59.999999+00:00,4998,0.14,0.1,0.0,8633,11348,0.5800000000000001,638.7,-0.081154944,4571,35.9,0.47000000000000003,8.61,-0.0264778,9237.52,26.8,69.34,46.6,0.321,0.027531303000000003,0.0,28.259999999999998,3.16,0.8120000000000002,20.6,-21.5,66.0,78.4,10.284,-4.26,81.7
2022-12-02 21:35:00+00:00,4999,0.16,0.11,0.0,8629,11350,0.55,638.8,-0.07981354,4568,35.9,0.44,8.51,-0.038333539,9238.42,26.8,69.35,46.6,0.32,0.027076240000000005,0.0,28.279999999999998,3.16,0.8120000000000002,20.6,-21.5,65.9,78.4,10.454000000000002,-3.8989999999999996,81.7
2022-12-02 21:36:00+00:00,4998,0.13,0.12000000000000001,0.0,8626,11350,0.48000000000000004,638.9,-0.078494308,4573,35.9,0.33999999999999997,8.71,-0.037699927,9237.369999999999,26.8,69.34,46.6,0.317,0.026628698999999995,0.0,28.29,3.16,0.8120000000000002,20.6,-22.0,65.9,78.4,10.367000000000003,-4.034,81.7
2022-12-02 21:37:00+00:00,5004,0.13,0.19,0.0,8635,11352,0.47000000000000003,639.5,-0.077196882,4572,35.9,0.38,9.43,-0.024783398999999998,9237.78,26.8,69.34,46.6,0.319,0.026188554999999992,0.0,28.29,3.16,0.811,20.6,-21.5,66.0,78.4,10.093,-4.333,81.8
2022-12-02 21:38:00+00:00,5005,0.13,0.2,0.0,8631,11350,0.54,639.1,-0.063627512,4572,35.9,0.47000000000000003,9.280000000000001,-0.024373755999999996,9237.61,26.8,69.34,46.6,0.322,0.025755686999999992,0.0,28.279999999999998,3.16,0.813,20.6,-21.8,66.0,78.4,10.245999999999999,-4.026999999999999,81.8
2022-12-02 21:39:00+00:00,5004,0.08,0.15000000000000002,0.0,8635,11348,0.48000000000000004,639.0,-0.062575817,4565,35.9,0.45,10.41,-0.023970883999999994,9237.859999999999,26.8,69.34,46.6,0.313,0.025329973,0.0,28.279999999999998,3.16,0.811,20.6,-21.5,66.0,78.4,10.191,-3.9819999999999998,81.7
2022-12-02 21:40:00+00:00,4999,0.12000000000000001,0.12000000000000001,0.0,8638,11351,0.46,639.5,-0.06154150599999999,4571,35.9,0.45,10.91,-0.023574670999999995,9237.58,26.8,69.35,46.6,0.311,0.024911296,0.0,28.279999999999998,3.16,0.811,20.6,-21.4,66.0,78.4,10.466000000000003,-3.7880000000000003,81.8
2022-12-02 21:40:59.999999+00:00,4997,0.13,0.2,0.0,8631,11347,0.51,638.7,-0.035937514,4571,35.9,0.4,8.850000000000001,-0.023185007,9237.9,26.8,69.34,46.5,0.32,0.024499538999999997,0.0,28.279999999999998,3.15,0.815,20.6,-21.7,66.0,78.4,10.679,-3.508,81.8
2022-12-02 21:41:59.999999+00:00,5005,0.09,0.19,0.0,8632,11345,0.51,638.7,-0.035343506,4568,35.9,0.42000000000000004,9.02,-0.022801784000000002,9238.7,26.8,69.34,46.6,0.32,0.024094587999999993,0.0,28.279999999999998,3.16,0.8120000000000002,20.6,-21.8,66.0,78.4,10.395000000000001,-3.82,81.8
2022-12-02 21:43:00+00:00,5002,0.12000000000000001,0.14,0.0,8624,11344,0.5,638.3,-0.04705270400000001,4569,35.9,0.44,9.26,-0.022424895,9239.369999999999,26.8,69.34,46.6,0.328,0.023696329999999998,0.0,28.279999999999998,3.16,0.8120000000000002,20.6,-21.9,66.0,78.4,10.136000000000001,-4.252,81.8
2022-12-02 21:43:59.999999+00:00,5001,0.13,0.14,0.0,8629,11344,0.51,638.4,-0.021688197,4565,35.9,0.43000000000000005,8.82,-0.022054235,9237.93,26.8,69.32,46.5,0.323,0.023304654999999994,0.0,28.29,3.16,0.811,20.6,-22.0,66.0,78.4,9.828000000000001,-4.714999999999999,81.8
2022-12-02 21:45:00+00:00,5004,0.12000000000000001,0.11,0.0,8631,11346,0.49,638.6,-0.045916491000000004,4574,36.0,0.37,7.83,-0.021689703,9238.209999999997,26.8,69.34,46.6,0.323,0.022919453999999995,0.0,28.279999999999998,3.17,0.815,20.6,-21.7,66.0,78.4,9.732,-4.815999999999999,81.8
2022-12-02 21:46:00+00:00,4998,0.1,0.17,0.0,8631,11346,0.42000000000000004,638.3,-0.032864152,4572,36.0,0.44,9.69,-0.021331195000000004,9238.26,26.8,69.34,46.6,0.321,0.120887728,0.0,28.279999999999998,3.16,0.816,20.6,-21.6,66.0,78.4,9.962000000000002,-4.522999999999999,81.8
2022-12-02 21:47:00+00:00,4996,0.1,0.17,0.0,8627,11344,0.54,638.2,-0.020027554999999992,4570,36.0,0.41000000000000003,9.99,-0.020978613,9238.740000000002,26.8,69.32,46.6,0.32,0.020542475999999997,0.0,28.279999999999998,3.17,0.815,20.6,-22.0,66.0,78.4,10.027999999999999,-4.452,81.8
2022-12-02 21:48:00+00:00,5005,0.11,0.13,0.0,8627,11344,0.47000000000000003,638.7,-0.044283298,4564,36.0,0.42000000000000004,8.92,-0.020631859000000002,9238.32,26.8,69.33,46.6,0.324,0.020202931,0.0,28.279999999999998,3.16,0.8120000000000002,20.6,-21.7,66.0,78.4,9.953000000000003,-4.646999999999999,81.8
2022-12-02 21:49:00+00:00,5007,0.15000000000000002,0.21000000000000002,0.0,8626,11342,0.42000000000000004,638.1,-0.043551341999999986,4567,36.0,0.4,8.91,-0.020290836999999996,9238.58,26.8,69.34,46.6,0.321,0.019868997999999995,0.0,28.29,3.17,0.811,20.6,-22.1,66.0,78.5,9.859000000000002,-4.615999999999999,81.8
2022-12-02 21:49:59.999999+00:00,5006,0.09,0.2,0.0,8624,11342,0.5,637.9,-0.042831485,4570,36.0,0.43000000000000005,9.58,-0.019955451,9237.65,26.8,69.34,46.5,0.316,0.019540585,0.0,28.3,3.16,0.8120000000000002,20.6,-22.0,66.0,78.4,9.785,-4.716,81.8
2022-12-02 21:51:00+00:00,5001,0.12000000000000001,0.11,0.0,8625,11343,0.49,638.4,-0.029830138000000003,4568,35.9,0.44,9.09,-0.019625609,9239.230000000001,26.8,69.34,46.5,0.323,0.019217599999999998,0.0,28.29,3.17,0.811,20.6,-22.1,66.0,78.4,9.687000000000001,-4.836,81.8
2022-12-02 21:51:59.999999+00:00,5003,0.1,0.18,0.0,8628,11352,0.45,639.6,-0.04163046699999999,4571,35.9,0.4,8.89,-0.019301218999999998,9238.34,26.8,69.32,46.5,0.318,0.018899954,0.0,28.279999999999998,3.17,0.8120000000000002,20.6,-21.7,66.0,78.4,9.766,-4.824999999999999,81.8
2022-12-02 21:53:00+00:00,5003,0.12000000000000001,0.13,0.0,8629,11346,0.52,638.5,-0.065529137,4573,35.9,0.41000000000000003,9.25,-0.01898219,9236.84,26.8,69.32,46.6,0.321,0.018587558,0.0,28.279999999999998,3.17,0.815,20.6,-21.9,66.0,78.4,10.099,-4.429,81.8
2022-12-02 21:54:00+00:00,5003,0.08,0.15000000000000002,0.0,8627,11339,0.48000000000000004,637.3,-0.06444601,4569,35.9,0.38,10.13,-0.018668435,9239.209999999997,26.8,69.33,46.5,0.323,0.018280326,0.0,28.3,3.16,0.811,20.6,-21.9,66.0,78.4,10.189,-4.233,81.8
2022-12-02 21:55:00+00:00,4992,0.13,0.16,0.0,8619,11336,0.47000000000000003,636.6,-0.05108739899999999,4573,35.9,0.4,9.229999999999999,-0.030653253999999998,9239.6,26.8,69.33,46.5,0.317,0.017978171,0.0,28.29,3.16,0.8120000000000002,20.6,-22.4,65.9,78.3,10.02,-4.531,81.8
2022-12-02 21:56:00+00:00,5001,0.13,0.15000000000000002,0.0,8613,11334,0.5,636.3,-0.062536367,4574,35.9,0.45,9.18,-0.042439977999999996,9238.92,26.8,69.32,46.6,0.317,0.017681012,0.0,28.279999999999998,3.17,0.811,20.6,-22.7,65.8,78.3,9.790999999999999,-5.146999999999999,81.8
2022-12-02 21:56:59.999999+00:00,5006,0.13,0.19,0.0,8616,11336,0.51,636.7,-0.07379609700000002,4567,35.9,0.36,9.25,-0.04173849,9241.0,26.8,69.33,46.6,0.32,0.017388763,0.0,28.279999999999998,3.17,0.8120000000000002,20.6,-22.7,65.8,78.3,9.374,-5.679,81.8
2022-12-02 21:58:00+00:00,5006,0.09,0.14,0.0,8611,11332,0.53,636.1,-0.072576327,4572,35.9,0.41000000000000003,9.33,-0.04104859799999999,9238.32,26.8,69.33,46.6,0.326,0.017101345999999996,0.0,28.29,3.16,0.81,20.6,-22.6,65.8,78.2,9.254000000000001,-5.922,81.7
2022-12-02 21:59:00+00:00,5003,0.13,0.13,0.0,8613,11327,0.51,635.6,-0.071376718,4574,35.9,0.42000000000000004,8.58,-0.052663497000000004,9238.89,26.8,69.33,46.6,0.316,0.016818679,0.0,28.279999999999998,3.17,0.8120000000000002,20.6,-22.8,65.7,78.2,9.371,-5.936,81.7
2022-12-02 21:59:59.999999+00:00,5012,0.08,0.16,0.0,8612,11327,0.54,635.5,-0.10707710300000002,4575,35.9,0.39,8.58,-0.051793026,9240.230000000001,26.8,69.32,46.6,0.323,0.016540684,0.0,28.279999999999998,3.16,0.811,20.6,-22.9,65.7,78.2,9.225,-5.952,81.7
2022-12-02 22:00:59.999999+00:00,4998,0.14,0.14,0.0,8610,11324,0.47000000000000003,635.2,-0.08072045600000002,4567,35.9,0.36,7.98,-0.05093694299999999,9237.0,26.8,69.33,46.6,0.317,0.016267285,0.0,28.259999999999998,3.17,0.8120000000000002,20.6,-22.9,65.7,78.2,9.462000000000002,-6.193999999999999,81.6
2022-12-02 22:02:00+00:00,5002,0.1,0.08,0.0,8612,11323,0.5,635.2,-0.103973011,4559,35.9,0.39,9.42,-0.05009501,9239.19,26.8,69.33,46.5,0.32,0.015998404,0.0,28.279999999999998,3.17,0.813,20.6,-22.8,65.7,78.2,9.203000000000001,-5.863999999999999,81.6
2022-12-02 22:03:00+00:00,5005,0.07,0.14,0.0,8610,11328,0.54,635.5,-0.10225444900000001,4565,35.9,0.38,8.290000000000001,-0.04926699300000001,9239.52,26.8,69.32,46.5,0.317,0.015733966999999998,0.0,28.259999999999998,3.17,0.811,20.6,-22.9,65.7,78.2,9.007000000000001,-6.173,81.6
2022-12-02 22:04:00+00:00,4999,0.13,0.11,0.0,8609,11322,0.55,635.0,-0.10056429300000001,4561,35.80000000000001,0.45,8.48,-0.04845266300000001,9236.93,26.8,69.32,46.5,0.325,0.015473901999999998,0.0,28.279999999999998,3.16,0.811,20.6,-22.9,65.7,78.2,9.197999999999999,-6.057999999999999,81.6
2022-12-02 22:05:00+00:00,5001,0.1,0.18,0.0,8604,11323,0.53,635.2,-0.09890207300000002,4568,35.80000000000001,0.39,8.219999999999999,-0.05994518099999999,9239.43,26.8,69.33,46.5,0.326,0.015218134999999999,0.0,28.279999999999998,3.17,0.815,20.6,-23.3,65.6,78.1,9.143999999999998,-5.886,81.5
2022-12-02 22:05:59.999999+00:00,4988,0.06,0.15000000000000002,0.0,8605,11322,0.54,634.9,-0.109560716,4568,35.80000000000001,0.4,8.21,-0.058954350999999995,9238.78,26.8,69.32,46.5,0.316,0.014966594999999997,0.0,28.29,3.16,0.815,20.6,-23.2,65.6,78.1,9.154000000000003,-6.236,81.5
2022-12-02 22:07:00+00:00,4999,0.11,0.13,0.0,8612,11325,0.5800000000000001,635.1,-0.13233657199999999,4566,35.80000000000001,0.39,8.19,-0.057979898999999994,9239.12,26.8,69.32,46.5,0.322,0.014719213999999996,0.0,28.279999999999998,3.16,0.811,20.6,-22.7,65.6,78.1,9.307,-5.8629999999999995,81.4
2022-12-02 22:08:00+00:00,4999,0.14,0.14,0.0,8606,11317,0.52,634.1,-0.142442579,4562,35.80000000000001,0.32,9.57,-0.057021553999999995,9238.79,26.8,69.32,46.5,0.324,0.014475920999999996,0.0,28.29,3.17,0.8120000000000002,20.6,-23.0,65.6,78.0,9.282,-5.896999999999999,81.4
2022-12-02 22:09:00+00:00,5005,0.12000000000000001,0.13,0.0,8610,11325,0.52,635.1,-0.140088156,4568,35.80000000000001,0.33999999999999997,8.15,-0.05607904899999998,9237.549999999997,26.8,69.31,46.5,0.327,0.014236648999999997,0.0,28.279999999999998,3.17,0.815,20.6,-22.9,65.6,78.1,9.376000000000003,-5.958,81.4
2022-12-02 22:09:59.999999+00:00,5008,0.1,0.11,0.0,8611,11329,0.52,636.0,-0.08859909600000002,4566,35.80000000000001,0.42000000000000004,9.239999999999998,-0.055152122,9237.53,26.8,69.33,46.6,0.316,0.014001332999999996,0.0,28.259999999999998,3.17,0.81,20.6,-22.8,65.6,78.1,9.535,-5.567999999999999,81.4
2022-12-02 22:11:00+00:00,5003,0.1,0.12000000000000001,0.0,8615,11331,0.51,636.1,-0.11172142500000001,4562,35.80000000000001,0.41000000000000003,8.9,-0.054240516999999995,9237.02,26.8,69.31,46.5,0.324,0.013769905999999998,0.0,28.279999999999998,3.16,0.816,20.6,-22.4,65.6,78.1,9.693999999999999,-5.099,81.4
2022-12-02 22:11:59.999999+00:00,4993,0.09,0.12000000000000001,0.0,8614,11328,0.51,635.6,-0.085288013,4567,35.80000000000001,0.36,9.06,-0.05334397999999999,9239.15,26.8,69.31,46.5,0.32,0.013542304,0.0,28.29,3.16,0.816,20.6,-22.6,65.6,78.1,9.620000000000001,-5.145999999999999,81.4
2022-12-02 22:12:59.999999+00:00,4998,0.09,0.12000000000000001,0.0,8613,11326,0.54,635.9,-0.09617168199999998,4565,35.80000000000001,0.39,8.860000000000001,-0.05246226100000001,9238.42,26.9,69.31,46.6,0.327,0.013318463999999999,0.0,28.279999999999998,3.16,0.811,20.6,-22.7,65.6,78.1,9.869000000000002,-4.958,81.4
2022-12-02 22:14:00+00:00,4993,0.08,0.15000000000000002,0.0,8612,11329,0.52,635.9,-0.094582068,4566,35.80000000000001,0.41000000000000003,8.66,-0.05159511599999999,9237.68,26.8,69.31,46.5,0.326,0.013098324999999997,0.0,28.279999999999998,3.16,0.815,20.6,-22.7,65.6,78.1,9.703000000000001,-5.173,81.4
2022-12-02 22:14:59.999999+00:00,4999,0.07,0.1,0.0,8618,11341,0.49,638.1,-0.105312116,4566,35.80000000000001,0.41000000000000003,8.39,-0.050742304,9238.59,26.8,69.33,46.5,0.322,0.012881823,0.0,28.29,3.16,0.816,20.6,-22.3,65.6,78.1,9.717999999999998,-5.051,81.4
2022-12-02 22:15:59.999999+00:00,5007,0.11,0.14,0.0,8617,11334,0.51,637.2,-0.091278032,4562,35.80000000000001,0.36,8.42,-0.049903589,9237.219999999998,26.8,69.32,46.5,0.317,0.012668901,0.0,28.29,3.17,0.815,20.6,-22.3,65.6,78.1,10.283000000000001,-4.316999999999999,81.4
2022-12-02 22:17:00+00:00,4998,0.14,0.1,0.0,8619,11333,0.49,636.6,-0.077475915,4566,35.80000000000001,0.39,9.34,-0.03678534700000001,9237.949999999999,26.8,69.33,46.6,0.324,0.012459496999999996,0.0,28.29,3.17,0.81,20.6,-22.2,65.7,78.1,10.323,-4.315999999999999,81.4
2022-12-02 22:17:59.999999+00:00,5000,0.14,0.1,0.0,8619,11331,0.49,636.2,-0.08848870999999998,4566,35.80000000000001,0.39,9.34,-0.03617732500000001,9238.349999999999,26.8,69.33,46.5,0.328,0.012253554999999998,0.0,28.279999999999998,3.17,0.813,20.6,-22.4,65.7,78.2,10.394,-4.262999999999999,81.4
2022-12-02 22:18:59.999999+00:00,4996,0.11,0.12000000000000001,0.0,8621,11337,0.5,637.5,-0.06243930999999999,4570,35.80000000000001,0.39,8.280000000000001,-0.035579353,9238.459999999995,26.8,69.32,46.5,0.323,0.012051016999999997,0.0,28.259999999999998,3.16,0.815,20.6,-22.2,65.7,78.1,10.181000000000001,-4.491,81.4
2022-12-02 22:20:00+00:00,5003,0.11,0.12000000000000001,0.0,8622,11337,0.5,637.1,-0.049113867,4566,35.80000000000001,0.39,8.280000000000001,-0.034991263999999994,9237.349999999999,26.8,69.31,46.5,0.318,0.011851827000000002,0.0,28.279999999999998,3.16,0.814,20.6,-22.1,65.7,78.2,10.205,-4.502,81.4
2022-12-02 22:21:00+00:00,5002,0.11,0.13,0.0,8623,11339,0.47000000000000003,637.1,-0.085182233,4563,35.80000000000001,0.39,9.21,-0.034412896,9237.4,26.8,69.32,46.5,0.319,0.011655929,0.0,28.259999999999998,3.16,0.814,20.6,-22.1,65.7,78.2,10.397,-4.185999999999999,81.4
2022-12-02 22:21:59.999999+00:00,4999,0.17,0.11,0.0,8623,11337,0.47000000000000003,637.2,-0.071480873,4568,35.80000000000001,0.43000000000000005,8.460000000000003,-0.033844087999999994,9238.740000000002,26.8,69.32,46.6,0.322,0.011463269,0.0,28.279999999999998,3.16,0.811,20.6,-22.0,65.7,78.2,10.474,-4.038,81.5
2022-12-02 22:23:00+00:00,4997,0.11,0.14,0.0,8620,11332,0.48000000000000004,636.7,-0.04571259500000001,4566,35.80000000000001,0.43000000000000005,7.95,-0.033284682,9236.59,26.8,69.32,46.5,0.319,0.011273792999999999,0.0,28.29,3.16,0.814,20.6,-22.4,65.7,78.2,10.51,-4.067999999999999,81.5
2022-12-02 22:24:00+00:00,5001,0.15000000000000002,0.11,0.0,8619,11333,0.46,636.4,-0.05725040299999999,4567,35.80000000000001,0.42000000000000004,9.07,-0.032734522,9239.19,26.7,69.32,46.5,0.322,0.109434557,0.0,28.279999999999998,3.16,0.81,20.6,-22.3,65.7,78.2,10.383000000000003,-4.158999999999999,81.5
2022-12-02 22:25:00+00:00,4998,0.13,0.12000000000000001,0.0,8618,11331,0.52,636.5,-0.056304114999999995,4564,35.80000000000001,0.37,8.44,-0.032193455,9238.16,26.8,69.32,46.5,0.32,0.009278614,0.0,28.279999999999998,3.17,0.815,20.6,-22.4,65.7,78.2,10.235,-4.514999999999999,81.5
2022-12-02 22:25:59.999999+00:00,5005,0.13,0.12000000000000001,0.0,8617,11334,0.52,636.6,-0.055373469,4568,35.80000000000001,0.37,8.44,-0.03166133200000001,9238.26,26.8,69.33,46.5,0.316,0.009125247999999999,0.0,28.279999999999998,3.17,0.811,20.6,-22.4,65.7,78.2,10.21,-4.502,81.5
2022-12-02 22:26:59.999999+00:00,5003,0.07,0.14,0.0,8617,11334,0.51,636.9,-0.06675159299999998,4571,35.80000000000001,0.4,8.040000000000001,-0.031138003999999997,9237.640000000001,26.7,69.32,46.5,0.32,0.008974418000000001,0.0,28.279999999999998,3.16,0.815,20.6,-22.4,65.7,78.2,10.159000000000002,-4.6259999999999994,81.5
2022-12-02 22:28:00+00:00,4999,0.08,0.14,0.0,8615,11333,0.54,636.7,-0.05335487299999999,4571,35.80000000000001,0.38,7.99,-0.030623326,9238.6,26.8,69.31,46.5,0.323,0.008826080000000002,0.0,28.29,3.16,0.814,20.7,-22.4,65.7,78.2,10.050000000000002,-4.631,81.5
2022-12-02 22:28:59.999999+00:00,4997,0.1,0.12000000000000001,0.0,8619,11335,0.48000000000000004,636.9,-0.052472974,4567,35.80000000000001,0.4,8.89,-0.030117155999999996,9237.949999999999,26.8,69.32,46.6,0.323,0.008680195000000003,0.0,28.29,3.16,0.81,20.6,-22.4,65.7,78.2,10.031,-4.784,81.5
2022-12-02 22:30:00+00:00,5003,0.11,0.11,0.0,8620,11337,0.49,637.4,-0.05160565199999999,4571,35.80000000000001,0.4,8.18,-0.029619352,9237.91,26.8,69.33,46.5,0.323,0.008536720000000001,0.0,28.25,3.17,0.811,20.6,-22.4,65.7,78.2,10.021,-4.773,81.5
2022-12-02 22:31:00+00:00,5005,0.09,0.11,0.0,8617,11334,0.53,637.0,-0.038459278,4570,35.80000000000001,0.41000000000000003,9.09,-0.029129774999999997,9238.28,26.8,69.31,46.5,0.318,0.008395618,0.0,28.279999999999998,3.16,0.811,20.6,-22.4,65.7,78.2,10.287,-4.552,81.5
2022-12-02 22:32:00+00:00,5003,0.11,0.1,0.0,8616,11332,0.5,636.4,-0.013236809999999998,4571,35.80000000000001,0.36,8.370000000000003,-0.028648291999999995,9238.629999999997,26.7,69.32,46.6,0.321,0.008256847000000003,0.0,28.259999999999998,3.17,0.815,20.6,-22.6,65.7,78.2,10.428,-4.557999999999999,81.6
2022-12-02 22:32:59.999999+00:00,5007,0.1,0.1,0.0,8614,11330,0.52,636.0,-0.049898185000000005,4565,35.9,0.41000000000000003,9.530000000000001,-0.028174765999999997,9239.29,26.7,69.32,46.5,0.323,0.008120369999999998,0.0,28.25,3.16,0.814,20.6,-22.6,65.7,78.2,10.287999999999998,-4.7,81.5
2022-12-02 22:34:00+00:00,5003,0.1,0.09,0.0,8611,11331,0.44,636.3,-0.036780033,4570,35.9,0.35,8.639999999999999,-0.027709068,9238.549999999997,26.7,69.32,46.5,0.319,0.007986149,0.0,28.279999999999998,3.16,0.81,20.6,-22.6,65.7,78.2,10.189,-4.855999999999999,81.5
2022-12-02 22:34:59.999999+00:00,4999,0.14,0.11,0.0,8615,11333,0.47000000000000003,636.7,-0.036172099,4568,35.9,0.41000000000000003,9.06,-0.027251066,9238.0,26.7,69.31,46.5,0.321,0.007854147,0.0,28.279999999999998,3.16,0.811,20.6,-22.5,65.7,78.2,10.156000000000002,-4.947,81.5
2022-12-02 22:35:59.999999+00:00,5002,0.07,0.12000000000000001,0.0,8619,11336,0.53,637.1,-0.04786760100000001,4565,35.9,0.32999999999999996,8.44,-0.026800636,9237.99,26.7,69.32,46.6,0.32,0.007724325999999999,0.0,28.279999999999998,3.17,0.814,20.6,-22.5,65.7,78.2,9.986,-5.052999999999999,81.5
2022-12-02 22:36:59.999999+00:00,4998,0.11,0.18,0.0,8621,11335,0.48000000000000004,636.9,-0.034783013,4572,35.9,0.4,8.870000000000003,-0.026357649999999996,9238.049999999997,26.7,69.32,46.5,0.321,0.007596651,0.0,28.279999999999998,3.16,0.814,20.6,-22.4,65.7,78.2,10.197999999999999,-4.761,81.5
2022-12-02 22:38:00+00:00,5000,0.1,0.14,0.0,8618,11337,0.46,637.2,-0.021914698999999996,4572,35.9,0.37,8.48,-0.025921985999999998,9238.48,26.7,69.31,46.5,0.325,0.007471087,0.0,28.279999999999998,3.16,0.815,20.7,-22.3,65.7,78.3,10.31,-4.6,81.5
2022-12-02 22:38:59.999999+00:00,5006,0.06,0.11,0.0,8613,11329,0.48000000000000004,636.0,-0.033845861,4573,35.9,0.39,8.69,-0.025493523999999997,9238.469999999996,26.7,69.31,46.6,0.321,0.0073475979999999995,0.0,28.25,3.16,0.814,20.7,-22.7,65.7,78.3,10.393000000000002,-4.504999999999999,81.6
2022-12-02 22:40:00+00:00,4999,0.11,0.1,0.0,8603,11314,0.46,633.2,-0.04557981299999998,4574,35.9,0.44,9.34,-0.025072143,9240.02,26.7,69.31,46.5,0.326,0.00722615,0.0,28.25,3.17,0.81,20.6,-23.4,65.7,78.2,10.299,-4.74,81.5
2022-12-02 22:41:00+00:00,5003,0.08,0.18,0.216622418,8590,11305,0.52,631.7,-0.06941320500000002,4564,35.9,0.38,10.030000000000001,-0.024657727,9242.129999999997,26.7,69.31,46.5,0.323,0.007106709,0.0,28.279999999999998,3.16,0.814,20.7,-24.3,65.7,78.2,9.654000000000003,-5.809,81.5
2022-12-02 22:41:59.999999+00:00,5009,0.11,0.22,0.300037075,8594,11301,0.53,631.6,-0.09285265599999999,4564,35.80000000000001,0.36,10.54,-0.06113032699999999,9241.83,26.7,69.31,46.5,0.324,0.006989243000000002,0.0,28.279999999999998,3.17,0.814,20.6,-24.3,65.4,78.1,9.313,-6.722999999999999,81.5
2022-12-02 22:43:00+00:00,4997,0.09,0.2,0.21636526500000003,8595,11304,0.59,631.9,-0.11590467800000001,4569,35.9,0.38,10.5,-0.07241329700000002,9246.03,26.7,69.32,46.5,0.327,0.006873719,0.0,28.279999999999998,3.16,0.811,20.6,-24.1,65.3,78.0,8.491000000000001,-7.109999999999999,81.4
2022-12-02 22:44:00+00:00,4999,0.14,0.19,0.0,8595,11303,0.5,632.1,-0.126282287,4561,35.9,0.38,10.01,-0.07121638299999998,9245.01,26.7,69.32,46.5,0.318,0.006760102999999999,0.0,28.29,3.16,0.814,20.6,-24.2,65.3,78.0,8.511000000000001,-7.091,81.4
2022-12-02 22:44:59.999999+00:00,5002,0.15000000000000002,0.14,0.0,8595,11304,0.53,632.5,-0.12419497600000003,4565,35.9,0.38,8.33,-0.082332641,9244.849999999999,26.7,69.31,46.5,0.319,0.006648366,0.0,28.279999999999998,3.16,0.815,20.6,-24.1,65.2,77.9,8.219999999999999,-7.037,81.3
2022-12-02 22:46:00+00:00,5002,0.12000000000000001,0.19,0.0,8599,11307,0.53,633.0,-0.12214216700000001,4562,35.9,0.35,8.77,-0.080971771,9244.7,26.7,69.31,46.5,0.319,0.006538476,0.0,28.259999999999998,3.16,0.818,20.6,-23.8,65.2,78.0,8.193999999999999,-6.896999999999999,81.3
2022-12-02 22:47:00+00:00,4995,0.11,0.16,0.0,8610,11316,0.5,633.7,-0.12012328800000001,4563,35.80000000000001,0.39,8.639999999999999,-0.079633394,9244.04,26.7,69.31,46.5,0.327,0.006430402000000001,0.0,28.259999999999998,3.16,0.81,20.6,-23.5,65.2,78.0,8.248,-6.597999999999999,81.3
2022-12-02 22:48:00+00:00,5005,0.11,0.13,0.0,8607,11313,0.55,633.8,-0.105844391,4562,35.80000000000001,0.38,8.69,-0.066023752,9243.08,26.7,69.31,46.5,0.325,0.006324113999999998,0.0,28.259999999999998,3.16,0.815,20.6,-23.5,65.3,78.0,8.533999999999999,-6.057999999999999,81.3
2022-12-02 22:49:00.000001+00:00,5006,0.11,0.07,0.0,8607,11317,0.56,634.4,-0.12868167399999997,4560,35.80000000000001,0.32,8.26,-0.06493245,9244.29,26.7,69.32,46.5,0.322,0.006219582999999999,0.0,28.25,3.16,0.814,20.7,-23.2,65.3,78.0,8.693000000000001,-5.71,81.3
2022-12-02 22:50:00+00:00,4993,0.18,0.07,0.0,8607,11318,0.55,634.5,-0.114261315,4564,35.80000000000001,0.36,9.0,-0.06385918599999998,9243.59,26.7,69.3,46.5,0.32,0.00611678,0.0,28.259999999999998,3.16,0.814,20.6,-23.2,65.3,78.0,8.952000000000002,-5.376,81.3
2022-12-02 22:50:59.999999+00:00,5003,0.13,0.19,0.0,8612,11325,0.51,635.5,-0.112372699,4569,35.80000000000001,0.33999999999999997,8.67,-0.062803663,9243.94,26.7,69.33,46.6,0.318,0.006015677,0.0,28.25,3.17,0.814,20.6,-22.9,65.3,78.1,9.078000000000001,-5.301,81.3
2022-12-02 22:52:00+00:00,5010,0.12000000000000001,0.22,0.0,8618,11328,0.53,636.6,-0.073635133,4570,35.80000000000001,0.39,8.460000000000003,-0.04947219700000001,9241.640000000001,26.7,69.3,46.5,0.315,0.005916244000000001,0.0,28.25,3.16,0.814,20.6,-22.8,65.4,78.1,9.546000000000001,-5.012999999999999,81.3
2022-12-02 22:53:00+00:00,4999,0.14,0.2,0.0,8621,11332,0.52,636.2,-0.072418024,4570,35.80000000000001,0.4,8.97,-0.048654474999999996,9241.84,26.7,69.33,46.5,0.321,0.005818454999999999,0.0,28.25,3.16,0.817,20.6,-22.4,65.4,78.1,9.892000000000001,-4.561999999999999,81.3
2022-12-02 22:54:00+00:00,5003,0.11,0.14,0.0,8625,11336,0.48000000000000004,637.3,-0.058927642999999995,4571,35.9,0.41000000000000003,9.07,-0.023263491999999997,9242.69,26.7,69.33,46.6,0.319,0.0057222819999999995,0.0,28.259999999999998,3.17,0.817,20.7,-22.4,65.6,78.2,9.842,-4.304999999999999,81.3
2022-12-02 22:54:59.999999+00:00,4998,0.09,0.12000000000000001,0.0,8622,11333,0.52,636.7,-0.03336685599999999,4568,35.9,0.4,8.700000000000001,-0.022878971000000005,9242.44,26.7,69.33,46.6,0.326,0.005627698999999999,0.0,28.25,3.16,0.815,20.7,-22.2,65.6,78.3,10.07,-4.004,81.3
2022-12-02 22:56:00+00:00,4997,0.12000000000000001,0.14,0.0,8616,11331,0.47000000000000003,636.2,-0.03281533700000001,4568,35.9,0.36,8.67,-0.022500805999999998,9243.49,26.7,69.3,46.6,0.314,0.005534679,0.0,28.259999999999998,3.17,0.815,20.6,-22.7,65.6,78.3,10.219,-3.888,81.4
2022-12-02 22:57:00.000001+00:00,5000,0.1,0.08,0.0,8617,11322,0.52,635.0,-0.044566324000000004,4566,35.9,0.36,9.17,-0.022128891999999997,9244.53,26.7,69.31,46.5,0.319,0.005443197,0.0,28.24,3.16,0.818,20.6,-23.0,65.6,78.2,9.847999999999999,-4.281,81.4
2022-12-02 22:58:00+00:00,4997,0.15000000000000002,0.16,0.0,8611,11324,0.53,635.2,-0.056123078999999985,4566,35.9,0.37,8.57,-0.021763124999999998,9243.26,26.6,69.31,46.5,0.329,0.005353226,0.0,28.24,3.17,0.814,20.6,-22.9,65.6,78.2,9.578000000000001,-4.849,81.4
2022-12-02 22:59:00+00:00,5002,0.1,0.1,0.0,8616,11330,0.49,636.0,-0.042902036,4562,35.9,0.36,9.47,-0.021403404,9242.379999999996,26.6,69.3,46.5,0.32,0.005264743,0.0,28.24,3.16,0.818,20.6,-22.8,65.6,78.2,9.326,-5.13,81.4
2022-12-02 23:00:00+00:00,5006,0.14,0.22,0.0,8615,11326,0.55,636.4,-0.029899522999999997,4566,35.9,0.41000000000000003,9.460000000000003,-0.008756241000000001,9239.969999999996,26.6,69.31,46.5,0.32,0.005177723,0.0,28.21,3.17,0.815,20.7,-22.7,65.7,78.2,9.293999999999999,-5.234,81.4
2022-12-02 23:01:00+00:00,4994,0.07,0.16,0.0,8623,11331,0.51,636.6,-0.053992093,4568,35.9,0.38,8.42,-0.020904897999999998,9240.18,26.6,69.31,46.5,0.322,0.005092140999999999,0.0,28.22,3.16,0.813,20.7,-22.3,65.6,78.2,9.059000000000001,-5.324999999999999,81.4
2022-12-02 23:02:00+00:00,4998,0.09,0.09,0.0,8621,11335,0.52,636.9,-0.040806273,4569,35.9,0.4,8.25,-0.008265974,9239.89,26.7,69.32,46.5,0.32,0.005007972999999999,0.0,28.24,3.16,0.819,20.7,-22.4,65.7,78.2,9.256,-4.916,81.4
2022-12-02 23:02:59.999999+00:00,5007,0.11,0.08,0.0,8622,11337,0.48000000000000004,637.7,-0.027838401,4581,35.9,0.47000000000000003,8.93,-0.008129345999999999,9240.879999999996,26.6,69.31,46.5,0.318,0.004925197,0.0,28.22,3.17,0.813,20.7,-22.4,65.7,78.3,9.847000000000001,-4.623999999999999,81.5
2022-12-02 23:03:59.999999+00:00,5004,0.12000000000000001,0.17,0.0,8619,11333,0.49,636.9,-0.027378262,4572,35.9,0.41000000000000003,9.27,-0.007994977,9240.879999999996,26.6,69.33,46.5,0.32,0.004843787999999999,0.0,28.21,3.17,0.814,20.7,-22.4,65.7,78.3,9.847000000000001,-4.623999999999999,81.5
2022-12-02 23:05:00+00:00,4999,0.12000000000000001,0.15000000000000002,0.0,8621,11331,0.51,636.7,-0.039219117,4575,35.9,0.4,10.200000000000001,-0.007862828,9241.44,26.6,69.33,46.5,0.32,0.004763726,0.0,28.21,3.16,0.811,20.6,-22.4,65.7,78.3,9.75,-4.887,81.5
2022-12-02 23:06:00+00:00,5004,0.08,0.12000000000000001,0.0,8618,11331,0.44,636.7,-0.038570867,4572,35.9,0.44,8.739999999999998,-0.007732864,9241.44,26.6,69.32,46.6,0.325,0.004684985999999999,0.0,28.22,3.17,0.815,20.7,-22.4,65.7,78.2,9.75,-4.887,81.5
2022-12-02 23:06:59.999999+00:00,5006,0.11,0.2,0.0,8612,11328,0.47000000000000003,636.2,-0.03793333200000001,4569,35.9,0.4,8.34,-0.019898436999999998,9242.6,26.6,69.32,46.6,0.324,0.004607548999999999,0.0,28.22,3.17,0.815,20.7,-22.9,65.6,78.2,9.489,-5.497,81.5
2022-12-02 23:08:00+00:00,5005,0.14,0.11,0.0,8610,11325,0.47000000000000003,635.1,-0.025012947000000004,4575,35.9,0.38,9.8,-0.007276149000000001,9241.2,26.6,69.31,46.5,0.319,0.004531391000000001,0.0,28.21,3.16,0.814,20.7,-23.0,65.7,78.2,9.489,-5.497,81.5
2022-12-02 23:09:00+00:00,5005,0.09,0.16,0.0,8610,11325,0.51,634.4,-0.036892898,4568,35.9,0.44,9.98,-0.019449269999999998,9243.03,26.6,69.31,46.5,0.323,0.004456492000000001,0.0,28.2,3.16,0.819,20.7,-23.0,65.6,78.2,9.062000000000001,-5.784,81.5
2022-12-02 23:10:00+00:00,5001,0.13,0.18,0.0,8605,11316,0.52,634.4,-0.036283098,4568,35.9,0.41000000000000003,9.06,-0.019127795,9241.62,26.6,69.34,46.6,0.323,0.004382830999999999,0.0,28.2,3.17,0.818,20.7,-23.3,65.6,78.1,8.976000000000003,-6.021999999999999,81.5
2022-12-02 23:10:59.999999+00:00,5004,0.09,0.11,0.20073744100000002,8606,11319,0.41000000000000003,634.5,-0.06027015399999998,4569,35.9,0.35,10.729999999999999,-0.018811632999999998,9243.54,26.6,69.33,46.6,0.323,0.004310386999999999,0.0,28.24,3.17,0.814,20.7,-23.4,65.6,78.2,8.808000000000002,-6.317999999999999,81.5
2022-12-02 23:11:59.999999+00:00,5008,0.14,0.18,0.28862269000000007,8594,11309,0.52,632.8,-0.05927395299999999,4570,35.9,0.37,9.280000000000001,-0.043087473,9242.219999999998,26.5,69.33,46.6,0.32999999999999996,0.004239141000000001,0.0,28.21,3.17,0.81,20.6,-24.0,65.4,78.1,8.858,-6.641,81.4
2022-12-02 23:12:59.999999+00:00,4994,0.09,0.16,0.287738739,8597,11305,0.54,632.8,-0.070587607,4564,35.9,0.35,10.729999999999999,-0.04237528399999999,9244.6,26.5,69.33,46.5,0.322,0.004169072999999999,0.0,28.22,3.17,0.815,20.6,-24.1,65.4,78.1,8.677000000000001,-7.081,81.4
2022-12-02 23:13:59.999999+00:00,5000,0.12000000000000001,0.12000000000000001,0.2823113890000001,8604,11311,0.45,634.1,-0.094007646,4569,35.9,0.36,11.44,-0.06626164299999998,9244.18,26.5,69.33,46.6,0.321,0.004100162,0.0,28.25,3.16,0.81,20.6,-23.6,65.2,78.1,8.379000000000001,-6.937,81.4
2022-12-02 23:15:00+00:00,5000,0.12000000000000001,0.14,0.281539586,8599,11304,0.5800000000000001,631.6,-0.09245380099999999,4563,35.80000000000001,0.33999999999999997,9.739999999999998,-0.052873021,9244.02,26.6,69.32,46.5,0.323,0.004032391,0.0,28.22,3.17,0.819,20.6,-23.9,65.3,78.0,8.267999999999999,-6.596,81.3
2022-12-02 23:16:00+00:00,4989,0.12000000000000001,0.15000000000000002,0.30341867700000014,8594,11302,0.53,631.6,-0.103219027,4563,35.9,0.32999999999999996,11.82,-0.064292475,9246.640000000001,26.6,69.31,46.5,0.323,0.00396574,0.0,28.22,3.15,0.809,20.7,-24.3,65.2,77.9,8.009,-6.810999999999999,81.3
2022-12-02 23:17:00+00:00,5010,0.13,0.17,0.0,8597,11299,0.53,631.8,-0.11380631599999999,4562,35.9,0.35,9.83,-0.06322978899999998,9243.99,26.6,69.31,46.5,0.323,0.003900191,0.0,28.24,3.17,0.809,20.6,-24.0,65.2,77.9,8.213999999999999,-7.1,81.3
2022-12-02 23:18:00+00:00,4998,0.12000000000000001,0.17,0.0,8598,11302,0.54,632.1,-0.11192522000000003,4564,35.80000000000001,0.31,9.98,-0.074478057,9245.51,26.6,69.31,46.6,0.326,0.102182832,0.0,28.25,3.16,0.814,20.7,-24.0,65.1,77.9,7.846,-6.970000000000001,81.3
2022-12-02 23:19:00+00:00,5004,0.05,0.14,0.0,8598,11304,0.47000000000000003,632.5,-0.15924877000000004,4565,35.80000000000001,0.29000000000000004,9.229999999999999,-0.07324701499999998,9244.240000000002,26.5,69.31,46.5,0.316,0.0021467519999999996,0.0,28.22,3.16,0.814,20.7,-23.8,65.1,77.9,7.915,-6.988,81.3
2022-12-02 23:19:59.999999+00:00,4997,0.13,0.12000000000000001,0.0,8596,11304,0.5,632.2,-0.144323171,4557,35.80000000000001,0.46,10.07,-0.07203632,9244.03,26.5,69.33,46.6,0.32,0.0021112689999999994,0.0,28.21,3.16,0.818,20.7,-24.0,65.1,77.8,7.978,-6.712,81.2
2022-12-02 23:21:00+00:00,5004,0.16,0.16,0.0,8598,11304,0.53,632.2,-0.141937664,4562,35.80000000000001,0.35,9.57,-0.070845638,9243.92,26.5,69.31,46.5,0.318,0.0020763719999999995,0.0,28.21,3.17,0.814,20.7,-24.0,65.1,77.8,7.968,-6.894999999999999,81.2
2022-12-02 23:21:59.999999+00:00,4994,0.11,0.16,0.0,8593,11301,0.51,632.1,-0.139591587,4561,35.80000000000001,0.36,9.6,-0.069674635,9245.01,26.6,69.32,46.5,0.325,0.0020420519999999995,0.0,28.21,3.16,0.81,20.7,-24.2,65.1,77.8,7.98,-6.677999999999999,81.2
2022-12-02 23:23:00+00:00,5004,0.08,0.18,0.0,8597,11302,0.54,633.0,-0.13728428800000003,4565,35.80000000000001,0.32999999999999996,9.530000000000001,-0.068522988,9245.42,26.6,69.33,46.5,0.321,0.0020082989999999994,0.0,28.22,3.16,0.818,20.7,-23.9,65.1,77.8,8.011000000000001,-7.020999999999999,81.2
2022-12-02 23:24:00+00:00,4999,0.09,0.16,0.0,8597,11309,0.47000000000000003,633.0,-0.147308514,4565,35.80000000000001,0.36,9.530000000000001,-0.067390377,9243.459999999995,26.6,69.32,46.5,0.321,0.0019751039999999997,0.0,28.22,3.15,0.818,20.7,-23.7,65.1,77.8,8.042,-6.868999999999999,81.2
2022-12-02 23:25:00+00:00,4999,0.08,0.14,0.0,8606,11312,0.53,633.7,-0.107993498,4563,35.80000000000001,0.38,8.61,-0.06627648599999998,9241.83,26.6,69.32,46.6,0.324,0.001942457,0.0,28.22,3.16,0.817,20.7,-23.4,65.1,77.9,8.398000000000001,-6.409,81.1
2022-12-02 23:26:00+00:00,4993,0.16,0.19,0.0,8602,11305,0.51,633.1,-0.093915093,4566,35.80000000000001,0.41000000000000003,8.219999999999999,-0.06518100699999999,9245.03,26.5,69.32,46.5,0.321,0.0019103509999999998,0.0,28.21,3.16,0.814,20.7,-23.7,65.1,77.9,8.467,-5.789,81.2
2022-12-02 23:26:59.999999+00:00,5002,0.15000000000000002,0.11,0.0,8607,11313,0.5800000000000001,633.8,-0.067776,4574,35.80000000000001,0.37,8.139999999999999,-0.05181024699999999,9243.849999999999,26.5,69.33,46.5,0.322,0.10022588200000002,0.0,28.21,3.16,0.818,20.7,-23.5,65.2,78.0,8.610999999999999,-6.012,81.2
2022-12-02 23:28:00+00:00,5001,0.12000000000000001,0.13,0.0,8598,11305,0.55,632.7,-0.10353590100000001,4567,35.80000000000001,0.32999999999999996,8.48,-0.06324726799999998,9245.140000000001,26.5,69.34,46.6,0.324,0.09856925600000002,0.0,28.18,3.16,0.817,20.7,-24.0,65.1,77.9,8.712,-5.918,81.2
2022-12-02 23:29:00+00:00,4999,0.09,0.14,0.0,8593,11304,0.5,631.8,-0.08953117500000002,4570,35.80000000000001,0.36,9.290000000000001,-0.062201857999999985,9246.379999999996,26.6,69.34,46.6,0.317,-0.0014070959999999996,0.0,28.22,3.17,0.813,20.7,-24.2,65.1,77.9,8.803,-6.298,81.2
2022-12-02 23:29:59.999999+00:00,5005,0.09,0.2,0.0,8592,11301,0.52,631.5,-0.10034471,4569,35.80000000000001,0.37,9.629999999999999,-0.048880339999999994,9245.51,26.6,69.32,46.6,0.32,-0.0013838379999999999,0.0,28.21,3.16,0.814,20.7,-24.3,65.2,77.9,8.89,-6.574,81.2
2022-12-02 23:30:59.999999+00:00,5006,0.14,0.11,0.0,8591,11302,0.5,632.1,-0.13556628500000004,4569,35.80000000000001,0.37,10.11,-0.060365789,9245.68,26.6,69.32,46.5,0.328,0.09698614300000001,0.0,28.21,3.17,0.819,20.6,-24.2,65.1,77.8,8.607000000000001,-6.909,81.2
2022-12-02 23:32:00+00:00,4995,0.12000000000000001,0.12000000000000001,0.0,8596,11304,0.56,632.4,-0.12103213100000002,4568,35.80000000000001,0.33999999999999997,10.43,-0.05936800700000001,9244.33,26.6,69.32,46.6,0.324,-0.0029640409999999997,0.0,28.24,3.16,0.818,20.7,-23.9,65.1,77.8,8.599,-7.037,81.2
2022-12-02 23:33:00+00:00,4997,0.07,0.2,0.0,8599,11308,0.47000000000000003,633.0,-0.082151435,4572,35.80000000000001,0.35,10.629999999999999,-0.058386718000000004,9244.869999999999,26.6,69.32,46.5,0.321,-0.002915048999999999,0.0,28.22,3.17,0.814,20.7,-23.8,65.1,77.8,8.816,-6.677,81.1
2022-12-02 23:34:00+00:00,4997,0.07,0.2,0.0,8599,11308,0.47000000000000003,633.0,-0.08079356,4572,35.80000000000001,0.35,10.629999999999999,-0.05742164799999999,9244.869999999999,26.6,69.32,46.5,0.321,-0.0028668659999999996,0.0,28.22,3.17,0.814,20.7,-23.8,65.1,77.8,8.816,-6.677,81.1
2022-12-02 23:35:00+00:00,5007,0.09,0.14,0.0,8597,11309,0.48000000000000004,632.7,-0.079458129,4566,35.80000000000001,0.36,9.01,-0.05647253,9243.730000000001,26.6,69.33,46.5,0.326,-0.0028194799999999996,0.0,28.24,3.17,0.818,20.7,-23.8,65.1,77.9,9.040000000000001,-6.33,81.1
2022-12-02 23:35:59.999999+00:00,5003,0.06,0.14,0.0,8603,11314,0.47000000000000003,633.6,-0.07814477199999999,4570,35.80000000000001,0.43000000000000005,8.780000000000001,-0.055539099999999994,9244.349999999999,26.6,69.32,46.5,0.327,-0.002772877,0.0,28.22,3.16,0.814,20.7,-23.5,65.1,77.9,9.247000000000002,-6.103999999999999,81.1
2022-12-02 23:37:00+00:00,5000,0.15000000000000002,0.18,0.0,8607,11316,0.47000000000000003,634.1,-0.06455973399999998,4572,35.80000000000001,0.36,9.219999999999999,-0.05462109799999999,9243.82,26.6,69.32,46.6,0.325,0.09562006300000002,0.0,28.22,3.17,0.817,20.7,-23.2,65.1,78.0,9.4,-5.824999999999999,81.2
2022-12-02 23:38:00+00:00,5003,0.13,0.13,0.0,8616,11321,0.46,635.2,-0.051199242999999985,4573,35.80000000000001,0.39,8.81,-0.04142488199999999,9243.349999999999,26.6,69.31,46.5,0.322,0.094039566,0.0,28.22,3.17,0.813,20.6,-23.0,65.2,78.0,9.533000000000001,-5.399,81.2
2022-12-02 23:39:00+00:00,5004,0.1,0.16,0.0,8611,11316,0.49,634.2,-0.03805958599999999,4568,35.80000000000001,0.41000000000000003,8.34,-0.040740172999999984,9243.219999999998,26.6,69.32,46.5,0.32,0.092485193,0.0,28.22,3.17,0.814,20.6,-23.3,65.2,78.0,9.755,-4.9239999999999995,81.2
2022-12-02 23:39:59.999999+00:00,5010,0.12000000000000001,0.14,0.0,8607,11313,0.49,633.5,-0.037430502,4571,35.80000000000001,0.41000000000000003,8.739999999999998,-0.04006678100000001,9245.869999999999,26.6,69.34,46.5,0.322,-0.007390594999999998,0.0,28.21,3.17,0.817,20.6,-23.6,65.2,77.9,9.773000000000001,-4.937,81.2
2022-12-02 23:41:00+00:00,4992,0.09,0.2,0.0,8602,11309,0.53,632.6,-0.036811816000000004,4577,35.7,0.42000000000000004,9.350000000000001,-0.051697909,9246.349999999999,26.6,69.34,46.6,0.325,-0.007268435999999999,0.0,28.22,3.17,0.818,20.7,-23.8,65.1,77.9,9.498000000000001,-5.411,81.2
2022-12-02 23:42:00+00:00,5008,0.1,0.15000000000000002,0.0,8601,11308,0.49,632.8,-0.060790133,4563,35.80000000000001,0.39,7.970000000000001,-0.03855001,9245.449999999999,26.6,69.33,46.6,0.324,0.09119880999999999,0.0,28.24,3.17,0.813,20.7,-23.9,65.2,77.9,9.212,-6.057999999999999,81.2
2022-12-02 23:43:00+00:00,4998,0.11,0.13,0.0,8598,11307,0.49,632.6,-0.04749194899999999,4570,35.7,0.36,9.030000000000001,-0.03791282,9245.78,26.6,69.33,46.6,0.322,0.08969139200000002,0.0,28.22,3.16,0.813,20.7,-23.8,65.2,77.9,8.844000000000001,-6.357999999999999,81.2
2022-12-02 23:44:00+00:00,4995,0.12000000000000001,0.16,0.0,8599,11311,0.5,633.3,-0.059000345999999995,4573,35.80000000000001,0.38,10.3,-0.04957954999999999,9244.52,26.6,69.33,46.6,0.323,-0.010138217999999994,0.0,28.24,3.16,0.814,20.7,-23.8,65.1,77.9,8.672,-6.6819999999999995,81.2
2022-12-02 23:45:00+00:00,5000,0.1,0.17,0.0,8609,11318,0.53,634.5,-0.033438357,4570,35.80000000000001,0.33999999999999997,8.93,-0.036466664999999995,9243.53,26.6,69.33,46.5,0.316,0.088376464,0.0,28.24,3.17,0.814,20.7,-23.3,65.2,77.9,8.457,-6.626999999999999,81.2
2022-12-02 23:46:00+00:00,5002,0.11,0.11,0.0,8613,11324,0.45,635.4,-0.032885657,4573,35.80000000000001,0.39,9.91,-0.023570520999999994,9242.65,26.6,69.34,46.5,0.318,-0.011431411999999998,0.0,28.25,3.17,0.817,20.7,-22.9,65.3,78.0,8.906,-5.946,81.2
2022-12-02 23:47:00+00:00,4995,0.12000000000000001,0.1,0.0,8617,11330,0.51,636.5,-0.044635481,4571,35.80000000000001,0.42000000000000004,9.01,-0.023180925999999994,9243.32,26.6,69.34,46.6,0.318,0.08710464500000001,0.0,28.22,3.16,0.817,20.7,-22.6,65.3,78.1,9.247000000000002,-5.196999999999999,81.2
2022-12-02 23:47:59.999999+00:00,4993,0.18,0.16,0.0,8622,11332,0.42000000000000004,636.5,-0.007017538999999998,4562,35.80000000000001,0.37,7.67,-0.010504382,9241.65,26.6,69.35,46.5,0.32,-0.012682209,0.0,28.22,3.16,0.817,20.7,-22.4,65.4,78.2,9.773000000000001,-4.561999999999999,81.3
2022-12-02 23:48:59.999999+00:00,5005,0.12000000000000001,0.12000000000000001,0.0,8616,11329,0.5,636.0,0.005391842000000001,4569,35.80000000000001,0.37,7.99,-0.010330755999999998,9242.33,26.6,69.33,46.5,0.321,0.08587452200000001,0.0,28.24,3.16,0.813,20.7,-22.7,65.4,78.2,10.253,-3.9539999999999997,81.3
2022-12-02 23:50:00+00:00,4992,0.12000000000000001,0.11,0.0,8615,11327,0.47000000000000003,635.6,-0.006990668000000001,4570,35.80000000000001,0.44,8.530000000000001,-0.010159998999999996,9242.82,26.6,69.35,46.5,0.327,-0.013891998999999999,0.0,28.22,3.16,0.814,20.7,-22.7,65.4,78.2,10.009,-4.438,81.3
2022-12-02 23:50:59.999999+00:00,4992,0.12000000000000001,0.11,0.0,8615,11327,0.47000000000000003,635.6,-0.00687512,4570,35.80000000000001,0.44,8.530000000000001,-0.009992065000000001,9242.82,26.6,69.35,46.5,0.327,-0.01366238,0.0,28.22,3.16,0.814,20.7,-22.7,65.4,78.2,10.009,-4.438,81.3
2022-12-02 23:51:59.999999+00:00,4995,0.13,0.15000000000000002,0.0,8612,11323,0.47000000000000003,635.2,-0.006761480999999999,4572,35.80000000000001,0.38,7.94,-0.009826907000000003,9244.349999999999,26.6,69.33,46.6,0.32,-0.013436555,0.0,28.22,3.16,0.814,20.7,-22.9,65.4,78.1,9.446000000000002,-4.905,81.3
2022-12-02 23:53:00+00:00,5003,0.11,0.11,0.0,8615,11328,0.49,636.3,0.005643667,4570,35.80000000000001,0.47000000000000003,8.47,0.014922297999999999,9241.77,26.6,69.34,46.6,0.316,-0.013214462999999996,0.0,28.24,3.16,0.813,20.7,-22.8,65.6,78.1,9.360000000000001,-5.335,81.3
2022-12-02 23:54:00+00:00,4994,0.12000000000000001,0.17,0.0,8619,11326,0.56,635.8,0.017843772,4573,35.80000000000001,0.41000000000000003,9.620000000000001,0.014675647999999994,9241.31,26.5,69.35,46.6,0.321,-0.012996041999999996,0.0,28.2,3.17,0.814,20.7,-22.6,65.6,78.2,9.282,-5.282,81.3
2022-12-02 23:55:00+00:00,5001,0.14,0.18,0.0,8610,11318,0.47000000000000003,634.5,0.017548833,4573,35.80000000000001,0.44,10.65,-0.010153700999999998,9242.92,26.6,69.35,46.6,0.316,-0.012781231999999998,0.0,28.22,3.16,0.818,20.7,-23.2,65.4,78.1,9.203000000000001,-5.476000000000001,81.4
2022-12-02 23:55:59.999999+00:00,5001,0.14,0.18,0.0,8610,11318,0.47000000000000003,634.5,0.01725877,4573,35.80000000000001,0.44,10.65,-0.009985872,9242.92,26.6,69.35,46.6,0.316,-0.012569971999999999,0.0,28.22,3.16,0.818,20.7,-23.2,65.4,78.1,9.203000000000001,-5.476000000000001,81.4
2022-12-02 23:56:59.999999+00:00,5001,0.14,0.18,0.0,8610,11318,0.47000000000000003,634.5,0.016973501,4573,35.80000000000001,0.44,10.65,-0.009820816000000001,9242.92,26.6,69.35,46.6,0.316,-0.012362203999999998,0.0,28.22,3.16,0.818,20.7,-23.2,65.4,78.1,9.203000000000001,-5.476000000000001,81.4
2022-12-02 23:58:00+00:00,5001,0.14,0.18,0.0,8610,11318,0.47000000000000003,634.5,0.016692947,4573,35.80000000000001,0.44,10.65,-0.009658488000000002,9242.92,26.6,69.35,46.6,0.316,-0.012157869999999998,0.0,28.22,3.16,0.818,20.7,-23.2,65.4,78.1,9.203000000000001,-5.476000000000001,81.4
2022-12-02 23:58:59.999999+00:00,5001,0.14,0.18,0.0,8610,11318,0.47000000000000003,634.5,0.016417031,4573,35.80000000000001,0.44,10.65,-0.009498844,9242.92,26.6,69.35,46.6,0.316,-0.011956912999999998,0.0,28.22,3.16,0.818,20.7,-23.2,65.4,78.1,9.203000000000001,-5.476000000000001,81.4
2022-12-03 00:00:00+00:00,5001,0.14,0.18,0.0,8610,11318,0.47000000000000003,634.5,0.016145675000000005,4573,35.80000000000001,0.44,10.65,-0.009341838000000003,9242.92,26.6,69.35,46.6,0.316,-0.011759278,0.0,28.22,3.16,0.818,20.7,-23.2,65.4,78.1,9.203000000000001,-5.476000000000001,81.4
2022-12-03 00:01:00+00:00,5002,0.11,0.16,0.21933611500000003,8603,11315,0.45,633.9,-0.021001361000000003,4570,35.80000000000001,0.41000000000000003,9.719999999999999,-0.009187428000000001,9245.359999999999,26.6,69.35,46.6,0.325,-0.01156491,0.0,28.21,3.17,0.814,20.7,-23.6,65.4,78.1,8.841000000000001,-5.84,81.3
2022-12-03 00:01:59.999999+00:00,5004,0.08,0.15000000000000002,0.23769028900000003,8595,11309,0.47000000000000003,633.0,-0.020654231,4569,35.80000000000001,0.38,10.46,-0.009035569,9244.26,26.6,69.35,46.6,0.314,-0.011373754,0.0,28.21,3.16,0.814,20.7,-23.8,65.4,78.1,8.766,-6.248,81.4
2022-12-03 00:02:59.999999+00:00,4999,0.09,0.18,0.28239273200000004,8596,11305,0.53,632.5,-0.04489961600000001,4569,35.80000000000001,0.43000000000000005,10.39,-0.008886221000000001,9244.25,26.6,69.36,46.6,0.329,-0.011185758,0.0,28.21,3.17,0.814,20.7,-24.0,65.4,78.0,8.601,-6.726999999999999,81.3
2022-12-03 00:04:00+00:00,4999,0.11,0.18,0.27707843100000007,8597,11305,0.52,632.5,-0.031864085,4576,35.80000000000001,0.37,11.47,-0.021032729999999996,9243.52,26.6,69.34,46.6,0.322,-0.011000870000000001,0.0,28.21,3.16,0.813,20.7,-24.0,65.3,78.0,8.582,-6.99,81.3
2022-12-03 00:04:59.999999+00:00,5000,0.11,0.15000000000000002,0.205228511,8607,11318,0.49,634.6,-0.031337406,4572,35.80000000000001,0.36,11.44,-0.020685080999999998,9242.129999999997,26.6,69.36,46.6,0.32,-0.010819036999999998,0.0,28.22,3.16,0.813,20.7,-23.3,65.3,78.0,8.648,-6.855999999999999,81.3
2022-12-03 00:05:59.999999+00:00,5000,0.13,0.17,0.20149454800000002,8609,11321,0.46,635.1,-0.030819432,4570,35.80000000000001,0.45,10.050000000000002,-0.032636568000000005,9242.379999999996,26.6,69.35,46.6,0.319,-0.010640209999999999,0.0,28.22,3.17,0.814,20.7,-23.2,65.2,78.0,8.713999999999999,-6.29,81.3
2022-12-03 00:06:59.999999+00:00,4997,0.1,0.16,0.0,8611,11321,0.48000000000000004,635.2,-0.005723243000000001,4568,35.80000000000001,0.37,10.07,-0.019803731999999998,9242.15,26.6,69.34,46.6,0.323,0.08788276799999999,0.0,28.21,3.16,0.813,20.7,-23.1,65.3,78.1,8.803,-6.052,81.3
2022-12-03 00:08:00+00:00,5005,0.08,0.19,0.0,8612,11323,0.5800000000000001,635.2,-0.0056286439999999995,4572,35.80000000000001,0.32999999999999996,10.48,-0.019476396999999993,9243.18,26.6,69.33,46.6,0.321,-0.011916946999999997,0.0,28.22,3.16,0.813,20.7,-23.0,65.3,78.1,8.93,-5.723999999999999,81.3
2022-12-03 00:09:00+00:00,4999,0.13,0.08,0.0,8613,11321,0.47000000000000003,634.9,-0.030122385999999994,4569,35.80000000000001,0.4,9.58,-0.019154473999999998,9242.9,26.6,69.34,46.6,0.326,-0.011719971999999999,0.0,28.21,3.17,0.813,20.7,-23.1,65.3,78.1,9.075000000000001,-5.496,81.3
2022-12-03 00:10:00+00:00,4997,0.1,0.18,0.0,8608,11318,0.49,634.6,-0.017331106,4573,35.80000000000001,0.42000000000000004,9.139999999999999,-0.018837871,9243.52,26.6,69.34,46.5,0.323,-0.011526254,0.0,28.2,3.16,0.817,20.7,-23.3,65.3,78.1,9.142,-5.423,81.3
2022-12-03 00:11:00+00:00,4992,0.09,0.15000000000000002,0.0,8611,11322,0.51,635.1,-0.017044641999999995,4570,35.80000000000001,0.43000000000000005,9.05,-0.018526501,9244.76,26.6,69.35,46.6,0.323,-0.011335736999999999,0.0,28.21,3.16,0.814,20.7,-23.0,65.3,78.1,9.117999999999999,-5.6209999999999996,81.3
2022-12-03 00:11:59.999999+00:00,5007,0.12000000000000001,0.17,0.0,8611,11326,0.51,635.9,-0.029056300999999996,4575,35.80000000000001,0.39,9.49,-0.018220278,9243.43,26.6,69.36,46.5,0.327,-0.011148369999999998,0.0,28.22,3.16,0.813,20.7,-22.9,65.3,78.1,9.277000000000001,-5.509,81.3
2022-12-03 00:13:00+00:00,5000,0.12000000000000001,0.17,0.0,8614,11327,0.55,635.6,-0.028576030999999995,4571,35.80000000000001,0.41000000000000003,9.43,-0.017919116,9242.51,26.6,69.35,46.5,0.318,-0.010964099,0.0,28.22,3.16,0.813,20.7,-22.9,65.3,78.1,9.449,-5.382,81.3
2022-12-03 00:14:00+00:00,4998,0.08,0.11,0.0,8617,11327,0.53,635.9,-0.015810311999999997,4569,35.80000000000001,0.38,9.51,-0.005329543999999999,9243.04,26.6,69.34,46.5,0.325,-0.010782874000000003,0.0,28.22,3.16,0.813,20.7,-23.2,65.4,78.1,9.447999999999999,-5.254999999999999,81.3
2022-12-03 00:14:59.999999+00:00,4998,0.08,0.11,0.0,8609,11321,0.54,634.9,-0.003255596,4569,35.80000000000001,0.39,9.129999999999999,-0.005241452,9244.349999999999,26.7,69.35,46.6,0.324,-0.010604644999999998,0.0,28.21,3.16,0.814,20.7,-23.2,65.4,78.1,9.127999999999998,-5.585,81.3
2022-12-03 00:15:59.999999+00:00,4995,0.08,0.13,0.0,8608,11322,0.48000000000000004,635.1,-0.0032017840000000005,4572,35.80000000000001,0.42000000000000004,8.21,-0.005154816999999998,9244.349999999999,26.6,69.35,46.6,0.323,-0.010429361999999998,0.0,28.22,3.16,0.817,20.7,-23.2,65.4,78.1,9.127999999999998,-5.585,81.3
2022-12-03 00:17:00+00:00,4999,0.12000000000000001,0.18,0.0,8617,11326,0.51,635.8,0.009144525999999998,4572,35.80000000000001,0.41000000000000003,9.11,-0.005069613,9242.7,26.7,69.34,46.5,0.325,-0.010256975999999998,0.0,28.21,3.16,0.817,20.7,-22.8,65.4,78.1,9.154000000000003,-5.655999999999999,81.3
2022-12-03 00:18:00+00:00,4990,0.08,0.09,0.0,8613,11325,0.49,635.2,0.033580153999999994,4564,35.80000000000001,0.38,9.11,-0.004985818,9243.0,26.6,69.35,46.6,0.321,-0.010087439,0.0,28.21,3.16,0.813,20.7,-23.1,65.4,78.1,9.081000000000001,-5.481,81.3
2022-12-03 00:19:00+00:00,5002,0.12000000000000001,0.11,0.0,8607,11316,0.51,634.5,-0.003855054999999999,4570,35.80000000000001,0.35,8.5,-0.004903408,9244.03,26.6,69.34,46.5,0.325,-0.009920704,0.0,28.21,3.16,0.813,20.7,-23.2,65.4,78.1,8.995000000000001,-5.602999999999999,81.3
2022-12-03 00:20:00+00:00,5002,0.1,0.18,0.0,8607,11316,0.45,634.3,-0.0037913350000000003,4569,35.80000000000001,0.39,8.5,-0.0048223599999999995,9244.61,26.6,69.35,46.6,0.313,-0.009756726,0.0,28.22,3.16,0.817,20.7,-23.3,65.4,78.1,8.959000000000001,-5.797,81.3
2022-12-03 00:20:59.999999+00:00,4995,0.1,0.14,0.0,8604,11312,0.51,634.5,-0.003728669,4573,35.80000000000001,0.37,9.27,-0.004742651,9243.99,26.6,69.35,46.6,0.322,0.08875165000000002,0.0,28.21,3.16,0.817,20.7,-23.3,65.4,78.1,8.59,-6.173,81.3
2022-12-03 00:22:00+00:00,4995,0.12000000000000001,0.12000000000000001,0.0,8604,11312,0.54,633.4,-0.028253815,4565,35.80000000000001,0.41000000000000003,9.360000000000001,-0.016957649,9243.740000000002,26.6,69.35,46.6,0.326,-0.011062427000000001,0.0,28.22,3.16,0.813,20.7,-23.7,65.3,78.1,8.636999999999999,-6.254999999999999,81.3
2022-12-03 00:23:00+00:00,4995,0.14,0.1,0.0,8607,11315,0.49,634.3,-0.027786809,4562,35.80000000000001,0.38,9.239999999999998,-0.016677357,9244.16,26.6,69.36999999999999,46.6,0.322,-0.010879577,0.0,28.21,3.16,0.813,20.7,-23.4,65.3,78.1,8.474,-6.575,81.3
2022-12-03 00:24:00+00:00,4995,0.09,0.16,0.0,8607,11315,0.5800000000000001,634.3,-0.027327522999999996,4562,35.9,0.41000000000000003,9.68,-0.016401698,9242.52,26.6,69.36999999999999,46.6,0.324,-0.010699748999999998,0.0,28.21,3.16,0.814,20.7,-23.4,65.3,78.1,8.504000000000001,-6.486,81.3
2022-12-03 00:24:59.999999+00:00,4997,0.11,0.19,0.0,8607,11316,0.51,634.4,-0.039169217,4573,35.80000000000001,0.4,8.99,-0.016130596,9243.49,26.6,69.34,46.5,0.324,-0.010522894,0.0,28.21,3.15,0.817,20.7,-23.3,65.3,78.1,8.623999999999999,-6.281,81.3
2022-12-03 00:26:00+00:00,4995,0.08,0.16,0.0,8605,11317,0.48000000000000004,634.8,-0.0016416269999999999,4574,35.9,0.43000000000000005,8.6,-0.003570586,9243.629999999997,26.6,69.35,46.6,0.323,-0.010348961999999996,0.0,28.22,3.16,0.818,20.7,-23.3,65.4,78.1,8.702,-6.09,81.3
2022-12-03 00:27:00+00:00,5000,0.08,0.16,0.0,8610,11322,0.54,635.2,-0.001614493,4574,35.80000000000001,0.35,9.21,-0.015804956,9243.81,26.6,69.35,46.5,0.321,0.088169203,0.0,28.22,3.17,0.8120000000000002,20.7,-23.0,65.3,78.1,8.731000000000002,-6.076,81.3
2022-12-03 00:27:59.999999+00:00,5006,0.11,0.1,0.0,8610,11325,0.51,635.5,-0.013881195000000002,4569,35.80000000000001,0.4,9.21,-0.003250329,9242.56,26.6,69.35,46.6,0.324,0.086711861,0.0,28.2,3.16,0.814,20.7,-22.9,65.4,78.1,9.17,-5.552,81.3
2022-12-03 00:29:00+00:00,4998,0.12000000000000001,0.15000000000000002,0.0,8614,11328,0.42000000000000004,635.8,-0.001358365,4577,35.80000000000001,0.42000000000000004,9.719999999999999,-0.0031966049999999995,9242.69,26.6,69.35,46.5,0.322,0.08527860699999998,0.0,28.22,3.16,0.814,20.7,-22.9,65.4,78.2,9.225,-5.405,81.3
2022-12-03 00:30:00+00:00,4996,0.12000000000000001,0.16,0.0,8621,11333,0.5,636.9,-0.001335913,4569,35.80000000000001,0.41000000000000003,8.49,0.021443009000000002,9242.51,26.6,69.36999999999999,46.6,0.32,-0.014478063999999997,0.0,28.2,3.16,0.814,20.7,-22.4,65.6,78.2,9.525,-5.087,81.3
2022-12-03 00:30:59.999999+00:00,5002,0.1,0.12000000000000001,0.0,8620,11332,0.52,637.1,0.010979556999999997,4569,35.80000000000001,0.4,10.18,0.021088579,9242.39,26.6,69.36999999999999,46.6,0.314,-0.014238756999999996,0.0,28.21,3.16,0.813,20.7,-22.4,65.6,78.2,9.677999999999999,-4.643999999999999,81.3
2022-12-03 00:32:00+00:00,5004,0.11,0.16,0.0,8627,11341,0.52,638.2,0.02309146499999999,4581,35.80000000000001,0.43000000000000005,9.3,0.020740007,9242.349999999999,26.6,69.35,46.6,0.324,0.084343701,0.0,28.21,3.16,0.813,20.7,-22.1,65.6,78.3,10.046000000000001,-4.489,81.3
2022-12-03 00:32:59.999999+00:00,5003,0.12000000000000001,0.15000000000000002,0.0,8626,11340,0.47000000000000003,637.8,0.035003176000000004,4579,35.80000000000001,0.47000000000000003,9.39,0.020397196999999995,9243.51,26.6,69.36999999999999,46.5,0.324,-0.015397516999999996,0.0,28.2,3.16,0.814,20.7,-22.2,65.6,78.3,10.467000000000002,-4.092,81.4
2022-12-03 00:33:59.999999+00:00,5001,0.11,0.25,0.0,8630,11341,0.51,637.9,0.059011388,4578,35.80000000000001,0.32999999999999996,10.229999999999999,0.032353442,9242.89,26.6,69.36999999999999,46.6,0.32999999999999996,-0.015143011999999997,0.0,28.2,3.16,0.813,20.7,-22.0,65.7,78.4,10.356000000000002,-4.226,81.4
2022-12-03 00:35:00+00:00,5008,0.12000000000000001,0.16,0.0,8622,11335,0.54,637.7,0.070329382,4584,35.80000000000001,0.36,10.16,0.031818674,9243.62,26.5,69.36999999999999,46.6,0.322,-0.014892714999999999,0.0,28.21,3.16,0.813,20.7,-22.3,65.7,78.4,10.349,-4.154999999999999,81.5
2022-12-03 00:35:59.999999+00:00,5001,0.08,0.21000000000000002,0.0,8626,11335,0.45,636.9,0.08146030100000003,4576,35.80000000000001,0.48000000000000004,9.57,0.031292746,9243.849999999999,26.5,69.36999999999999,46.6,0.32,-0.014646554,0.0,28.2,3.16,0.814,20.7,-22.4,65.7,78.4,10.088000000000001,-4.4639999999999995,81.6
2022-12-03 00:36:59.999999+00:00,4993,0.08,0.17,0.0,8621,11335,0.5,637.0,0.04323368400000001,4574,35.9,0.41000000000000003,8.77,0.030775509999999996,9244.78,26.5,69.36999999999999,46.6,0.323,-0.014404461999999998,0.0,28.2,3.16,0.817,20.7,-22.4,65.7,78.4,9.454,-4.79,81.6
2022-12-03 00:38:00+00:00,5005,0.08,0.16,0.0,8623,11338,0.48000000000000004,637.6,0.042519077999999995,4579,35.9,0.35,8.76,0.030266823999999994,9243.19,26.5,69.36,46.6,0.324,-0.014166371999999998,0.0,28.21,3.16,0.813,20.7,-22.4,65.7,78.3,9.202,-5.254,81.5
2022-12-03 00:38:59.999999+00:00,5002,0.09,0.17,0.0,8623,11336,0.44,637.6,0.054109672,4573,35.9,0.44,8.790000000000001,0.029766545999999994,9243.19,26.5,69.36999999999999,46.6,0.32,-0.013932216999999998,0.0,28.24,3.16,0.814,20.7,-22.4,65.7,78.3,9.362000000000002,-5.167999999999999,81.6
2022-12-03 00:39:59.999999+00:00,4997,0.1,0.2,0.0,8625,11342,0.48000000000000004,638.5,0.065508685,4576,35.9,0.39,8.21,0.029274537,9243.369999999999,26.6,69.36999999999999,46.6,0.328,-0.013701932999999998,0.0,28.22,3.16,0.814,20.7,-22.2,65.7,78.3,9.384,-5.09,81.5
2022-12-03 00:40:59.999999+00:00,4996,0.1,0.16,0.0,8627,11342,0.48000000000000004,637.9,0.064425897,4574,36.0,0.44,8.17,0.02879065999999999,9242.5,26.5,69.36,46.6,0.324,-0.013475454,0.0,28.22,3.16,0.813,20.7,-22.1,65.7,78.4,9.540000000000001,-4.878,81.6
2022-12-03 00:41:59.999998+00:00,5010,0.11,0.13,0.0,8623,11333,0.48000000000000004,636.4,0.063361006,4572,35.9,0.41000000000000003,8.629999999999999,0.028314781999999993,9244.54,26.5,69.36999999999999,46.6,0.326,-0.01325272,0.0,28.22,3.16,0.813,20.7,-22.4,65.7,78.4,9.68,-4.538,81.6
2022-12-03 00:42:59.999999+00:00,4999,0.1,0.16,0.0,8620,11331,0.45,636.3,0.050020328999999995,4576,35.9,0.36,7.87,0.027846769,9244.799999999997,26.6,69.36,46.6,0.325,-0.013033665999999998,0.0,28.21,3.16,0.814,20.7,-22.6,65.7,78.3,9.396,-4.96,81.6
2022-12-03 00:43:59.999999+00:00,5006,0.15000000000000002,0.11,0.0,8625,11337,0.49,637.5,0.04919354599999999,4573,35.9,0.47000000000000003,8.52,0.027386491999999995,9244.06,26.6,69.38,46.6,0.328,-0.012818233999999998,0.0,28.24,3.16,0.813,20.7,-22.4,65.7,78.3,9.356000000000005,-5.179,81.6
2022-12-03 00:45:00+00:00,4993,0.1,0.15000000000000002,0.0,8630,11342,0.47000000000000003,638.4,0.036087041,4573,35.9,0.39,8.3,0.026933822000000003,9241.48,26.6,69.36,46.5,0.322,0.08574074500000001,0.0,28.21,3.15,0.813,20.7,-21.9,65.7,78.3,9.462000000000002,-5.131,81.6
2022-12-03 00:46:00+00:00,4994,0.11,0.09,0.0,8631,11344,0.5,639.0,0.035490561,4578,35.9,0.44,8.719999999999999,0.026488635,9242.31,26.6,69.36999999999999,46.6,0.323,-0.014023565,0.0,28.22,3.15,0.813,20.7,-21.9,65.7,78.4,9.379000000000001,-4.741,81.6
2022-12-03 00:47:00+00:00,4993,0.1,0.18,0.0,8629,11345,0.42000000000000004,639.0,0.059490717,4582,35.9,0.4,9.89,0.026050807,9242.91,26.5,69.38,46.6,0.329,-0.013791770000000002,0.0,28.21,3.15,0.813,20.7,-22.0,65.7,78.4,9.522,-4.483,81.6
2022-12-03 00:47:59.999999+00:00,5005,0.11,0.11,0.0,8632,11347,0.48000000000000004,638.9,0.0585074,4580,35.9,0.35,9.229999999999999,0.025620215,9242.78,26.5,69.36999999999999,46.6,0.325,-0.013563807,0.0,28.2,3.16,0.816,20.7,-22.0,65.7,78.5,10.139999999999999,-4.287,81.6
2022-12-03 00:49:00+00:00,4998,0.14,0.16,0.0,8625,11342,0.46,638.2,0.06983372400000001,4582,35.9,0.48000000000000004,9.290000000000001,0.025196739999999992,9243.730000000001,26.5,69.36999999999999,46.6,0.324,0.085007496,0.0,28.21,3.16,0.814,20.7,-22.2,65.7,78.5,10.017000000000001,-4.262,81.7
2022-12-03 00:49:59.999999+00:00,5003,0.11,0.14,0.0,8630,11344,0.47000000000000003,638.3,0.056386059,4581,35.9,0.4,8.16,0.024780264999999996,9244.240000000002,26.5,69.36,46.6,0.325,-0.014744693999999996,0.0,28.2,3.16,0.814,20.7,-22.1,65.7,78.4,9.932,-4.542,81.7
2022-12-03 00:50:59.999999+00:00,5004,0.11,0.13,0.0,8622,11338,0.42000000000000004,637.4,0.067747446,4584,35.9,0.41000000000000003,8.05,0.024370673999999995,9243.51,26.5,69.36,46.6,0.325,-0.014500979999999998,0.0,28.21,3.16,0.813,20.7,-22.4,65.7,78.4,9.987,-4.646999999999999,81.7
2022-12-03 00:51:59.999999+00:00,5001,0.09,0.16,0.0,8628,11342,0.47000000000000003,638.1,0.04204087699999999,4580,35.9,0.42000000000000004,8.55,0.023967852999999994,9244.369999999999,26.5,69.36999999999999,46.6,0.322,-0.014261294999999998,0.0,28.21,3.16,0.813,20.7,-22.3,65.7,78.3,9.496,-5.153999999999999,81.7
2022-12-03 00:53:00+00:00,4997,0.13,0.14,0.0,8629,11343,0.47000000000000003,638.2,0.065932763,4581,35.9,0.4,8.870000000000003,0.023571689999999992,9242.049999999997,26.5,69.36999999999999,46.6,0.323,0.08432153699999999,0.0,28.22,3.16,0.817,20.7,-22.2,65.7,78.4,9.610999999999999,-5.226999999999999,81.7
2022-12-03 00:53:59.999999+00:00,4995,0.11,0.09,0.0,8626,11343,0.54,638.3,0.064842966,4583,36.0,0.39,8.11,0.035475464,9243.17,26.6,69.36,46.6,0.324,-0.015419314999999996,0.0,28.22,3.16,0.813,20.7,-22.3,65.8,78.5,9.559000000000001,-5.022999999999999,81.6
2022-12-03 00:55:00+00:00,5004,0.12000000000000001,0.11,0.0,8624,11338,0.53,637.6,0.06377118099999998,4580,36.0,0.38,7.99,0.022595703999999998,9244.28,26.5,69.36999999999999,46.6,0.321,-0.015164451,0.0,28.2,3.16,0.813,20.7,-22.2,65.7,78.5,9.586,-4.992,81.7
2022-12-03 00:56:00+00:00,5010,0.1,0.1,0.0,8625,11338,0.49,637.7,0.050423723,4579,36.0,0.41000000000000003,8.49,0.022222220999999997,9243.549999999997,26.5,69.36999999999999,46.6,0.324,-0.014913798999999998,0.0,28.21,3.16,0.813,20.7,-22.4,65.7,78.4,9.222999999999999,-5.353999999999999,81.7
2022-12-03 00:56:59.999999+00:00,5000,0.09,0.15000000000000002,0.0,8621,11332,0.46,637.2,0.025003497,4579,36.0,0.38,8.729999999999999,0.021854912000000004,9242.76,26.6,69.36999999999999,46.6,0.322,-0.014667288999999998,0.0,28.22,3.16,0.814,20.7,-22.4,65.7,78.4,9.126999999999999,-5.476000000000001,81.7
2022-12-03 00:58:00+00:00,5003,0.11,0.14,0.0,8618,11331,0.49,636.8,0.04917699300000001,4580,36.0,0.45,9.139999999999999,0.021493674,9244.27,26.6,69.36,46.6,0.324,-0.014424855,0.0,28.21,3.16,0.814,20.7,-22.7,65.7,78.3,9.126999999999999,-5.319,81.7
2022-12-03 00:59:00+00:00,5009,0.11,0.18,0.0,8623,11339,0.44,637.6,0.060657538,4578,36.0,0.47000000000000003,8.57,0.021138405999999995,9243.42,26.5,69.39,46.6,0.319,-0.014186427999999997,0.0,28.21,3.16,0.813,20.7,-22.4,65.7,78.3,9.123999999999999,-5.684999999999999,81.7
2022-12-03 00:59:59.999999+00:00,5003,0.11,0.09,0.0,8623,11341,0.43000000000000005,638.1,0.04736154599999999,4579,36.0,0.4,7.159999999999999,0.020789011,9242.4,26.5,69.36,46.6,0.324,-0.013951940999999999,0.0,28.24,3.16,0.813,20.7,-22.3,65.7,78.4,9.302000000000001,-5.343999999999999,81.7
2022-12-03 01:00:59.999999+00:00,4992,0.08,0.14,0.0,8625,11335,0.5,637.2,0.05887209899999999,4570,36.0,0.43000000000000005,8.15,0.020445391,9243.58,26.5,69.38,46.6,0.321,-0.013721331000000002,0.0,28.22,3.16,0.814,20.7,-22.3,65.7,78.4,9.579,-5.0569999999999995,81.7
2022-12-03 01:02:00+00:00,5000,0.12000000000000001,0.17,0.0,8619,11331,0.47000000000000003,636.7,0.045605617999999994,4571,35.9,0.44,8.3,0.020107450999999995,9243.39,26.5,69.38,46.6,0.316,-0.013494531999999998,0.0,28.24,3.16,0.817,20.7,-22.4,65.7,78.4,9.497000000000003,-4.905,81.7
2022-12-03 01:02:59.999999+00:00,4997,0.09,0.15000000000000002,0.0,8625,11334,0.47000000000000003,637.3,0.03255841699999999,4569,36.0,0.43000000000000005,8.11,0.019775095999999995,9243.740000000002,26.6,69.39,46.5,0.327,-0.013271482,0.0,28.22,3.16,0.817,20.7,-22.4,65.7,78.3,8.821000000000002,-5.416,81.7
2022-12-03 01:04:00+00:00,5003,0.08,0.1,0.0,8624,11339,0.45,638.0,0.032020262,4572,35.9,0.39,8.219999999999999,0.019448234999999998,9242.08,26.5,69.38,46.6,0.327,-0.013052118,0.0,28.24,3.16,0.814,20.7,-22.1,65.7,78.4,9.11,-5.272,81.7
2022-12-03 01:05:00+00:00,4996,0.1,0.11,0.0,8630,11337,0.48000000000000004,637.4,0.031491001,4571,35.9,0.38,9.040000000000001,0.019126776999999998,9242.69,26.5,69.36999999999999,46.6,0.327,-0.012836380999999997,0.0,28.24,3.16,0.816,20.7,-22.4,65.7,78.3,9.196000000000002,-5.026999999999999,81.7
2022-12-03 01:05:59.999999+00:00,5003,0.07,0.16,0.0,8623,11333,0.48000000000000004,636.8,0.006383711999999999,4566,35.9,0.39,8.1,0.018810631999999997,9243.640000000001,26.5,69.38,46.6,0.321,-0.012624208999999999,0.0,28.24,3.16,0.8120000000000002,20.7,-22.4,65.7,78.3,9.306000000000003,-4.902,81.6
2022-12-03 01:07:00+00:00,5001,0.1,0.11,0.0,8619,11327,0.54,636.1,0.018571585000000005,4566,35.9,0.42000000000000004,8.65,0.018499711999999998,9245.54,26.6,69.36999999999999,46.6,0.328,-0.012415544999999998,0.0,28.24,3.15,0.813,20.7,-22.7,65.7,78.2,8.878,-5.3549999999999995,81.6
2022-12-03 01:08:00+00:00,5001,0.1,0.2,0.0,8618,11332,0.49,636.6,-0.006322160999999999,4575,35.9,0.4,8.739999999999998,0.005900543000000001,9243.51,26.5,69.38,46.6,0.324,-0.012210328999999999,0.0,28.24,3.16,0.813,20.7,-22.6,65.6,78.3,8.838000000000001,-5.758,81.6
2022-12-03 01:09:00+00:00,5000,0.13,0.14,0.0,8614,11328,0.5,636.5,0.006075726,4574,35.9,0.38,8.83,0.005803014,9243.240000000002,26.5,69.39,46.6,0.32999999999999996,-0.012008504999999997,0.0,28.21,3.16,0.813,20.7,-22.9,65.6,78.3,9.07,-5.668999999999999,81.6
2022-12-03 01:09:59.999999+00:00,4996,0.13,0.14,0.0,8614,11329,0.48000000000000004,636.2,0.005975301,4575,35.9,0.43000000000000005,7.73,0.005707096,9243.129999999997,26.5,69.39,46.6,0.322,-0.011810018,0.0,28.22,3.17,0.817,20.7,-22.9,65.6,78.3,9.158000000000001,-5.652999999999999,81.6
2022-12-03 01:11:00+00:00,4997,0.14,0.09,0.0,8619,11337,0.46,637.5,0.018169924,4573,35.9,0.38,8.08,0.005612763999999999,9243.28,26.5,69.38,46.5,0.329,-0.011614810999999997,0.0,28.21,3.16,0.813,20.7,-22.4,65.6,78.3,9.247000000000002,-5.641,81.6
2022-12-03 01:12:00+00:00,5004,0.06,0.15000000000000002,0.0,8620,11332,0.53,637.2,0.005576206000000001,4574,35.9,0.4,7.88,0.005519991,9241.53,26.5,69.38,46.6,0.322,-0.011422830000000002,0.0,28.22,3.16,0.813,20.7,-22.5,65.6,78.3,9.16,-5.408,81.6
2022-12-03 01:13:00+00:00,4999,0.06,0.13,0.0,8625,11336,0.51,637.1,0.017777426,4571,35.9,0.43000000000000005,7.88,0.01772214,9243.02,26.5,69.4,46.6,0.322,-0.011234022999999997,0.0,28.24,3.17,0.813,20.7,-22.4,65.7,78.3,9.157,-5.226,81.6
2022-12-03 01:14:00+00:00,4999,0.13,0.13,0.0,8618,11333,0.51,636.8,0.029776972999999998,4573,35.9,0.43000000000000005,8.530000000000001,0.017429211999999996,9243.49,26.5,69.38,46.6,0.318,-0.011048336999999998,0.0,28.22,3.16,0.814,20.7,-22.6,65.7,78.3,9.089,-5.282,81.5
2022-12-03 01:15:00+00:00,4998,0.1,0.1,0.0,8617,11331,0.51,636.4,0.004698014999999998,4575,35.9,0.41000000000000003,7.6499999999999995,0.017141126,9244.359999999999,26.5,69.38,46.6,0.323,-0.01086572,0.0,28.22,3.16,0.814,20.7,-22.7,65.7,78.3,9.177999999999999,-5.319999999999999,81.6
2022-12-03 01:16:00+00:00,5005,0.12000000000000001,0.14,0.0,8620,11328,0.47000000000000003,636.3,0.004620360999999999,4575,35.9,0.39,7.74,0.016857801,9242.02,26.5,69.38,46.6,0.324,-0.010686121000000002,0.0,28.22,3.17,0.813,20.7,-22.8,65.7,78.2,9.424000000000001,-5.25,81.6
2022-12-03 01:17:00+00:00,5002,0.08,0.14,0.0,8615,11331,0.47000000000000003,636.4,0.004543992,4576,35.9,0.35,8.540000000000001,0.01657916,9244.33,26.5,69.39,46.6,0.322,-0.010509490999999998,0.0,28.22,3.16,0.813,20.7,-22.6,65.7,78.2,9.307,-5.242,81.6
2022-12-03 01:17:59.999999+00:00,4999,0.12000000000000001,0.19,0.0,8628,11338,0.52,637.9,0.016762273,4577,35.9,0.38,8.47,0.004011736,9241.58,26.6,69.38,46.6,0.323,-0.01033578,0.0,28.24,3.16,0.813,20.7,-22.1,65.6,78.3,9.326,-5.379,81.6
2022-12-03 01:18:59.999999+00:00,5000,0.09,0.13,0.0,8623,11336,0.46,637.6,0.016485211,4575,35.9,0.39,7.619999999999999,0.016238815,9243.08,26.6,69.39,46.6,0.324,-0.010164940999999999,0.0,28.22,3.16,0.813,20.7,-22.4,65.7,78.4,9.512,-4.835,81.6
2022-12-03 01:20:00+00:00,4997,0.08,0.14,0.0,8621,11332,0.48000000000000004,636.6,0.040799505,4574,35.9,0.41000000000000003,8.129999999999999,0.015970404,9243.77,26.6,69.38,46.6,0.321,-0.009996926,0.0,28.22,3.16,0.813,20.7,-22.7,65.7,78.4,9.66,-4.78,81.6
2022-12-03 01:21:00+00:00,4987,0.12000000000000001,0.12000000000000001,0.0,8619,11331,0.54,636.6,0.015538355999999998,4568,35.9,0.39,7.91,0.015706431,9244.140000000001,26.6,69.4,46.6,0.313,-0.009831687,0.0,28.24,3.16,0.814,20.7,-22.7,65.7,78.3,9.463000000000003,-5.0969999999999995,81.6
2022-12-03 01:22:00+00:00,4988,0.07,0.2,0.0,8623,11335,0.47000000000000003,637.2,0.0029881350000000003,4572,36.0,0.37,8.18,0.015446820000000002,9243.34,26.6,69.4,46.6,0.321,-0.009669180000000001,0.0,28.22,3.15,0.813,20.7,-22.3,65.7,78.3,9.352000000000002,-5.319999999999999,81.6
2022-12-03 01:23:00+00:00,4999,0.12000000000000001,0.23,0.0,8620,11332,0.48000000000000004,636.5,0.015232132999999998,4572,35.9,0.44,8.21,0.015191501000000001,9242.07,26.6,69.38,46.6,0.325,-0.009509359,0.0,28.22,3.16,0.814,20.7,-22.5,65.7,78.3,9.427999999999999,-5.150999999999999,81.5
2022-12-03 01:24:00+00:00,5003,0.06,0.18,0.0,8622,11336,0.47000000000000003,637.5,0.014980361999999999,4579,35.9,0.43000000000000005,8.4,0.014940401999999998,9244.240000000002,26.6,69.38,46.6,0.319,-0.009352179000000002,0.0,28.24,3.16,0.814,20.7,-22.4,65.7,78.3,9.58,-4.929,81.6
2022-12-03 01:25:00+00:00,4991,0.09,0.09,0.0,8622,11339,0.5,637.5,0.0024393639999999994,4577,36.0,0.41000000000000003,8.040000000000001,0.014693452999999999,9242.02,26.6,69.38,46.6,0.322,0.08914950999999999,0.0,28.24,3.15,0.817,20.7,-22.3,65.7,78.4,9.855000000000002,-4.826999999999999,81.6
2022-12-03 01:25:59.999999+00:00,4997,0.15000000000000002,0.13,0.0,8622,11333,0.47000000000000003,636.8,0.002399043999999999,4572,36.0,0.4,8.48,0.014450585999999998,9243.31,26.6,69.39,46.6,0.323,-0.010671142999999996,0.0,28.24,3.16,0.813,20.7,-22.5,65.7,78.4,9.937000000000001,-4.596,81.6
2022-12-03 01:26:59.999999+00:00,5004,0.15000000000000002,0.1,0.0,8619,11332,0.54,636.7,0.014652778999999998,4578,36.0,0.39,8.44,0.014211732999999997,9243.369999999999,26.6,69.39,46.6,0.325,-0.010494760999999998,0.0,28.22,3.17,0.813,20.7,-22.5,65.7,78.4,9.863000000000003,-4.6659999999999995,81.6
2022-12-03 01:27:59.999999+00:00,5004,0.08,0.15000000000000002,0.0,8622,11341,0.52,637.9,0.0021171960000000004,4584,36.0,0.41000000000000003,8.11,0.013976829000000001,9243.7,26.6,69.39,46.5,0.326,-0.010321293999999998,0.0,28.22,3.16,0.813,20.7,-22.2,65.7,78.4,9.963000000000003,-4.834,81.6
2022-12-03 01:28:59.999999+00:00,5000,0.12000000000000001,0.16,0.0,8619,11335,0.46,637.2,0.002082201,4578,36.0,0.43000000000000005,8.49,0.013745807,9243.7,26.5,69.39,46.6,0.323,-0.010150693999999998,0.0,28.22,3.16,0.814,20.7,-22.3,65.7,78.4,9.963000000000003,-4.834,81.6
2022-12-03 01:30:00+00:00,5000,0.1,0.12000000000000001,0.0,8619,11335,0.45,637.2,0.051221337999999984,4578,36.0,0.38,8.139999999999999,0.013518602999999997,9242.19,26.5,69.39,46.6,0.323,0.08836419400000002,0.0,28.22,3.16,0.814,20.7,-22.7,65.7,78.4,10.103,-4.876,81.6
2022-12-03 01:31:00+00:00,5013,0.11,0.15000000000000002,0.0,8615,11330,0.51,636.4,0.013494539000000002,4581,35.9,0.4,8.11,0.013295154999999998,9245.459999999995,26.5,69.4,46.6,0.325,0.086903628,0.0,28.22,3.17,0.814,20.7,-22.9,65.7,78.3,9.809000000000001,-5.0,81.7
2022-12-03 01:31:59.999999+00:00,5005,0.09,0.09,0.0,8616,11330,0.44,636.5,0.013271489,4578,35.9,0.4,7.95,0.0007820119999999999,9244.52,26.5,69.39,46.6,0.324,-0.012879902999999996,0.0,28.22,3.17,0.813,20.7,-23.1,65.6,78.2,9.619,-5.457,81.6
2022-12-03 01:32:59.999999+00:00,5005,0.08,0.1,0.0,8616,11330,0.51,636.5,0.000758737,4578,35.9,0.42000000000000004,8.700000000000001,0.013062475000000002,9243.94,26.5,69.39,46.6,0.324,-0.012667011999999998,0.0,28.22,3.17,0.814,20.7,-22.7,65.7,78.2,9.566,-5.602999999999999,81.6
2022-12-03 01:34:00+00:00,4993,0.1,0.12000000000000001,0.0,8620,11335,0.49,637.2,0.000746196,4579,35.9,0.42000000000000004,8.02,0.0005531780000000001,9242.89,26.5,69.39,46.6,0.322,0.08588946800000001,0.0,28.24,3.16,0.814,20.7,-22.5,65.6,78.3,9.755,-5.37,81.6
2022-12-03 01:34:59.999999+00:00,4996,0.07,0.13,0.0,8616,11334,0.44,636.9,0.013027251,4577,35.9,0.38,8.450000000000001,0.000544034,9242.49,26.5,69.39,46.6,0.324,-0.013877299999999999,0.0,28.24,3.16,0.813,20.7,-22.6,65.6,78.3,9.733999999999998,-5.204,81.6
2022-12-03 01:35:59.999999+00:00,5001,0.12000000000000001,0.17,0.0,8621,11336,0.47000000000000003,637.7,-0.011774853,4572,35.9,0.38,8.34,0.012828431,9243.29,26.5,69.39,46.5,0.321,0.08469918400000001,0.0,28.25,3.16,0.813,20.7,-22.3,65.7,78.3,9.507000000000001,-5.171,81.6
2022-12-03 01:36:59.999998+00:00,5004,0.11,0.07,0.0,8623,11338,0.51,637.7,0.01300655,4573,35.9,0.39,8.780000000000001,0.000323002,9242.740000000002,26.5,69.4,46.6,0.325,-0.015047909999999998,0.0,28.259999999999998,3.16,0.814,20.7,-22.3,65.6,78.3,9.508000000000001,-4.817999999999999,81.6
2022-12-03 01:38:00+00:00,5000,0.1,0.13,0.0,8630,11337,0.48000000000000004,637.3,0.012791565,4571,35.9,0.42000000000000004,9.27,0.012611051,9242.69,26.5,69.4,46.6,0.318,-0.014799183999999998,0.0,28.25,3.16,0.817,20.7,-22.4,65.7,78.4,9.39,-4.867999999999999,81.6
2022-12-03 01:38:59.999999+00:00,5002,0.17,0.12000000000000001,0.0,8628,11338,0.48000000000000004,637.5,0.037166911,4576,35.9,0.41000000000000003,9.620000000000001,0.012402603999999998,9243.61,26.5,69.39,46.6,0.327,-0.014554569,0.0,28.24,3.16,0.814,20.7,-22.2,65.7,78.4,9.372000000000003,-4.889,81.6
2022-12-03 01:40:00+00:00,4999,0.11,0.2,0.0,8630,11340,0.5,637.8,0.03655258199999999,4569,35.9,0.41000000000000003,9.21,0.012197602999999996,9242.209999999997,26.5,69.39,46.6,0.32,-0.014313997999999996,0.0,28.25,3.16,0.813,20.7,-22.0,65.7,78.4,9.568000000000001,-4.716,81.6
2022-12-03 01:41:00+00:00,4998,0.07,0.14,0.0,8625,11339,0.5,637.7,0.035948406999999995,4579,35.9,0.4,9.26,0.011995989,9242.42,26.5,69.4,46.6,0.325,-0.014077402999999997,0.0,28.25,3.16,0.814,20.7,-22.0,65.7,78.4,9.75,-4.421,81.6
2022-12-03 01:41:59.999999+00:00,4992,0.12000000000000001,0.12000000000000001,0.0,8626,11338,0.44,637.6,0.023060829999999997,4574,35.9,0.42000000000000004,9.370000000000003,0.011797709,9241.07,26.5,69.39,46.6,0.322,-0.013844719,0.0,28.21,3.16,0.8120000000000002,20.7,-22.1,65.7,78.3,9.748,-4.49,81.6
2022-12-03 01:43:00+00:00,5001,0.18,0.22,0.0,8628,11341,0.42000000000000004,637.9,0.022679660000000004,4573,35.9,0.41000000000000003,9.27,0.011602705000000001,9242.84,26.5,69.39,46.6,0.324,-0.01361588,0.0,28.24,3.16,0.813,20.7,-22.1,65.7,78.3,9.695,-4.504999999999999,81.6
2022-12-03 01:44:00+00:00,5000,0.11,0.11,0.0,8628,11337,0.43000000000000005,637.4,0.010011401,4566,35.9,0.41000000000000003,10.96,0.011410925,9241.27,26.5,69.39,46.6,0.328,-0.013390824,0.0,28.22,3.16,0.813,20.7,-22.0,65.7,78.3,9.612,-4.615999999999999,81.6
2022-12-03 01:44:59.999999+00:00,5006,0.09,0.14,0.0,8626,11340,0.47000000000000003,637.7,0.0344327,4571,35.9,0.43000000000000005,10.27,0.011222314,9242.27,26.5,69.4,46.6,0.326,-0.013169489000000001,0.0,28.25,3.17,0.814,20.7,-22.1,65.7,78.4,9.536000000000001,-4.601999999999999,81.6
2022-12-03 01:45:59.999999+00:00,4991,0.1,0.19,0.21064947300000003,8629,11342,0.52,638.2,0.03386356399999999,4570,35.9,0.45,10.7,0.011036822,9241.84,26.5,69.41000000000001,46.6,0.323,-0.012951811,0.0,28.25,3.16,0.8120000000000002,20.7,-22.2,65.7,78.4,9.693999999999999,-4.5649999999999995,81.6
2022-12-03 01:47:00+00:00,5009,0.12000000000000001,0.13,0.206807631,8629,11342,0.53,638.4,0.008717059,4575,35.9,0.39,9.39,0.010854394999999996,9241.78,26.5,69.4,46.5,0.32,-0.012737731999999996,0.0,28.22,3.16,0.813,20.7,-22.0,65.7,78.4,9.723999999999998,-4.582,81.6
2022-12-03 01:48:00+00:00,5000,0.07,0.18,0.27217895000000003,8632,11348,0.45,639.3,0.03315975299999999,4574,35.9,0.4,10.450000000000001,0.010674982999999997,9240.740000000002,26.5,69.39,46.6,0.322,-0.012527189999999999,0.0,28.25,3.16,0.814,20.7,-21.9,65.7,78.4,9.732,-4.474,81.7
2022-12-03 01:49:00+00:00,5002,0.11,0.17,0.24409346800000004,8634,11345,0.45,638.6,0.04490504599999998,4582,35.9,0.45,10.98,0.010498536999999999,9242.12,26.5,69.39,46.6,0.326,0.08602697800000002,0.0,28.22,3.17,0.8120000000000002,20.7,-21.9,65.7,78.5,9.814,-4.254,81.7
2022-12-03 01:50:00+00:00,5002,0.11,0.14,0.0,8626,11346,0.45,638.6,0.04416281400000001,4585,35.9,0.4,9.32,0.010325008,9244.07,26.5,69.39,46.6,0.325,-0.013742063,0.0,28.21,3.16,0.813,20.7,-22.2,65.7,78.4,10.404,-4.141,81.7
2022-12-03 01:50:59.999999+00:00,5009,0.08,0.17,0.0,8621,11339,0.51,637.8,0.043432849999999995,4588,35.9,0.44,10.860000000000001,0.010154346999999994,9242.82,26.5,69.39,46.6,0.325,-0.013514920999999997,0.0,28.22,3.17,0.8120000000000002,20.7,-22.6,65.7,78.4,10.367000000000003,-4.538,81.7
2022-12-03 01:52:00+00:00,5001,0.09,0.14,0.21636129400000004,8628,11342,0.53,638.4,0.030421563,4582,35.9,0.49,10.55,0.009986506000000003,9241.859999999999,26.5,69.41000000000001,46.6,0.322,-0.013291534,0.0,28.21,3.17,0.813,20.7,-22.2,65.7,78.4,10.087,-4.886,81.7
2022-12-03 01:53:00+00:00,4997,0.07,0.13,0.0,8624,11344,0.45,638.7,0.029918726999999992,4579,35.9,0.45,10.22,0.00982144,9242.84,26.5,69.39,46.6,0.326,0.085275268,0.0,28.22,3.16,0.813,20.7,-22.3,65.7,78.4,10.108,-4.46,81.7
2022-12-03 01:53:59.999999+00:00,5006,0.07,0.13,0.26567546400000003,8631,11345,0.45,638.9,0.029424202999999996,4583,35.9,0.45,10.22,0.021952489999999995,9241.949999999999,26.5,69.4,46.6,0.323,-0.014481347999999998,0.0,28.22,3.15,0.813,20.7,-21.7,65.8,78.4,10.035,-4.751,81.7
2022-12-03 01:54:59.999999+00:00,5006,0.09,0.14,0.251600225,8627,11347,0.43000000000000005,638.9,0.028937852,4584,35.9,0.47000000000000003,11.46,0.009296250999999998,9241.44,26.5,69.4,46.6,0.327,-0.014241986999999996,0.0,28.21,3.17,0.8120000000000002,20.7,-21.7,65.7,78.4,10.084,-4.432,81.7
2022-12-03 01:56:00+00:00,4999,0.14,0.13,0.26056696300000004,8631,11346,0.47000000000000003,638.6,0.065339706,4586,35.9,0.48000000000000004,10.450000000000001,0.009142594,9242.359999999999,26.5,69.39,46.6,0.326,-0.014006581999999998,0.0,28.21,3.16,0.817,20.7,-21.9,65.7,78.4,10.176,-4.3469999999999995,81.8
2022-12-03 01:57:00+00:00,5000,0.13,0.19,0.0,8628,11346,0.49,638.7,0.027379546,4578,35.9,0.45,10.6,0.008991477000000001,9242.129999999997,26.5,69.39,46.6,0.324,-0.013775068,0.0,28.22,3.17,0.813,20.7,-22.1,65.7,78.4,10.061,-4.528999999999999,81.7
2022-12-03 01:57:59.999999+00:00,5003,0.09,0.18,0.0,8624,11341,0.42000000000000004,638.0,0.03922038,4584,35.9,0.45,10.02,0.008842857,9243.459999999995,26.5,69.4,46.6,0.318,0.084799726,0.0,28.25,3.16,0.813,20.7,-22.2,65.7,78.4,9.976000000000003,-4.556,81.7
2022-12-03 01:59:00+00:00,5000,0.12000000000000001,0.24000000000000002,0.0,8624,11343,0.49,637.9,0.013985332,4587,35.9,0.45,9.69,0.008696694000000001,9242.730000000001,26.5,69.4,46.6,0.321,0.08339807800000001,0.0,28.25,3.17,0.813,20.7,-22.2,65.7,78.4,10.093,-4.893999999999999,81.7
2022-12-03 02:00:00+00:00,4998,0.09,0.16,0.0,8623,11337,0.45,637.4,0.013754170000000001,4579,35.9,0.41000000000000003,9.5,0.008552947000000002,9241.369999999999,26.5,69.41000000000001,46.6,0.326,-0.01632751,0.0,28.24,3.16,0.813,20.7,-22.5,65.7,78.4,9.847000000000001,-4.969,81.7
2022-12-03 02:01:00+00:00,5000,0.09,0.21000000000000002,0.0,8624,11342,0.44,638.3,0.038113604999999995,4573,35.9,0.45,8.83,0.008411576,9244.16,26.5,69.39,46.6,0.32,-0.016057633999999998,0.0,28.22,3.17,0.813,20.7,-22.0,65.7,78.4,9.842,-4.856999999999999,81.7
2022-12-03 02:02:00+00:00,5004,0.09,0.14,0.0,8627,11340,0.42000000000000004,638.2,0.012896851,4575,35.9,0.4,9.09,0.008272542,9241.91,26.5,69.4,46.6,0.32,-0.015792219,0.0,28.22,3.16,0.813,20.7,-22.1,65.7,78.4,9.825000000000001,-4.909,81.7
2022-12-03 02:02:59.999999+00:00,4995,0.1,0.17,0.0,8622,11340,0.44,637.4,0.01268368,4576,35.9,0.41000000000000003,9.460000000000003,0.008135806,9242.69,26.5,69.4,46.6,0.324,-0.015531189999999999,0.0,28.22,3.15,0.815,20.7,-22.4,65.7,78.4,9.56,-5.012999999999999,81.7
2022-12-03 02:03:59.999999+00:00,5002,0.1,0.26,0.204700107,8623,11340,0.43000000000000005,638.0,0.012474031999999998,4583,35.9,0.49,10.31,0.00800133,9242.61,26.4,69.41000000000001,46.6,0.322,-0.015274475999999999,0.0,28.24,3.17,0.813,20.7,-22.3,65.7,78.4,9.387,-5.222999999999999,81.7
2022-12-03 02:05:00+00:00,5001,0.16,0.23,0.0,8624,11340,0.42000000000000004,638.1,0.024561238,4576,35.9,0.44,9.950000000000001,0.007869075999999997,9243.15,26.5,69.41000000000001,46.6,0.324,0.08332510200000001,0.0,28.24,3.16,0.813,20.7,-22.3,65.7,78.4,9.442,-5.097999999999999,81.7
2022-12-03 02:06:00+00:00,5008,0.14,0.13,0.0,8619,11337,0.49,637.3,0.011861879000000004,4583,35.9,0.45,10.92,0.007739009,9242.41,26.4,69.41000000000001,46.6,0.321,-0.01639928,0.0,28.24,3.17,0.813,20.7,-22.4,65.7,78.4,9.687000000000001,-5.081,81.7
2022-12-03 02:07:00+00:00,5000,0.09,0.12000000000000001,0.0,8620,11333,0.44,636.9,0.011665815000000001,4577,35.9,0.38,10.18,0.007611091,9243.04,26.4,69.41000000000001,46.6,0.324,-0.016128218,0.0,28.24,3.16,0.813,20.7,-22.6,65.7,78.4,9.43,-5.23,81.7
2022-12-03 02:08:00+00:00,5001,0.13,0.1,0.0,8616,11330,0.47000000000000003,636.0,0.011472991999999998,4575,35.9,0.5,9.59,-0.004808099999999999,9243.66,26.5,69.41000000000001,46.5,0.318,-0.015861636,0.0,28.21,3.16,0.817,20.7,-22.6,65.6,78.4,9.372000000000003,-5.447,81.6
2022-12-03 02:09:00+00:00,4999,0.12000000000000001,0.2,0.21594188600000006,8615,11326,0.43000000000000005,635.6,-0.001010033,4572,35.9,0.37,10.629999999999999,-0.004728628,9243.69,26.5,69.39,46.6,0.325,0.082747648,0.0,28.24,3.16,0.813,20.7,-23.0,65.6,78.3,9.1,-5.821999999999999,81.6
2022-12-03 02:10:00+00:00,5001,0.12000000000000001,0.16,0.0,8614,11329,0.49,636.0,-0.013286727,4575,35.9,0.41000000000000003,9.55,-0.004650467999999999,9243.27,26.5,69.4,46.6,0.319,-0.01696719,0.0,28.24,3.16,0.813,20.7,-22.8,65.6,78.3,9.066,-6.081,81.7
2022-12-03 02:10:59.999999+00:00,5005,0.1,0.14,0.0,8611,11325,0.44,635.6,-0.013067110999999998,4575,35.9,0.43000000000000005,10.860000000000001,-0.004573601000000001,9241.949999999999,26.4,69.41000000000001,46.6,0.32,-0.01668674,0.0,28.22,3.17,0.813,20.7,-23.0,65.6,78.2,8.75,-6.078,81.6
2022-12-03 02:11:59.999998+00:00,5010,0.09,0.15000000000000002,0.0,8612,11323,0.49,635.8,-0.012851126,4573,35.9,0.41000000000000003,10.370000000000001,-0.004498004,9243.02,26.4,69.4,46.5,0.326,-0.016410926,0.0,28.24,3.16,0.813,20.7,-23.1,65.6,78.2,8.6,-6.094999999999999,81.6
2022-12-03 02:12:59.999999+00:00,5004,0.09,0.09,0.0,8611,11321,0.53,634.9,-0.012638710999999999,4573,35.9,0.46,9.39,-0.029010433999999995,9243.02,26.4,69.39,46.6,0.322,-0.016139671,0.0,28.22,3.16,0.8120000000000002,20.7,-23.1,65.4,78.2,8.6,-6.094999999999999,81.5
2022-12-03 02:13:59.999999+00:00,4999,0.14,0.11,0.0,8613,11325,0.5,635.5,-0.024723194999999996,4576,35.9,0.42000000000000004,9.56,-0.028530922999999996,9243.01,26.4,69.41000000000001,46.5,0.318,-0.0158729,0.0,28.24,3.16,0.817,20.7,-22.9,65.4,78.2,8.498000000000001,-6.221,81.5
2022-12-03 02:14:59.999999+00:00,4999,0.15000000000000002,0.14,0.0,8613,11325,0.53,635.9,-0.024314546999999992,4567,35.9,0.46,9.81,-0.028059337000000004,9242.39,26.4,69.41000000000001,46.6,0.327,-0.015610538,0.0,28.24,3.16,0.814,20.7,-23.0,65.4,78.1,8.506,-6.0249999999999995,81.5
2022-12-03 02:16:00+00:00,5000,0.11,0.22,0.0,8617,11326,0.42000000000000004,636.1,-0.011619264999999998,4573,35.80000000000001,0.37,10.11,-0.027595547,9242.57,26.4,69.4,46.6,0.321,-0.015352511999999999,0.0,28.22,3.16,0.817,20.7,-22.9,65.4,78.1,8.551,-6.001,81.5
2022-12-03 02:16:59.999999+00:00,5004,0.11,0.16,0.0,8615,11324,0.51,635.8,-0.036013988000000004,4573,35.80000000000001,0.37,9.52,-0.027139422,9242.640000000001,26.4,69.41000000000001,46.6,0.32,-0.015098751999999998,0.0,28.22,3.17,0.817,20.7,-22.6,65.4,78.2,8.921000000000001,-5.713,81.4
2022-12-03 02:17:59.999999+00:00,5004,0.09,0.13,0.0,8615,11324,0.53,635.8,-0.035418716,4573,35.80000000000001,0.46,9.69,-0.026690836,9242.5,26.4,69.41000000000001,46.6,0.32,-0.014849185999999999,0.0,28.22,3.17,0.817,20.7,-22.9,65.4,78.2,9.024000000000001,-5.520999999999999,81.4
2022-12-03 02:19:00+00:00,4996,0.08,0.18,0.0,8612,11326,0.51,635.6,-0.022539894,4572,35.80000000000001,0.4,9.17,-0.026249666,9242.99,26.4,69.4,46.5,0.326,-0.014603745,0.0,28.22,3.16,0.817,20.7,-22.9,65.4,78.2,8.968,-5.627999999999999,81.4
2022-12-03 02:19:59.999999+00:00,5000,0.09,0.13,0.0,8616,11329,0.5,635.9,-0.03446072199999999,4572,35.80000000000001,0.43000000000000005,9.629999999999999,-0.025815787,9242.219999999998,26.4,69.4,46.6,0.321,-0.014362359999999998,0.0,28.22,3.16,0.813,20.7,-22.7,65.4,78.2,9.074000000000002,-5.498,81.4
2022-12-03 02:20:59.999999+00:00,5003,0.08,0.13,0.0,8614,11324,0.5,635.7,-0.033891122999999995,4568,35.80000000000001,0.39,8.34,-0.025389079999999998,9242.219999999998,26.4,69.4,46.6,0.326,-0.014124965999999996,0.0,28.22,3.16,0.816,20.7,-22.9,65.4,78.2,9.074000000000002,-5.498,81.4
2022-12-03 02:21:59.999999+00:00,4999,0.1,0.1,0.0,8608,11317,0.45,634.5,-0.03333094,4570,35.80000000000001,0.38,8.84,-0.024969424999999993,9242.78,26.4,69.41000000000001,46.5,0.325,-0.013891495999999998,0.0,28.22,3.16,0.813,20.7,-23.2,65.4,78.2,9.035,-5.484,81.4
2022-12-03 02:22:59.999999+00:00,5002,0.11,0.13,0.0,8606,11311,0.56,633.3,-0.04507340299999999,4567,35.80000000000001,0.4,9.84,-0.024556707999999997,9244.26,26.5,69.41000000000001,46.6,0.32,-0.013661884,0.0,28.22,3.16,0.813,20.7,-23.7,65.4,78.1,8.839,-5.746,81.4
2022-12-03 02:23:59.999999+00:00,4997,0.1,0.16,0.21294587600000003,8596,11304,0.48000000000000004,632.2,-0.06891516499999999,4569,35.80000000000001,0.41000000000000003,9.3,-0.03644420000000001,9245.049999999997,26.5,69.42,46.6,0.321,-0.013436067999999999,0.0,28.22,3.16,0.817,20.7,-24.0,65.3,78.1,8.599,-6.394999999999999,81.4
2022-12-03 02:25:00+00:00,4998,0.09,0.13,0.270989548,8590,11304,0.54,632.1,-0.08006946000000001,4569,35.9,0.41000000000000003,9.42,-0.035841817000000005,9244.59,26.5,69.4,46.5,0.326,-0.013213983999999998,0.0,28.24,3.16,0.814,20.7,-24.3,65.3,78.1,8.77,-6.749,81.3
2022-12-03 02:25:59.999999+00:00,4998,0.11,0.17,0.27914838000000003,8590,11304,0.52,632.2,-0.078745998,4571,35.80000000000001,0.4,11.07,-0.047542777999999994,9243.75,26.5,69.4,46.6,0.317,-0.012995571,0.0,28.22,3.16,0.813,20.7,-24.0,65.2,78.0,8.911000000000001,-6.92,81.3
2022-12-03 02:26:59.999999+00:00,5004,0.11,0.19,0.0,8599,11310,0.51,633.3,-0.07744441100000002,4567,35.80000000000001,0.4,10.0,-0.046756947,9242.5,26.5,69.41000000000001,46.5,0.323,-0.012780768,0.0,28.22,3.17,0.817,20.7,-23.9,65.2,78.0,8.759,-6.901,81.3
2022-12-03 02:28:00+00:00,5004,0.11,0.14,0.2752263140000001,8599,11310,0.46,633.3,-0.088457727,4567,35.80000000000001,0.32999999999999996,10.15,-0.04598410499999999,9242.83,26.5,69.41000000000001,46.5,0.323,-0.012569515999999998,0.0,28.22,3.17,0.817,20.7,-23.9,65.2,78.0,8.595,-6.831,81.3
2022-12-03 02:29:00+00:00,4995,0.09,0.13,0.0,8600,11310,0.52,633.5,-0.062408839,4570,35.9,0.38,10.41,-0.05751742600000001,9243.359999999999,26.4,69.41000000000001,46.6,0.326,-0.012361755,0.0,28.21,3.16,0.813,20.7,-23.8,65.1,78.0,8.699,-6.6659999999999995,81.3
2022-12-03 02:29:59.999999+00:00,4999,0.09,0.14,0.0,8598,11309,0.47000000000000003,633.1,-0.061377287999999995,4571,35.80000000000001,0.39,9.02,-0.044273335999999996,9243.04,26.5,69.4,46.6,0.323,-0.012157428999999999,0.0,28.21,3.16,0.813,20.7,-23.8,65.2,78.0,8.905000000000001,-6.437,81.3
2022-12-03 02:30:59.999999+00:00,5003,0.09,0.12000000000000001,0.22401725400000003,8596,11305,0.52,632.5,-0.08494956399999999,4572,35.80000000000001,0.33999999999999997,10.75,-0.04354154499999998,9244.140000000001,26.5,69.4,46.6,0.321,0.086390628,0.0,28.21,3.16,0.814,20.7,-24.0,65.2,78.0,8.719,-6.501,81.3
2022-12-03 02:32:00+00:00,5001,0.08,0.2,0.0,8594,11307,0.52,633.0,-0.10813221600000002,4567,35.80000000000001,0.32999999999999996,10.46,-0.055115239,9243.91,26.5,69.41000000000001,46.6,0.325,-0.013384424,0.0,28.22,3.16,0.817,20.7,-24.0,65.1,77.9,8.475000000000001,-6.739,81.3
2022-12-03 02:33:00+00:00,5009,0.09,0.15000000000000002,0.26092570900000006,8600,11309,0.5,633.3,-0.08175812900000004,4562,35.80000000000001,0.36,11.92,-0.054204242999999985,9242.99,26.5,69.39,46.6,0.324,-0.013163194,0.0,28.21,3.16,0.8120000000000002,20.7,-23.7,65.1,78.0,8.613999999999999,-6.729,81.3
2022-12-03 02:34:00+00:00,5002,0.11,0.22,0.31257987200000004,8597,11307,0.52,632.8,-0.09270014400000001,4572,35.80000000000001,0.32999999999999996,10.39,-0.041014917,9242.629999999997,26.5,69.4,46.6,0.319,-0.01294562,0.0,28.22,3.16,0.818,20.7,-23.9,65.2,78.0,8.67,-6.548,81.3
2022-12-03 02:35:00+00:00,5002,0.14,0.19,0.32395694900000005,8600,11308,0.5,632.9,-0.07887452199999999,4565,35.80000000000001,0.31,10.09,-0.052630372999999994,9243.730000000001,26.5,69.41000000000001,46.6,0.32,-0.012731642999999997,0.0,28.2,3.16,0.816,20.7,-23.9,65.1,78.0,8.706999999999999,-6.5169999999999995,81.2
2022-12-03 02:35:59.999999+00:00,4998,0.11,0.15000000000000002,0.28749007300000007,8599,11309,0.45,633.0,-0.065277422,4570,35.80000000000001,0.33999999999999997,10.77,-0.051760449,9242.959999999995,26.5,69.41000000000001,46.6,0.321,-0.012521202999999998,0.0,28.2,3.16,0.817,20.7,-23.8,65.1,77.9,8.502,-6.717,81.2
2022-12-03 02:37:00+00:00,5000,0.06,0.16,0.338125064,8596,11309,0.52,633.1,-0.08878523299999999,4572,35.80000000000001,0.39,11.02,-0.05090490499999999,9243.709999999997,26.5,69.39,46.6,0.325,-0.012314240999999997,0.0,28.22,3.16,0.817,20.7,-23.8,65.1,77.9,8.439,-6.713,81.2
2022-12-03 02:37:59.999999+00:00,5003,0.13,0.15000000000000002,0.275705705,8598,11308,0.49,632.8,-0.07502432,4572,35.80000000000001,0.39,11.739999999999998,-0.050063501,9243.03,26.5,69.41000000000001,46.6,0.329,-0.012110698999999997,0.0,28.2,3.16,0.817,20.7,-23.8,65.1,77.9,8.607000000000001,-6.569,81.2
2022-12-03 02:39:00+00:00,4992,0.1,0.19,0.21899705800000002,8602,11314,0.55,633.8,-0.08607763700000001,4568,35.80000000000001,0.36,10.65,-0.049236005,9243.1,26.5,69.42,46.6,0.325,0.086436585,0.0,28.21,3.16,0.816,20.7,-23.8,65.1,77.9,8.658000000000001,-6.610999999999999,81.2
2022-12-03 02:39:59.999999+00:00,5002,0.1,0.22,0.0,8602,11313,0.49,634.1,-0.06006809,4570,35.80000000000001,0.35,9.620000000000001,-0.04842218699999999,9242.33,26.5,69.41000000000001,46.5,0.327,-0.013339225999999997,0.0,28.2,3.16,0.816,20.7,-23.5,65.1,78.0,8.684000000000001,-6.458,81.2
2022-12-03 02:41:00+00:00,5004,0.12000000000000001,0.15000000000000002,0.0,8610,11316,0.53,634.2,-0.059075229,4567,35.80000000000001,0.38,10.02,-0.03532843199999999,9242.04,26.4,69.41000000000001,46.5,0.324,-0.013118742999999997,0.0,28.18,3.16,0.8120000000000002,20.7,-23.0,65.2,78.0,8.899000000000001,-6.0569999999999995,81.2
2022-12-03 02:42:00+00:00,4998,0.11,0.16,0.0,8612,11325,0.46,635.8,-0.03351200199999999,4578,35.80000000000001,0.4,8.950000000000001,-0.022451102000000004,9242.49,26.4,69.41000000000001,46.6,0.322,0.085445203,0.0,28.2,3.16,0.813,20.7,-23.1,65.3,78.1,9.321000000000002,-5.5649999999999995,81.2
2022-12-03 02:42:59.999999+00:00,5007,0.14,0.15000000000000002,0.0,8613,11332,0.47000000000000003,636.9,-0.020664695999999996,4582,35.80000000000001,0.32999999999999996,9.56,-0.022080010000000004,9242.82,26.4,69.4,46.5,0.32,0.084032885,0.0,28.18,3.16,0.818,20.7,-22.7,65.3,78.1,10.33,-4.943,81.3
2022-12-03 02:44:00+00:00,5004,0.12000000000000001,0.16,0.0,8623,11339,0.48000000000000004,637.5,-0.020323130999999998,4589,35.80000000000001,0.32999999999999996,9.540000000000001,-0.021715050999999996,9241.84,26.4,69.41000000000001,46.5,0.326,0.08264391199999999,0.0,28.2,3.16,0.813,20.7,-22.3,65.3,78.2,10.702,-4.462,81.3
2022-12-03 02:45:00+00:00,4996,0.14,0.1,0.0,8618,11335,0.5,637.1,0.029186342,4583,35.80000000000001,0.45,9.47,-0.021356124999999997,9242.39,26.4,69.42,46.6,0.326,-0.017069209999999998,0.0,28.2,3.17,0.813,20.7,-22.5,65.3,78.2,10.787,-4.051,81.3
2022-12-03 02:46:00+00:00,4997,0.09,0.12000000000000001,0.0,8623,11338,0.46,637.0,0.016410535,4583,35.80000000000001,0.43000000000000005,8.56,-0.008709742,9244.0,26.4,69.4,46.6,0.32999999999999996,0.081560033,0.0,28.2,3.16,0.813,20.7,-22.4,65.4,78.2,10.668000000000001,-4.248,81.3
2022-12-03 02:47:00+00:00,4998,0.1,0.18,0.0,8619,11334,0.45,636.8,0.0038458979999999995,4584,35.80000000000001,0.38,8.07,-0.008565780000000002,9243.29,26.4,69.41000000000001,46.5,0.323,-0.018135174,0.0,28.2,3.16,0.8120000000000002,20.7,-22.6,65.4,78.2,10.722,-4.216,81.3
2022-12-03 02:47:59.999999+00:00,4997,0.13,0.11,0.0,8616,11333,0.45,636.3,0.028369106999999998,4581,35.80000000000001,0.36,9.09,0.016162580000000003,9243.26,26.4,69.41000000000001,46.6,0.33099999999999996,-0.017835419,0.0,28.2,3.16,0.813,20.7,-22.8,65.6,78.2,10.53,-4.544999999999999,81.3
2022-12-03 02:48:59.999999+00:00,5000,0.12000000000000001,0.09,0.0,8617,11331,0.42000000000000004,636.5,0.015606807,4588,35.80000000000001,0.4,9.15,0.01589543,9244.56,26.4,69.41000000000001,46.5,0.326,0.08080648800000001,0.0,28.22,3.17,0.817,20.7,-22.8,65.6,78.2,10.356000000000002,-4.817999999999999,81.4
2022-12-03 02:50:00+00:00,5004,0.08,0.21000000000000002,0.0,8614,11326,0.51,635.7,0.0030554549999999995,4585,35.80000000000001,0.47000000000000003,9.21,0.015632695999999998,9243.709999999997,26.4,69.42,46.6,0.32999999999999996,-0.018876263999999997,0.0,28.21,3.17,0.814,20.7,-22.9,65.6,78.2,10.194,-5.066999999999999,81.4
2022-12-03 02:51:00+00:00,5007,0.09,0.13,0.0,8616,11329,0.43000000000000005,636.7,0.015298339999999997,4589,35.80000000000001,0.39,9.129999999999999,0.015374303999999998,9243.48,26.4,69.42,46.6,0.324,-0.018564259,0.0,28.22,3.16,0.813,20.7,-22.8,65.6,78.2,9.946000000000002,-5.304999999999999,81.4
2022-12-03 02:51:59.999999+00:00,5001,0.09,0.19,0.0,8620,11340,0.46,637.8,0.015045475,4588,35.80000000000001,0.45,9.32,0.015120184000000002,9242.67,26.4,69.42,46.6,0.327,-0.018257411999999997,0.0,28.24,3.16,0.813,20.7,-22.4,65.6,78.3,9.844000000000001,-5.226,81.4
2022-12-03 02:53:00+00:00,5006,0.11,0.16,0.0,8613,11327,0.43000000000000005,635.8,0.014796788999999998,4577,35.80000000000001,0.41000000000000003,9.05,0.014870262999999996,9244.26,26.4,69.41000000000001,46.6,0.323,-0.017955636999999997,0.0,28.22,3.16,0.813,20.7,-22.9,65.6,78.2,9.732999999999999,-4.972,81.4
2022-12-03 02:54:00+00:00,4997,0.07,0.14,0.0,8596,11311,0.48000000000000004,633.4,0.014552213999999997,4569,35.80000000000001,0.44,10.15,-0.009962303,9244.84,26.4,69.41000000000001,46.6,0.323,0.08068825800000001,0.0,28.22,3.16,0.8120000000000002,20.7,-23.8,65.4,78.2,9.509,-5.588,81.4
2022-12-03 02:54:59.999999+00:00,5006,0.05,0.22,0.0,8592,11304,0.51,632.4,-0.034861872,4570,35.80000000000001,0.36,11.08,-0.022091025,9245.6,26.4,69.42,46.6,0.321,-0.018992539,0.0,28.24,3.16,0.813,20.7,-24.3,65.3,78.1,8.549,-6.527999999999999,81.4
2022-12-03 02:55:59.999999+00:00,5003,0.14,0.1,0.248023584,8594,11309,0.49,632.8,-0.034285643000000005,4574,35.80000000000001,0.4,10.97,-0.021725884999999997,9244.299999999997,26.4,69.41000000000001,46.6,0.326,-0.018678612999999997,0.0,28.24,3.17,0.813,20.7,-23.9,65.3,78.0,8.877,-6.690999999999999,81.4
2022-12-03 02:56:59.999999+00:00,5000,0.07,0.18,0.0,8608,11316,0.45,634.3,-0.04601232599999999,4570,35.80000000000001,0.4,9.850000000000001,-0.021366778999999995,9241.740000000002,26.4,69.42,46.6,0.323,-0.018369876,0.0,28.24,3.16,0.817,20.7,-23.3,65.3,78.1,8.805000000000001,-6.723999999999999,81.3
2022-12-03 02:57:59.999999+00:00,4998,0.1,0.22,0.0,8607,11315,0.47000000000000003,634.2,-0.057545179999999994,4567,35.80000000000001,0.41000000000000003,10.07,-0.021013609,9242.1,26.4,69.42,46.5,0.324,0.080280866,0.0,28.22,3.16,0.816,20.7,-23.3,65.3,78.1,8.65,-6.3069999999999995,81.3
2022-12-03 02:58:59.999999+00:00,5000,0.13,0.21000000000000002,0.0,8608,11317,0.54,634.3,-0.032007243000000005,4576,35.80000000000001,0.38,9.9,-0.020666277,9243.129999999997,26.4,69.42,46.6,0.324,-0.019393197999999997,0.0,28.24,3.16,0.813,20.7,-23.3,65.3,78.1,8.728,-6.1259999999999994,81.3
2022-12-03 02:59:59.999999+00:00,5002,0.1,0.17,0.25224143499999996,8596,11305,0.5,632.7,-0.043771585999999994,4572,35.80000000000001,0.45,9.66,-0.032618074,9244.799999999997,26.4,69.41000000000001,46.6,0.32,-0.019072648999999997,0.0,28.24,3.16,0.813,20.7,-24.0,65.2,78.0,8.762,-6.071,81.3
2022-12-03 03:01:00+00:00,5002,0.12000000000000001,0.21000000000000002,0.24326448000000006,8599,11308,0.55,633.0,-0.05534147799999999,4568,35.80000000000001,0.33999999999999997,10.729999999999999,-0.032078932,9245.76,26.4,69.41000000000001,46.5,0.329,-0.018757398999999998,0.0,28.22,3.17,0.813,20.7,-23.8,65.2,77.9,8.535,-6.813999999999999,81.3
2022-12-03 03:01:59.999999+00:00,4995,0.12000000000000001,0.14,0.0,8604,11316,0.48000000000000004,634.5,-0.04213335399999999,4574,35.80000000000001,0.4,10.89,-0.031548702,9242.349999999999,26.4,69.41000000000001,46.5,0.321,-0.018447359,0.0,28.22,3.16,0.816,20.7,-23.5,65.2,77.9,8.766,-6.679,81.3
2022-12-03 03:02:59.999998+00:00,5000,0.09,0.25,0.0,8614,11321,0.5,635.4,-0.041436935,4570,35.80000000000001,0.42000000000000004,9.94,-0.031027236,9240.75,26.4,69.42,46.6,0.328,-0.018142444,0.0,28.22,3.16,0.8120000000000002,20.7,-22.9,65.2,78.0,8.857000000000003,-6.283,81.3
2022-12-03 03:03:59.999999+00:00,5002,0.1,0.2800000000000001,0.0,8605,11315,0.5,633.7,-0.028458637999999994,4568,35.80000000000001,0.43000000000000005,9.66,-0.042807777,9244.12,26.4,69.41000000000001,46.6,0.328,-0.017842569,0.0,28.22,3.16,0.817,20.7,-23.4,65.1,78.0,8.559000000000001,-5.861999999999999,81.3
2022-12-03 03:04:59.999999+00:00,4998,0.09,0.12000000000000001,0.0,8608,11318,0.5,634.7,-0.027988248000000004,4570,35.80000000000001,0.42000000000000004,8.92,-0.029806822,9243.39,26.4,69.43,46.5,0.325,-0.017547649999999998,0.0,28.21,3.16,0.817,20.7,-23.1,65.2,78.0,8.450000000000001,-6.29,81.3
2022-12-03 03:05:59.999998+00:00,4998,0.1,0.15000000000000002,0.0,8607,11319,0.5,634.6,-0.0029388549999999993,4570,35.80000000000001,0.38,9.860000000000001,-0.029314146999999995,9242.549999999997,26.4,69.42,46.5,0.323,-0.017257606999999998,0.0,28.22,3.16,0.817,20.7,-23.2,65.2,78.0,8.546999999999999,-6.088,81.3
2022-12-03 03:06:59.999998+00:00,5005,0.07,0.19,0.0,8609,11319,0.49,634.7,-0.039770443999999995,4568,35.80000000000001,0.46,9.280000000000001,-0.028829616,9243.39,26.4,69.42,46.5,0.322,-0.016972357,0.0,28.22,3.16,0.817,20.7,-23.1,65.2,78.0,8.411000000000001,-6.183999999999999,81.3
2022-12-03 03:08:00+00:00,4998,0.14,0.1,0.0,8614,11320,0.53,635.2,-0.014526305,4572,35.80000000000001,0.35,9.68,-0.016059705,9242.91,26.4,69.42,46.5,0.317,-0.016691822000000002,0.0,28.22,3.15,0.814,20.7,-23.0,65.3,78.0,8.419,-6.216,81.3
2022-12-03 03:08:59.999999+00:00,4997,0.12000000000000001,0.13,0.0,8614,11322,0.49,635.3,-0.001992812,4572,35.80000000000001,0.39,8.31,-0.015794255,9241.859999999999,26.4,69.41000000000001,46.6,0.324,-0.016415924,0.0,28.21,3.16,0.816,20.7,-22.9,65.3,78.0,8.398000000000001,-5.997,81.3
2022-12-03 03:10:00+00:00,5004,0.08,0.16,0.0,8609,11322,0.51,635.1,0.010333515,4575,35.80000000000001,0.36,8.33,-0.015533192999999999,9244.349999999999,26.5,69.42,46.5,0.326,0.08220252099999997,0.0,28.2,3.16,0.817,20.7,-23.2,65.3,78.1,8.549,-5.809,81.3
2022-12-03 03:11:00+00:00,4998,0.09,0.13,0.0,8613,11325,0.44,635.4,0.022456102,4579,35.80000000000001,0.39,8.84,-0.002983058,9243.65,26.4,69.41000000000001,46.6,0.324,0.08084380099999999,0.0,28.21,3.16,0.813,20.7,-23.1,65.4,78.1,9.120999999999999,-5.998,81.3
2022-12-03 03:11:59.999999+00:00,5005,0.11,0.1,0.0,8611,11326,0.49,635.7,0.009791537999999999,4579,35.80000000000001,0.37,8.89,-0.002933751,9243.140000000001,26.4,69.42,46.6,0.329,-0.018839567,0.0,28.21,3.16,0.813,20.7,-23.0,65.4,78.1,9.216000000000001,-5.817999999999999,81.3
2022-12-03 03:13:00+00:00,5000,0.16,0.16,0.0,8609,11321,0.5,634.7,0.009629695,4580,35.80000000000001,0.39,8.81,-0.002885258999999999,9244.29,26.4,69.43,46.6,0.326,-0.018528169,0.0,28.2,3.16,0.813,20.7,-23.3,65.4,78.1,9.074000000000002,-5.8839999999999995,81.3
2022-12-03 03:14:00+00:00,4997,0.05,0.15000000000000002,0.0,8602,11312,0.46,633.4,-0.0028228619999999993,4580,35.80000000000001,0.36,8.460000000000003,-0.015130957999999998,9243.76,26.4,69.42,46.6,0.324,0.08012518900000004,0.0,28.2,3.17,0.813,20.7,-23.8,65.3,78.1,9.123000000000001,-6.037,81.3
2022-12-03 03:14:59.999999+00:00,4996,0.1,0.16,0.0,8599,11313,0.49,633.0,-0.015069591999999998,4581,35.80000000000001,0.39,8.82,-0.014880859000000001,9245.709999999997,26.5,69.42,46.6,0.32999999999999996,0.078800806,0.0,28.22,3.16,0.817,20.7,-23.8,65.3,78.0,8.924000000000001,-6.435,81.3
2022-12-03 03:15:59.999999+00:00,5006,0.05,0.15000000000000002,0.0,8601,11315,0.48000000000000004,633.6,-0.014820508000000001,4580,35.80000000000001,0.39,8.360000000000001,-0.014634894999999998,9244.4,26.5,69.43,46.6,0.323,-0.020848795,0.0,28.22,3.17,0.813,20.7,-23.8,65.3,78.0,9.057,-6.597999999999999,81.3
2022-12-03 03:17:00+00:00,5000,0.09,0.18,0.0,8600,11316,0.5,634.4,-0.039162318,4582,35.80000000000001,0.33999999999999997,9.55,-0.026686383999999997,9243.140000000001,26.5,69.43,46.6,0.324,-0.020504185999999994,0.0,28.22,3.16,0.817,20.7,-23.7,65.2,78.0,9.062000000000001,-6.563999999999999,81.3
2022-12-03 03:17:59.999999+00:00,5006,0.09,0.15000000000000002,0.0,8601,11308,0.45,632.6,-0.026221618000000002,4567,35.80000000000001,0.42000000000000004,9.17,-0.026245287,9243.369999999999,26.4,69.42,46.6,0.324,0.078181833,0.0,28.2,3.16,0.814,20.7,-23.8,65.2,78.0,8.951,-6.506,81.3
2022-12-03 03:19:00+00:00,5006,0.09,0.17,0.0,8594,11300,0.48000000000000004,631.6,-0.05037498,4568,35.80000000000001,0.33999999999999997,11.29,-0.025811479999999998,9245.92,26.4,69.43,46.6,0.316,-0.021457536,0.0,28.21,3.16,0.813,20.7,-24.3,65.2,77.9,8.522,-6.479000000000001,81.3
2022-12-03 03:20:00+00:00,4992,0.08,0.24000000000000002,0.0,8596,11308,0.49,632.9,-0.049542335,4566,35.80000000000001,0.36,9.290000000000001,-0.025384843999999997,9244.92,26.4,69.42,46.6,0.315,0.07724424199999999,0.0,28.22,3.16,0.813,20.7,-23.9,65.2,77.9,8.472000000000001,-6.993,81.3
2022-12-03 03:20:59.999999+00:00,4995,0.09,0.18,0.0,8595,11306,0.49,632.5,-0.07331023100000002,4573,35.80000000000001,0.35,10.229999999999999,-0.037258648,9242.799999999997,26.4,69.42,46.6,0.321,-0.02237963,0.0,28.22,3.16,0.814,20.7,-24.1,65.1,78.0,8.656,-6.753,81.3
2022-12-03 03:22:00+00:00,5003,0.09,0.18,0.0,8599,11308,0.56,633.5,-0.047511714999999996,4580,35.80000000000001,0.33999999999999997,10.28,-0.036642803,9243.76,26.4,69.42,46.5,0.326,0.076337388,0.0,28.21,3.16,0.814,20.7,-23.7,65.1,77.9,8.468,-6.741,81.3
2022-12-03 03:23:00+00:00,5000,0.08,0.14,0.0,8596,11307,0.5,632.7,-0.046726397,4571,35.80000000000001,0.32,9.960000000000003,-0.036037137000000004,9244.01,26.4,69.42,46.6,0.319,0.07507561299999999,0.0,28.24,3.16,0.813,20.7,-23.9,65.1,77.9,8.473,-6.606999999999999,81.2
2022-12-03 03:23:59.999999+00:00,5002,0.08,0.21000000000000002,0.0,8599,11307,0.57,632.8,-0.04595405999999999,4574,35.80000000000001,0.35,9.81,-0.035441482,9243.91,26.4,69.43,46.5,0.326,-0.024512412999999997,0.0,28.21,3.16,0.814,20.7,-23.9,65.1,77.9,8.517000000000001,-6.656999999999999,81.2
2022-12-03 03:24:59.999999+00:00,5001,0.1,0.13,0.0,8605,11313,0.5,634.0,-0.020607712000000004,4566,35.80000000000001,0.41000000000000003,8.76,-0.034855672,9242.07,26.4,69.43,46.5,0.327,-0.024107249,0.0,28.21,3.16,0.817,20.7,-23.4,65.1,77.9,8.712,-6.584,81.2
2022-12-03 03:26:00+00:00,5002,0.1,0.15000000000000002,0.0,8603,11308,0.49,633.4,-0.032560477,4569,35.80000000000001,0.41000000000000003,8.729999999999999,-0.034279545,9243.1,26.4,69.43,46.5,0.318,-0.023708781999999994,0.0,28.21,3.16,0.817,20.7,-23.7,65.1,77.9,8.847000000000001,-5.9,81.2
2022-12-03 03:26:59.999999+00:00,4995,0.09,0.2800000000000001,0.0,8602,11313,0.45,633.9,-0.019728899,4570,35.80000000000001,0.41000000000000003,9.68,-0.033712941,9244.91,26.4,69.43,46.6,0.324,-0.023316901999999997,0.0,28.22,3.15,0.814,20.7,-23.5,65.1,77.9,8.487,-6.319999999999999,81.2
2022-12-03 03:27:59.999999+00:00,5002,0.09,0.22,0.0,8606,11315,0.5,634.1,-0.019402801,4580,35.80000000000001,0.4,8.629999999999999,-0.020862314,9242.07,26.4,69.42,46.6,0.323,-0.022931498,0.0,28.22,3.16,0.814,20.7,-23.4,65.2,78.0,8.887,-6.239,81.2
2022-12-03 03:29:00+00:00,5004,0.08,0.18,0.0,8601,11311,0.55,633.4,0.005504682999999999,4581,35.80000000000001,0.32999999999999996,8.38,-0.020517481999999997,9244.76,26.4,69.43,46.6,0.321,-0.022552464999999997,0.0,28.18,3.17,0.813,20.7,-23.8,65.2,78.0,9.163,-6.028999999999999,81.2
2022-12-03 03:30:00+00:00,5004,0.08,0.15000000000000002,0.0,8598,11311,0.47000000000000003,632.6,-0.006879692000000001,4581,35.80000000000001,0.36,9.11,-0.020178350999999997,9244.140000000001,26.4,69.42,46.6,0.326,-0.022179697,0.0,28.2,3.17,0.817,20.7,-23.9,65.2,78.0,9.189,-6.297,81.2
2022-12-03 03:31:00+00:00,4997,0.12000000000000001,0.13,0.0,8601,11313,0.5,633.3,-0.019059365999999994,4582,35.80000000000001,0.38,8.34,-0.019844824,9244.69,26.4,69.42,46.6,0.327,-0.021813091,0.0,28.2,3.16,0.813,20.7,-23.8,65.2,78.0,9.173,-6.456,81.3
2022-12-03 03:32:00+00:00,4999,0.13,0.14,0.0,8601,11312,0.51,633.8,-0.018744335,4575,35.80000000000001,0.42000000000000004,9.32,-0.01951681,9243.42,26.4,69.42,46.6,0.32,-0.021452543999999997,0.0,28.21,3.16,0.813,20.7,-23.7,65.2,78.0,9.119,-6.495,81.2
2022-12-03 03:32:59.999999+00:00,4995,0.13,0.14,0.0,8594,11303,0.51,632.2,-0.04302128899999999,4570,35.80000000000001,0.42000000000000004,9.32,-0.031487607,9243.83,26.4,69.42,46.6,0.327,-0.021097956,0.0,28.21,3.16,0.814,20.7,-24.3,65.1,77.9,8.987,-6.351999999999999,81.2
2022-12-03 03:33:59.999999+00:00,5004,0.12000000000000001,0.14,0.0,8589,11301,0.59,631.8,-0.06689697,4574,35.80000000000001,0.38,9.239999999999998,-0.030967150999999995,9246.06,26.4,69.43,46.5,0.319,-0.02074923,0.0,28.21,3.16,0.813,20.7,-24.3,65.1,77.8,8.946000000000002,-6.698999999999999,81.2
2022-12-03 03:35:00+00:00,5006,0.09,0.11,0.0,8588,11300,0.53,631.5,-0.10267140000000001,4578,35.80000000000001,0.38,9.17,-0.030455297,9243.83,26.4,69.44000000000001,46.6,0.325,-0.020406267,0.0,28.22,3.16,0.817,20.7,-24.4,65.1,77.8,8.977,-6.904,81.2
2022-12-03 03:36:00+00:00,5000,0.1,0.14,0.0,8595,11310,0.5,633.5,-0.076387575,4575,35.80000000000001,0.4,8.77,-0.029951903999999998,9244.459999999995,26.4,69.42,46.5,0.324,-0.020068973999999996,0.0,28.21,3.16,0.813,20.7,-24.2,65.1,77.8,9.015,-6.914,81.2
2022-12-03 03:37:00+00:00,5004,0.09,0.21000000000000002,0.0,8604,11313,0.56,633.6,-0.050538194,4580,35.80000000000001,0.45,8.84,-0.029456830999999996,9241.77,26.4,69.43,46.6,0.325,-0.019737254999999995,0.0,28.21,3.16,0.813,20.7,-23.5,65.1,77.9,9.094000000000001,-6.711,81.2
2022-12-03 03:38:00+00:00,5000,0.16,0.1,0.0,8592,11297,0.49,631.4,-0.06199624,4567,35.80000000000001,0.37,8.950000000000001,-0.028969940999999996,9243.230000000001,26.4,69.42,46.6,0.322,-0.019411019,0.0,28.22,3.17,0.817,20.7,-24.4,65.1,77.9,8.845,-6.374,81.1
2022-12-03 03:39:00+00:00,5007,0.08,0.14,0.0,8586,11294,0.51,630.7,-0.09785167399999999,4568,35.80000000000001,0.32,10.01,-0.028491099,9248.65,26.4,69.44000000000001,46.6,0.323,-0.019090176,0.0,28.21,3.17,0.814,20.7,-24.6,65.1,77.8,8.415000000000001,-6.966,81.1
2022-12-03 03:40:00+00:00,4995,0.1,0.14,0.0,8585,11290,0.49,629.8,-0.120821068,4568,35.80000000000001,0.33999999999999997,9.44,-0.028020171999999996,9244.04,26.4,69.44000000000001,46.6,0.321,-0.018774635999999997,0.0,28.21,3.17,0.813,20.7,-24.8,65.1,77.7,8.456000000000003,-7.254999999999999,81.1
2022-12-03 03:40:59.999999+00:00,5006,0.09,0.16,0.0,8587,11289,0.49,630.4,-0.131117414,4570,35.80000000000001,0.32999999999999996,9.58,-0.039850417,9245.41,26.4,69.42,46.6,0.32,-0.018464311,0.0,28.24,3.16,0.817,20.7,-24.8,65.0,77.7,8.216000000000001,-7.512999999999999,81.1
2022-12-03 03:41:59.999999+00:00,4995,0.12000000000000001,0.13,0.0,8580,11290,0.53,630.4,-0.116656796,4571,35.80000000000001,0.39,10.139999999999999,-0.039191732,9244.58,26.4,69.43,46.5,0.323,-0.018159115999999996,0.0,28.22,3.16,0.813,20.7,-24.8,65.0,77.7,8.138000000000002,-7.643999999999999,81.1
2022-12-03 03:43:00+00:00,5013,0.1,0.13,0.0,8585,11296,0.53,631.1,-0.10243519600000002,4566,35.80000000000001,0.37,10.120000000000001,-0.038543935,9244.56,26.4,69.42,46.6,0.323,-0.017858965999999997,0.0,28.24,3.17,0.813,20.7,-24.5,65.0,77.7,8.233999999999998,-7.596,81.0
2022-12-03 03:43:59.999999+00:00,4992,0.11,0.13,0.0,8585,11295,0.55,630.9,-0.08844866400000001,4571,35.80000000000001,0.41000000000000003,9.9,-0.037906845,9243.4,26.4,69.42,46.6,0.321,-0.017563776,0.0,28.21,3.15,0.813,20.7,-24.5,65.0,77.7,8.338000000000001,-7.38,81.0
2022-12-03 03:45:00+00:00,4999,0.09,0.14,0.0,8590,11300,0.52,631.7,-0.086986702,4574,35.80000000000001,0.33999999999999997,8.960000000000003,-0.037280286,9244.04,26.4,69.43,46.6,0.316,-0.017273465999999998,0.0,28.22,3.16,0.813,20.7,-24.3,65.0,77.7,8.475000000000001,-7.213,81.0
2022-12-03 03:46:00+00:00,4998,0.13,0.12000000000000001,0.0,8603,11314,0.49,633.7,-0.060962129,4567,35.80000000000001,0.32999999999999996,7.57,-0.03666408299999999,9242.33,26.4,69.42,46.6,0.323,-0.016987954,0.0,28.21,3.16,0.813,20.7,-23.6,65.0,77.8,8.597000000000001,-6.913,81.0
2022-12-03 03:47:00+00:00,5000,0.08,0.17,0.0,8604,11310,0.54,633.6,-0.04766110199999999,4572,35.80000000000001,0.35,7.71,-0.036058065,9240.77,26.5,69.42,46.6,0.33099999999999996,-0.016707161000000005,0.0,28.21,3.16,0.813,20.7,-23.5,65.0,77.8,8.595,-6.316999999999999,81.0
2022-12-03 03:48:00+00:00,4996,0.09,0.13,0.0,8596,11309,0.49,633.3,-0.034579926,4566,35.80000000000001,0.37,8.16,-0.035462063999999995,9243.730000000001,26.5,69.42,46.6,0.32,-0.01643101,0.0,28.22,3.16,0.8120000000000002,20.7,-23.8,65.0,77.8,8.309000000000001,-6.164999999999999,81.0
2022-12-03 03:49:00+00:00,5003,0.11,0.1,0.0,8602,11310,0.48000000000000004,633.5,-0.009421581,4567,35.80000000000001,0.39,8.44,-0.022582525999999995,9242.640000000001,26.5,69.43,46.6,0.319,-0.016159422999999996,0.0,28.2,3.16,0.814,20.7,-23.4,65.1,77.9,8.270999999999999,-6.459,81.0
2022-12-03 03:49:59.999999+00:00,4997,0.1,0.11,0.0,8595,11300,0.46,631.6,-0.02155924,4568,35.80000000000001,0.39,8.530000000000001,-0.022209261,9243.94,26.5,69.43,46.6,0.321,-0.015892325,0.0,28.2,3.16,0.813,20.7,-23.9,65.1,77.9,8.196000000000002,-6.162999999999999,81.1
2022-12-03 03:50:59.999999+00:00,4998,0.09,0.1,0.0,8594,11300,0.52,631.4,-0.033496278,4572,35.80000000000001,0.33999999999999997,8.94,-0.021842165000000004,9244.58,26.5,69.43,46.6,0.318,-0.015629641999999996,0.0,28.22,3.15,0.813,20.7,-24.2,65.1,77.8,8.436000000000003,-6.729,81.1
2022-12-03 03:51:59.999998+00:00,4998,0.09,0.1,0.0,8594,11300,0.52,631.4,-0.03294262,4572,35.80000000000001,0.33999999999999997,8.94,-0.021481138000000004,9244.58,26.5,69.43,46.6,0.318,-0.015371300999999999,0.0,28.22,3.15,0.813,20.7,-24.2,65.1,77.8,8.436000000000003,-6.729,81.1
2022-12-03 03:52:59.999999+00:00,5007,0.1,0.11,0.0,8601,11314,0.5,634.6,-0.032398114,4581,35.80000000000001,0.32999999999999996,8.450000000000001,-0.021126077999999996,9243.7,26.5,69.44000000000001,46.6,0.327,-0.015117229999999997,0.0,28.2,3.17,0.814,20.7,-23.7,65.1,77.8,8.536000000000001,-6.914,81.0
2022-12-03 03:53:59.999999+00:00,5007,0.1,0.11,0.0,8601,11314,0.5,634.6,-0.031862608,4581,35.80000000000001,0.32999999999999996,8.450000000000001,-0.020776885999999998,9243.7,26.5,69.44000000000001,46.6,0.327,-0.014867357999999999,0.0,28.2,3.17,0.814,20.7,-23.7,65.1,77.8,8.536000000000001,-6.914,81.0
2022-12-03 03:55:00+00:00,4994,0.1,0.19,0.0,8609,11324,0.48000000000000004,635.4,-0.006749177,4581,35.80000000000001,0.33999999999999997,8.07,-0.020433467000000004,9240.969999999996,26.4,69.44000000000001,46.6,0.328,-0.014621616999999998,0.0,28.2,3.17,0.8120000000000002,20.7,-23.1,65.1,77.9,9.206000000000001,-6.24,81.0
2022-12-03 03:55:59.999999+00:00,5008,0.15000000000000002,0.1,0.0,8612,11322,0.5,635.4,-0.00663762,4579,35.80000000000001,0.4,8.71,-0.020095723999999995,9242.4,26.4,69.42,46.6,0.321,-0.014379936999999995,0.0,28.18,3.16,0.8120000000000002,20.7,-23.0,65.1,78.0,9.269,-5.634999999999999,81.1
2022-12-03 03:56:59.999999+00:00,5006,0.11,0.11,0.0,8610,11325,0.47000000000000003,635.8,0.054939035,4576,35.80000000000001,0.4,8.39,-0.007470174,9242.56,26.5,69.42,46.5,0.325,-0.014142251999999998,0.0,28.2,3.16,0.813,20.7,-22.9,65.2,78.1,9.17,-5.569,81.2
2022-12-03 03:58:00+00:00,4993,0.08,0.13,0.0,8604,11317,0.5,635.2,0.054030952,4579,35.80000000000001,0.36,8.56,-0.0073467,9242.56,26.4,69.43,46.5,0.324,-0.013908496,0.0,28.18,3.16,0.816,20.7,-23.3,65.2,78.1,9.17,-5.569,81.2
2022-12-03 03:59:00+00:00,4993,0.12000000000000001,0.15000000000000002,0.0,8604,11317,0.45,634.4,0.05313787799999999,4572,35.80000000000001,0.42000000000000004,8.1,0.005068121,9244.849999999999,26.5,69.43,46.5,0.32,-0.013678602999999996,0.0,28.2,3.16,0.818,20.7,-23.7,65.3,78.1,8.992000000000003,-5.782,81.2
2022-12-03 03:59:59.999999+00:00,4999,0.08,0.16,0.0,8603,11312,0.47000000000000003,633.9,0.039966178,4579,35.80000000000001,0.39,8.219999999999999,-0.007309038,9244.67,26.4,69.44000000000001,46.6,0.324,-0.013452511,0.0,28.18,3.16,0.814,20.7,-23.5,65.2,78.1,8.515,-6.264999999999999,81.3
2022-12-03 04:00:59.999998+00:00,4996,0.12000000000000001,0.15000000000000002,0.0,8605,11315,0.48000000000000004,633.9,0.014718802999999997,4579,35.80000000000001,0.39,8.06,-0.007188227,9244.41,26.4,69.44000000000001,46.6,0.324,-0.013230155,0.0,28.18,3.16,0.813,20.7,-23.4,65.2,78.0,8.536999999999999,-6.259,81.3
2022-12-03 04:02:00+00:00,5003,0.08,0.15000000000000002,0.0,8606,11316,0.43000000000000005,634.3,0.051355682,4577,35.80000000000001,0.39,8.55,-0.0070694139999999996,9242.61,26.4,69.44000000000001,46.6,0.321,-0.013011475000000002,0.0,28.21,3.16,0.813,20.7,-23.4,65.2,78.1,8.896,-6.192999999999999,81.3
2022-12-03 04:02:59.999999+00:00,5007,0.11,0.11,0.0,8610,11320,0.49,635.0,0.050506828,4580,35.80000000000001,0.43000000000000005,8.960000000000003,0.0053408249999999996,9244.76,26.4,69.42,46.6,0.322,-0.012796409,0.0,28.2,3.16,0.813,20.7,-23.2,65.3,78.1,8.738999999999999,-6.011,81.3
2022-12-03 04:04:00+00:00,4996,0.14,0.12000000000000001,0.0,8610,11323,0.45,635.7,0.04967200399999999,4580,35.80000000000001,0.33999999999999997,8.58,0.005252545999999999,9242.91,26.4,69.44000000000001,46.6,0.321,-0.012584898,0.0,28.2,3.16,0.813,20.7,-23.0,65.3,78.1,9.112,-5.896999999999999,81.3
2022-12-03 04:05:00+00:00,5000,0.12000000000000001,0.18,0.0,8609,11324,0.48000000000000004,635.4,0.048850978999999996,4580,35.80000000000001,0.41000000000000003,8.67,0.005165726999999999,9242.27,26.4,69.44000000000001,46.5,0.32,-0.012376883999999998,0.0,28.2,3.16,0.817,20.7,-23.3,65.3,78.1,8.972000000000001,-5.815999999999999,81.3
2022-12-03 04:05:59.999999+00:00,5001,0.08,0.14,0.0,8611,11320,0.54,634.7,0.035750137,4579,35.80000000000001,0.43000000000000005,8.229999999999999,0.0050803440000000005,9244.01,26.4,69.43,46.6,0.321,-0.012172306999999999,0.0,28.2,3.16,0.816,20.7,-23.2,65.3,78.1,8.809000000000001,-5.857999999999999,81.3
2022-12-03 04:07:00+00:00,5002,0.12000000000000001,0.1,0.0,8607,11314,0.43000000000000005,633.9,0.022865837000000003,4574,35.80000000000001,0.38,8.33,0.004996371000000001,9245.299999999997,26.4,69.42,46.5,0.328,-0.011971111999999999,0.0,28.2,3.16,0.817,20.7,-23.5,65.3,78.1,8.689,-6.002,81.3
2022-12-03 04:08:00+00:00,4998,0.09,0.17,0.0,8605,11310,0.49,633.2,0.022487889,4577,35.80000000000001,0.38,8.6,-0.007379602,9245.230000000001,26.4,69.43,46.6,0.325,-0.011773241999999996,0.0,28.21,3.15,0.814,20.7,-23.5,65.2,78.0,8.741,-6.229,81.3
2022-12-03 04:09:00+00:00,4999,0.09,0.12000000000000001,0.0,8598,11311,0.46,633.4,-0.014763976999999998,4579,35.80000000000001,0.4,8.950000000000001,-0.007257625,9245.869999999999,26.4,69.44000000000001,46.5,0.322,-0.011578642999999998,0.0,28.18,3.16,0.816,20.7,-23.8,65.2,77.9,8.795000000000002,-6.283,81.3
2022-12-03 04:09:59.999999+00:00,5004,0.09,0.16,0.0,8601,11312,0.49,633.8,-0.002226556,4581,35.80000000000001,0.4,8.82,-0.007137664,9243.39,26.4,69.44000000000001,46.6,0.32999999999999996,-0.011387260999999997,0.0,28.2,3.16,0.813,20.7,-23.8,65.2,78.0,8.983,-6.526999999999999,81.3
2022-12-03 04:11:00+00:00,4998,0.15000000000000002,0.13,0.0,8599,11310,0.44,633.4,-0.002189753,4577,35.80000000000001,0.4,8.83,0.005273702,9243.54,26.4,69.46,46.6,0.323,-0.011199040999999998,0.0,28.21,3.16,0.813,20.7,-23.8,65.3,78.0,8.937999999999999,-6.342,81.3
2022-12-03 04:11:59.999999+00:00,5003,0.09,0.15000000000000002,0.0,8597,11306,0.48000000000000004,633.0,-0.026740336,4573,35.80000000000001,0.39,9.56,-0.007106854999999999,9245.27,26.5,69.44000000000001,46.6,0.325,-0.011013932999999998,0.0,28.2,3.16,0.813,20.7,-23.9,65.2,78.0,8.869000000000002,-6.317999999999999,81.3
2022-12-03 04:12:59.999999+00:00,5003,0.14,0.13,0.0,8598,11312,0.54,633.3,-0.0017115699999999995,4582,35.80000000000001,0.37,8.8,-0.006989387,9243.66,26.4,69.44000000000001,46.6,0.322,-0.10917899199999999,0.0,28.22,3.16,0.813,20.7,-23.8,65.2,78.0,9.017000000000001,-6.522999999999999,81.3
2022-12-03 04:14:00+00:00,5001,0.14,0.12000000000000001,0.0,8600,11314,0.51,634.0,-0.001683279,4577,35.80000000000001,0.43000000000000005,9.280000000000001,-0.006873859,9242.83,26.5,69.43,46.6,0.327,-0.009027272999999997,0.0,28.21,3.16,0.813,20.7,-23.5,65.2,78.0,9.120000000000001,-6.373,81.3
2022-12-03 04:14:59.999999+00:00,5004,0.13,0.12000000000000001,0.0,8601,11309,0.47000000000000003,633.2,0.010637931999999996,4577,35.80000000000001,0.44,8.25,-0.006760242,9243.58,26.5,69.42,46.5,0.325,-0.008878061999999999,0.0,28.2,3.16,0.816,20.7,-23.5,65.2,78.0,9.040000000000001,-6.053999999999999,81.3
2022-12-03 04:15:59.999999+00:00,4999,0.09,0.13,0.0,8585,11297,0.48000000000000004,631.0,-0.026418067,4574,35.80000000000001,0.32999999999999996,8.790000000000001,-0.018941891,9246.02,26.4,69.45,46.6,0.328,-0.008731316999999997,0.0,28.18,3.16,0.813,20.7,-24.7,65.1,77.9,8.872000000000003,-6.2669999999999995,81.3
2022-12-03 04:17:00+00:00,4997,0.1,0.2,0.0,8585,11290,0.53,630.5,-0.06286157,4574,35.80000000000001,0.4,9.3,-0.018628802,9247.209999999997,26.4,69.45,46.6,0.321,-0.008586998,0.0,28.21,3.15,0.813,20.7,-24.8,65.1,77.8,8.887,-7.014999999999999,81.2
2022-12-03 04:17:59.999999+00:00,5005,0.09,0.11,0.0,8575,11279,0.49,628.4,-0.09870270099999999,4554,35.80000000000001,0.42000000000000004,8.31,-0.018320888,9245.849999999999,26.4,69.43,46.6,0.325,-0.008445064,0.0,28.22,3.17,0.814,20.7,-25.3,65.1,77.8,8.744,-7.38,81.2
2022-12-03 04:18:59.999999+00:00,4994,0.09,0.15000000000000002,0.0,8575,11284,0.56,629.4,-0.14624480500000003,4562,35.80000000000001,0.32999999999999996,9.68,-0.04260483999999999,9246.62,26.4,69.45,46.6,0.315,-0.008305476000000003,0.0,28.21,3.16,0.813,20.7,-25.2,64.9,77.6,7.984,-7.931000000000001,81.1
2022-12-03 04:20:00+00:00,5001,0.13,0.11,0.0,8591,11295,0.5,631.3,-0.143827536,4570,35.80000000000001,0.35,9.05,-0.029607239,9244.1,26.4,69.42,46.5,0.319,-0.008168196,0.0,28.21,3.15,0.817,20.7,-24.4,65.0,77.6,7.921,-7.927,81.0
2022-12-03 04:21:00+00:00,5002,0.12000000000000001,0.17,0.0,8588,11296,0.45,631.5,-0.09227666699999998,4565,35.80000000000001,0.32,8.639999999999999,-0.041411251999999996,9241.94,26.4,69.42,46.5,0.319,-0.008033184,0.0,28.21,3.15,0.8120000000000002,20.7,-24.3,64.9,77.7,8.39,-7.124999999999999,81.0
2022-12-03 04:21:59.999999+00:00,4990,0.08,0.12000000000000001,0.0,8588,11293,0.51,631.3,-0.05387126799999999,4572,35.80000000000001,0.31,8.780000000000001,-0.040726767999999997,9244.93,26.4,69.44000000000001,46.5,0.324,-0.007900404,0.0,28.22,3.16,0.8120000000000002,20.7,-24.4,64.9,77.8,8.088000000000001,-6.917,81.0
2022-12-03 04:23:00+00:00,4998,0.11,0.15000000000000002,0.0,8588,11293,0.47000000000000003,630.7,-0.07756761100000001,4566,35.80000000000001,0.35,8.67,-0.02776021,9245.209999999997,26.4,69.44000000000001,46.5,0.325,-0.007769818999999999,0.0,28.2,3.16,0.816,20.7,-24.6,65.0,77.8,8.063,-7.026999999999999,81.0
2022-12-03 04:24:00+00:00,4999,0.1,0.13,0.0,8591,11296,0.5,631.3,-0.051698724,4568,35.80000000000001,0.32,8.05,-0.03959475199999999,9244.03,26.4,69.44000000000001,46.5,0.321,-0.007641392,0.0,28.21,3.16,0.817,20.7,-24.5,64.9,77.8,8.078000000000001,-7.145999999999999,81.0
2022-12-03 04:25:00+00:00,4996,0.09,0.19,0.0,8592,11296,0.51,631.2,-0.050844199999999985,4573,35.80000000000001,0.33999999999999997,7.970000000000001,-0.026646905,9243.549999999997,26.4,69.45,46.5,0.32999999999999996,-0.10586219600000002,0.0,28.18,3.15,0.816,20.7,-24.2,65.0,77.8,8.073,-6.931000000000001,81.0
2022-12-03 04:25:59.999999+00:00,5003,0.06,0.14,0.0,8597,11306,0.5,633.0,-0.037710412,4570,35.80000000000001,0.35,8.1,-0.026206459999999997,9244.65,26.4,69.44000000000001,46.5,0.32,-0.0057653,0.0,28.21,3.16,0.816,20.7,-24.1,65.0,77.8,8.007000000000001,-6.9,81.0
2022-12-03 04:26:59.999999+00:00,5000,0.07,0.13,0.0,8593,11301,0.49,632.3,-0.024793711,4579,35.80000000000001,0.31,7.2700000000000005,-0.038066683999999996,9244.27,26.4,69.44000000000001,46.6,0.324,-0.005670006,0.0,28.18,3.16,0.8120000000000002,20.7,-24.3,64.9,77.8,8.4,-6.781,81.0
2022-12-03 04:28:00+00:00,4996,0.13,0.12000000000000001,0.0,8586,11297,0.56,631.5,-0.012090508999999998,4574,35.7,0.3,8.370000000000003,-0.037437483,9247.0,26.4,69.46,46.6,0.323,-0.005576287000000001,0.0,28.2,3.16,0.817,20.7,-24.5,64.9,77.7,8.610999999999999,-6.856999999999999,81.0
2022-12-03 04:28:59.999999+00:00,5002,0.11,0.13,0.0,8591,11302,0.52,632.0,-0.011890666,4575,35.80000000000001,0.4,8.350000000000001,-0.03681868099999999,9244.84,26.4,69.44000000000001,46.6,0.317,-0.005484116999999999,0.0,28.2,3.16,0.817,20.7,-24.2,64.9,77.8,8.860000000000001,-6.979000000000001,81.0
2022-12-03 04:30:00+00:00,5008,0.1,0.14,0.0,8591,11303,0.46,632.2,0.000599263,4574,35.80000000000001,0.33999999999999997,8.629999999999999,-0.036210108,9244.299999999997,26.4,69.44000000000001,46.5,0.32,-0.00539347,0.0,28.18,3.16,0.8120000000000002,20.7,-24.2,64.9,77.8,8.777000000000001,-6.844999999999999,81.0
2022-12-03 04:31:00+00:00,5007,0.17,0.14,0.0,8589,11295,0.48000000000000004,631.4,-0.023997418999999996,4575,35.80000000000001,0.35,8.11,-0.023318204999999995,9244.59,26.4,69.45,46.6,0.322,-0.005304322,0.0,28.18,3.15,0.814,20.7,-24.5,65.0,77.8,8.88,-6.752,81.0
2022-12-03 04:32:00+00:00,4998,0.14,0.15000000000000002,0.0,8589,11297,0.51,631.8,-0.023600767999999998,4580,35.80000000000001,0.35,8.61,-0.022932781,9246.56,26.4,69.45,46.6,0.319,-0.005216647,0.0,28.21,3.16,0.814,20.7,-24.7,65.0,77.8,8.703000000000001,-6.875,81.0
2022-12-03 04:32:59.999999+00:00,5005,0.09,0.13,0.0,8591,11303,0.52,632.3,-0.010917283999999996,4579,35.80000000000001,0.41000000000000003,7.8,-0.022553726,9245.28,26.4,69.44000000000001,46.6,0.324,-0.005130421999999999,0.0,28.24,3.16,0.814,20.7,-24.3,65.0,77.8,8.785,-6.89,81.0
2022-12-03 04:34:00+00:00,5002,0.08,0.09,0.0,8588,11298,0.49,632.2,-0.023030220999999997,4584,35.80000000000001,0.31,8.700000000000001,-0.022180938,9244.449999999999,26.4,69.46,46.6,0.319,-0.005045621000000001,0.0,28.2,3.16,0.818,20.7,-24.3,65.0,77.8,8.985000000000001,-6.763999999999999,81.0
2022-12-03 04:34:59.999999+00:00,4997,0.14,0.13,0.0,8596,11307,0.57,633.1,-0.022649557,4579,35.80000000000001,0.33999999999999997,8.6,-0.021814310000000003,9246.219999999998,26.4,69.44000000000001,46.6,0.322,-0.004962223000000001,0.0,28.18,3.15,0.813,20.7,-23.9,65.0,77.8,8.729,-6.84,81.0
2022-12-03 04:35:59.999998+00:00,5007,0.08,0.09,0.0,8601,11308,0.48000000000000004,633.6,0.0023115929999999994,4576,35.80000000000001,0.38,8.200000000000001,-0.021453743000000004,9243.349999999999,26.4,69.46,46.6,0.322,-0.004880202000000001,0.0,28.2,3.16,0.8120000000000002,20.7,-23.8,65.0,77.8,8.818000000000001,-6.709,81.0
2022-12-03 04:36:59.999998+00:00,5003,0.08,0.1,0.0,8596,11306,0.49,632.6,0.002273385,4581,35.80000000000001,0.4,8.89,-0.008805748,9245.76,26.4,69.45,46.6,0.322,0.09354757000000002,0.0,28.18,3.16,0.813,20.7,-24.0,65.1,77.9,8.658000000000001,-6.436,81.0
2022-12-03 04:37:59.999999+00:00,4996,0.08,0.1,0.0,8601,11309,0.47000000000000003,633.3,0.026822584999999993,4578,35.80000000000001,0.37,7.99,-0.008660198000000001,9245.54,26.4,69.43,46.6,0.323,-0.006345779,0.0,28.21,3.15,0.813,20.7,-23.9,65.1,77.9,8.692,-6.616999999999999,81.1
2022-12-03 04:38:59.999999+00:00,4998,0.13,0.09,0.0,8596,11305,0.49,632.4,0.014085847999999998,4575,35.80000000000001,0.36,8.540000000000001,-0.008517054,9244.75,26.4,69.44000000000001,46.6,0.326,-0.00624089,0.0,28.21,3.16,0.814,20.7,-24.2,65.1,78.0,8.663,-6.507,81.1
2022-12-03 04:40:00+00:00,5007,0.13,0.12000000000000001,0.0,8598,11308,0.48000000000000004,633.1,-0.010733752999999999,4580,35.80000000000001,0.36,8.69,-0.020669665,9246.68,26.4,69.45,46.5,0.326,-0.006137734999999999,0.0,28.2,3.16,0.816,20.7,-23.8,65.0,77.9,8.524000000000001,-6.701,81.1
2022-12-03 04:40:59.999999+00:00,4997,0.13,0.08,0.0,8600,11308,0.52,633.0,0.026323829999999996,4583,35.80000000000001,0.45,8.57,-0.008034629,9244.9,26.4,69.44000000000001,46.6,0.323,-0.006036284,0.0,28.21,3.15,0.813,20.7,-24.0,65.1,77.9,8.664000000000001,-6.508,81.1
2022-12-03 04:41:59.999999+00:00,5002,0.08,0.16,0.0,8597,11308,0.49,633.4,0.0013019489999999997,4578,35.80000000000001,0.3,8.89,-0.007901825,9245.98,26.4,69.45,46.6,0.32,-0.005936511,0.0,28.2,3.15,0.813,20.7,-23.9,65.1,77.9,8.537999999999998,-6.532,81.1
2022-12-03 04:43:00+00:00,5006,0.08,0.11,0.0,8597,11307,0.52,632.8,0.013573816999999998,4574,35.80000000000001,0.33999999999999997,8.15,-0.007771217000000001,9244.94,26.4,69.45,46.6,0.324,-0.005838386999999999,0.0,28.2,3.15,0.813,20.7,-23.8,65.1,77.9,8.707999999999998,-6.383,81.1
2022-12-03 04:44:00+00:00,5001,0.09,0.15000000000000002,0.0,8598,11307,0.51,633.3,0.013349457,4576,35.80000000000001,0.33999999999999997,8.200000000000001,-0.019936155,9246.08,26.4,69.45,46.5,0.322,-0.0057418849999999995,0.0,28.21,3.16,0.813,20.7,-23.9,65.0,77.9,8.536000000000001,-6.547,81.1
2022-12-03 04:44:59.999999+00:00,4999,0.09,0.19,0.0,8604,11310,0.47000000000000003,633.0,0.05000897,4577,35.80000000000001,0.32,8.06,-0.007313244,9244.68,26.4,69.45,46.6,0.324,-0.005646977,0.0,28.17,3.16,0.817,20.7,-23.9,65.1,77.9,8.742,-6.539,81.1
2022-12-03 04:45:59.999999+00:00,5002,0.09,0.17,0.0,8601,11310,0.48000000000000004,633.4,0.024595597999999996,4581,35.80000000000001,0.38,8.16,-0.007192364,9244.959999999995,26.4,69.45,46.6,0.327,-0.005553639000000001,0.0,28.21,3.16,0.813,20.7,-23.7,65.1,77.9,8.645,-6.426,81.1
2022-12-03 04:46:59.999999+00:00,4999,0.14,0.15000000000000002,0.0,8605,11313,0.49,634.3,0.048775835999999996,4576,35.80000000000001,0.39,8.05,-0.007073481,9245.240000000002,26.4,69.45,46.6,0.326,-0.005461843000000001,0.0,28.2,3.15,0.818,20.7,-23.4,65.1,77.9,8.738999999999999,-6.266,81.1
2022-12-03 04:47:59.999999+00:00,4991,0.11,0.09,0.0,8607,11313,0.53,634.1,0.035676236,4579,35.80000000000001,0.37,8.75,-0.006956564,9244.469999999996,26.4,69.45,46.6,0.324,-0.005371565,0.0,28.2,3.15,0.813,20.7,-23.4,65.1,78.0,8.801,-6.075,81.1
2022-12-03 04:49:00+00:00,4992,0.14,0.11,0.0,8604,11306,0.51,632.8,0.047379934,4573,35.80000000000001,0.41000000000000003,7.75,-0.00684158,9245.209999999997,26.4,69.47,46.5,0.324,-0.005282779,0.0,28.18,3.16,0.813,20.7,-23.7,65.1,78.0,8.677000000000001,-6.038,81.2
2022-12-03 04:49:59.999999+00:00,4997,0.11,0.11,0.0,8593,11301,0.54,631.7,0.00971663,4580,35.80000000000001,0.33999999999999997,8.120000000000001,-0.006728495999999999,9246.740000000002,26.4,69.45,46.6,0.32,-0.005195459999999999,0.0,28.21,3.16,0.813,20.7,-24.3,65.1,77.9,8.519,-6.22,81.2
2022-12-03 04:50:59.999999+00:00,5004,0.1,0.16,0.0,8586,11294,0.6,631.0,-0.027324140999999996,4579,35.80000000000001,0.39,9.360000000000001,-0.006617280999999999,9248.33,26.4,69.44000000000001,46.6,0.327,-0.005109584999999998,0.0,28.21,3.16,0.813,20.7,-24.7,65.1,77.8,8.684000000000001,-6.569,81.2
2022-12-03 04:52:00+00:00,5004,0.12000000000000001,0.16,0.0,8588,11300,0.56,631.8,-0.05145927899999998,4580,35.80000000000001,0.35,9.08,-0.006507904999999998,9245.58,26.4,69.46,46.6,0.321,-0.005025128999999999,0.0,28.2,3.16,0.8120000000000002,20.7,-24.3,65.1,77.8,8.849,-6.9,81.1
2022-12-03 04:52:59.999999+00:00,5009,0.1,0.12000000000000001,0.0,8585,11290,0.53,630.1,-0.038315324,4572,35.80000000000001,0.39,8.729999999999999,-0.006400336,9245.359999999999,26.4,69.45,46.6,0.322,-0.004942069000000001,0.0,28.21,3.16,0.813,20.7,-24.8,65.1,77.8,8.693000000000001,-6.8629999999999995,81.1
2022-12-03 04:53:59.999999+00:00,4995,0.15000000000000002,0.17,0.0,8581,11287,0.54,629.8,-0.099148955,4580,35.80000000000001,0.38,10.01,-0.018587934,9247.959999999995,26.4,69.46,46.6,0.32,-0.004860381999999999,0.0,28.18,3.16,0.813,20.7,-25.1,65.0,77.7,8.352000000000002,-7.173,81.1
2022-12-03 04:54:59.999999+00:00,5003,0.11,0.14,0.0,8579,11285,0.54,629.4,-0.08521674100000003,4574,35.80000000000001,0.35,9.34,-0.018280695,9246.6,26.5,69.45,46.6,0.319,-0.004780045,0.0,28.21,3.16,0.816,20.7,-25.2,65.0,77.7,8.315000000000001,-7.455,81.0
2022-12-03 04:56:00+00:00,4993,0.11,0.1,0.0,8576,11280,0.55,628.9,-0.10839497700000002,4570,35.80000000000001,0.2800000000000001,9.530000000000001,-0.017978535,9246.449999999999,26.5,69.45,46.5,0.328,-0.004701036,0.0,28.22,3.16,0.816,20.7,-25.3,65.0,77.7,8.48,-7.607999999999999,81.0
2022-12-03 04:57:00+00:00,4998,0.09,0.14,0.0,8577,11281,0.57,628.7,-0.09430993600000001,4575,35.80000000000001,0.3,9.27,-0.029974756999999998,9247.04,26.5,69.45,46.6,0.319,-0.0046233329999999994,0.0,28.22,3.16,0.813,20.7,-25.5,64.9,77.7,8.440999999999999,-7.78,81.0
2022-12-03 04:57:59.999999+00:00,5002,0.12000000000000001,0.16,0.0,8584,11288,0.57,629.5,-0.09275109399999999,4573,35.80000000000001,0.31,9.3,-0.029479307000000007,9247.449999999999,26.5,69.45,46.6,0.325,0.093800193,0.0,28.2,3.16,0.813,20.7,-25.0,64.9,77.7,8.344000000000001,-7.802,80.9
2022-12-03 04:59:00+00:00,5007,0.08,0.17,0.0,8584,11288,0.55,630.0,-0.06663124099999998,4579,35.80000000000001,0.3,8.620000000000001,-0.028992045999999997,9248.84,26.5,69.45,46.6,0.325,-0.00609733,0.0,28.21,3.16,0.8120000000000002,20.7,-25.0,64.9,77.7,8.132,-7.488,80.9
2022-12-03 05:00:00+00:00,5000,0.09,0.13,0.0,8577,11283,0.51,629.3,-0.06552989799999999,4574,35.80000000000001,0.31,8.89,-0.028512837999999995,9250.049999999997,26.5,69.45,46.6,0.32,-0.005996548000000001,0.0,28.21,3.16,0.813,20.7,-25.3,64.9,77.7,8.107999999999999,-7.415,80.9
2022-12-03 05:00:59.999999+00:00,5004,0.09,0.12000000000000001,0.0,8582,11287,0.53,629.9,-0.039859983,4575,35.80000000000001,0.33999999999999997,9.11,-0.04033494,9250.19,26.5,69.45,46.6,0.32,-0.005897431999999999,0.0,28.22,3.16,0.814,20.7,-25.0,64.8,77.7,8.058000000000002,-7.6659999999999995,80.9
2022-12-03 05:01:59.999999+00:00,5001,0.11,0.17,0.0,8587,11287,0.52,629.9,-0.03920114,4572,35.80000000000001,0.33999999999999997,7.68,-0.027374858,9248.4,26.5,69.47,46.6,0.324,-0.005799953,0.0,28.22,3.16,0.813,20.7,-24.9,64.9,77.7,8.095,-7.553999999999999,80.9
2022-12-03 05:02:59.999999+00:00,4995,0.09,0.13,0.0,8580,11286,0.55,629.3,-0.038553187,4574,35.80000000000001,0.3,8.25,-0.03921577,9249.969999999996,26.5,69.45,46.6,0.322,-0.005704085999999999,0.0,28.22,3.16,0.8120000000000002,20.7,-25.3,64.8,77.7,7.849,-7.494,80.9
2022-12-03 05:03:59.999999+00:00,4990,0.11,0.17,0.0,8579,11278,0.53,628.7,-0.062502721,4563,35.80000000000001,0.33999999999999997,8.700000000000001,-0.03856757499999999,9250.61,26.5,69.47,46.6,0.324,-0.0056098039999999995,0.0,28.17,3.15,0.814,20.7,-25.3,64.8,77.6,8.036000000000001,-7.627999999999999,80.9
2022-12-03 05:05:00+00:00,5004,0.1,0.11,0.0,8578,11278,0.49,628.4,-0.07376300700000002,4567,35.80000000000001,0.32999999999999996,9.89,-0.037930095,9249.41,26.5,69.45,46.6,0.326,-0.005517079999999999,0.0,28.18,3.15,0.814,20.7,-25.3,64.8,77.6,7.6659999999999995,-7.616999999999999,80.8
2022-12-03 05:06:00+00:00,5001,0.09,0.13,0.0,8578,11281,0.53,628.9,-0.06025039499999999,4577,35.80000000000001,0.33999999999999997,8.38,-0.037303151,9249.19,26.5,69.44000000000001,46.5,0.325,-0.005425888999999999,0.0,28.22,3.16,0.8120000000000002,20.7,-25.4,64.8,77.6,7.681,-7.651999999999999,80.8
2022-12-03 05:06:59.999999+00:00,5005,0.12000000000000001,0.16,0.0,8577,11283,0.5800000000000001,629.0,-0.05925452099999999,4577,35.80000000000001,0.32999999999999996,8.350000000000001,-0.04897995799999998,9250.01,26.6,69.44000000000001,46.5,0.327,-0.005336204000000001,0.0,28.25,3.16,0.8120000000000002,20.7,-25.4,64.7,77.6,8.223999999999998,-7.716,80.8
2022-12-03 05:08:00+00:00,5002,0.09,0.14,0.0,8577,11281,0.48000000000000004,628.9,-0.058275106999999986,4566,35.80000000000001,0.32999999999999996,8.55,-0.04817037199999999,9249.94,26.6,69.44000000000001,46.5,0.325,-0.005248003,0.0,28.279999999999998,3.15,0.816,20.7,-25.3,64.7,77.6,8.412,-7.794,80.8
2022-12-03 05:09:00+00:00,4992,0.07,0.12000000000000001,0.0,8580,11281,0.49,629.0,-0.057311882,4574,35.80000000000001,0.35,8.58,-0.047374167999999994,9248.469999999996,26.6,69.44000000000001,46.5,0.327,0.09318584900000002,0.0,28.25,3.16,0.816,20.7,-25.3,64.7,77.6,8.102,-7.754999999999999,80.8
2022-12-03 05:10:00+00:00,4998,0.09,0.13,0.0,8575,11280,0.51,629.1,-0.068657967,4569,35.80000000000001,0.35,8.94,-0.04659112399999999,9249.44,26.5,69.44000000000001,46.5,0.324,-0.006701521,0.0,28.25,3.16,0.815,20.7,-25.4,64.7,77.6,7.986,-7.772,80.8
2022-12-03 05:10:59.999999+00:00,4995,0.12000000000000001,0.15000000000000002,0.0,8582,11284,0.52,629.5,-0.07981651300000002,4573,35.80000000000001,0.33999999999999997,8.33,-0.033527633999999994,9249.59,26.5,69.44000000000001,46.5,0.319,-0.006590752,0.0,28.25,3.15,0.815,20.7,-25.2,64.8,77.6,8.06,-7.810999999999999,80.8
2022-12-03 05:11:59.999999+00:00,4992,0.08,0.12000000000000001,0.0,8574,11279,0.55,628.4,-0.053910454999999996,4576,35.80000000000001,0.3,8.4,-0.045266846999999985,9249.68,26.5,69.43,46.5,0.324,0.091865294,0.0,28.259999999999998,3.16,0.815,20.7,-25.5,64.7,77.6,8.08,-7.601999999999999,80.8
2022-12-03 05:12:59.999999+00:00,4997,0.09,0.1,0.0,8576,11281,0.52,628.9,-0.065312761,4574,35.80000000000001,0.31,7.9,-0.044518634000000015,9250.58,26.5,69.44000000000001,46.5,0.327,-0.008000248000000001,0.0,28.24,3.15,0.814,20.7,-25.4,64.7,77.6,7.839,-7.922,80.8
2022-12-03 05:13:59.999999+00:00,4998,0.08,0.13,0.0,8577,11278,0.49,628.6,-0.064233212,4569,35.80000000000001,0.29000000000000004,8.33,-0.04378278900000001,9248.93,26.5,69.43,46.5,0.328,-0.007868013,0.0,28.24,3.15,0.815,20.7,-25.3,64.7,77.6,8.203000000000001,-7.614999999999999,80.8
2022-12-03 05:15:00+00:00,5002,0.11,0.1,0.0,8582,11286,0.52,629.5,-0.06317150599999999,4568,35.80000000000001,0.33999999999999997,8.68,-0.043059106999999985,9249.32,26.5,69.43,46.5,0.323,-0.007737963,0.0,28.22,3.15,0.815,20.7,-25.0,64.7,77.6,7.87,-7.703,80.8
2022-12-03 05:16:00+00:00,5004,0.1,0.11,0.0,8572,11273,0.52,628.1,-0.07442073700000001,4569,35.80000000000001,0.37,9.91,-0.042347386,9248.709999999997,26.5,69.44000000000001,46.5,0.329,-0.007610063,0.0,28.24,3.16,0.814,20.7,-25.6,64.7,77.6,7.796,-7.603999999999999,80.8
2022-12-03 05:16:59.999999+00:00,5005,0.11,0.1,0.0,8572,11272,0.49,627.1,-0.08548403099999997,4565,35.80000000000001,0.29000000000000004,7.85,-0.04164742899999999,9251.53,26.5,69.43,46.5,0.326,-0.007484277,0.0,28.24,3.15,0.816,20.7,-25.8,64.7,77.5,7.470000000000001,-7.927,80.8
2022-12-03 05:17:59.999999+00:00,5005,0.06,0.14,0.0,8568,11272,0.47000000000000003,627.7,-0.08407107100000001,4567,35.80000000000001,0.3,8.239999999999998,-0.04095904199999999,9249.740000000002,26.5,69.43,46.5,0.321,0.09098653799999999,0.0,28.25,3.15,0.815,20.7,-25.7,64.7,77.5,7.778,-8.005,80.8
2022-12-03 05:18:59.999999+00:00,4997,0.06,0.14,0.0,8570,11275,0.47000000000000003,628.0,-0.09497485500000001,4567,35.80000000000001,0.3,8.239999999999998,-0.040282033,9249.230000000001,26.5,69.42,46.5,0.322,-0.008864479000000001,0.0,28.21,3.15,0.814,20.7,-25.5,64.7,77.5,7.903,-7.932,80.7
2022-12-03 05:19:59.999999+00:00,5003,0.13,0.08,0.0,8570,11272,0.5,627.6,-0.093405023,4568,35.80000000000001,0.32,8.27,-0.039616214,9249.369999999999,26.5,69.43,46.5,0.325,0.08962914800000002,0.0,28.24,3.15,0.814,20.7,-25.8,64.7,77.5,7.5569999999999995,-8.005,80.7
2022-12-03 05:20:59.999999+00:00,5006,0.12000000000000001,0.22,0.0,8579,11276,0.53,628.1,-0.07956775,4568,35.80000000000001,0.32999999999999996,9.51,-0.03896140099999999,9249.5,26.5,69.43,46.5,0.327,-0.010199432999999997,0.0,28.22,3.16,0.815,20.7,-25.3,64.7,77.5,7.476000000000001,-8.185,80.7
2022-12-03 05:21:59.999998+00:00,5003,0.07,0.15000000000000002,0.0,8578,11279,0.53,629.3,-0.078252581,4569,35.80000000000001,0.2800000000000001,8.51,-0.038317410999999996,9248.33,26.5,69.44000000000001,46.5,0.327,0.08831626,0.0,28.25,3.15,0.814,20.7,-25.2,64.7,77.5,7.683999999999999,-7.817999999999999,80.7
2022-12-03 05:22:59.999999+00:00,5007,0.08,0.12000000000000001,0.0,8574,11278,0.55,628.3,-0.07695914899999998,4574,35.7,0.36,9.97,-0.03768406500000001,9248.629999999997,26.6,69.44000000000001,46.5,0.327,0.08685648800000001,0.0,28.24,3.16,0.814,20.7,-25.4,64.7,77.5,7.824999999999999,-7.565999999999999,80.7
2022-12-03 05:23:59.999999+00:00,5002,0.08,0.14,0.0,8581,11281,0.5,628.9,-0.075687097,4571,35.80000000000001,0.32,8.370000000000003,-0.037061188,9249.91,26.5,69.44000000000001,46.5,0.316,0.08542084300000002,0.0,28.22,3.15,0.814,20.7,-25.3,64.7,77.5,7.679,-7.747,80.7
2022-12-03 05:25:00+00:00,4998,0.1,0.1,0.0,8578,11281,0.54,628.9,-0.049849294,4569,35.80000000000001,0.35,8.32,-0.036448606,9249.65,26.6,69.45,46.5,0.324,-0.014338179,0.0,28.22,3.16,0.814,20.7,-25.4,64.7,77.5,7.827999999999999,-7.536,80.8
2022-12-03 05:25:59.999999+00:00,4998,0.11,0.09,0.0,8582,11280,0.54,629.0,-0.03673195,4567,35.80000000000001,0.38,8.790000000000001,-0.03584615,9249.27,26.6,69.44000000000001,46.5,0.32,-0.014101183999999998,0.0,28.22,3.16,0.815,20.7,-25.3,64.7,77.6,7.989,-7.57,80.7
2022-12-03 05:26:59.999998+00:00,4995,0.17,0.13,0.0,8575,11274,0.5800000000000001,628.2,-0.07300497599999999,4570,35.80000000000001,0.33999999999999997,8.84,-0.035253652,9249.94,26.6,69.44000000000001,46.5,0.32999999999999996,0.084479001,0.0,28.22,3.15,0.815,20.7,-25.5,64.7,77.6,7.78,-7.575,80.8
2022-12-03 05:27:59.999999+00:00,4999,0.14,0.12000000000000001,0.0,8576,11274,0.53,628.2,-0.059504894,4571,35.80000000000001,0.33999999999999997,7.84,-0.03467094700000001,9250.07,26.6,69.44000000000001,46.5,0.322,0.08308265299999999,0.0,28.259999999999998,3.16,0.814,20.7,-25.4,64.7,77.5,7.79,-7.879,80.7
2022-12-03 05:29:00+00:00,5001,0.09,0.17,0.0,8573,11275,0.53,627.9,-0.05852134199999998,4566,35.80000000000001,0.27,8.739999999999998,-0.034097873,9249.51,26.6,69.45,46.5,0.323,0.08170938600000001,0.0,28.25,3.15,0.815,20.7,-25.5,64.7,77.5,7.751,-7.908,80.7
2022-12-03 05:29:59.999998+00:00,5005,0.12000000000000001,0.12000000000000001,0.0,8576,11280,0.5800000000000001,628.9,-0.09443421199999999,4573,35.80000000000001,0.37,7.98,-0.033534272,9249.640000000001,26.6,69.44000000000001,46.5,0.321,0.08035881800000003,0.0,28.24,3.15,0.815,20.7,-25.3,64.7,77.5,7.8,-7.877,80.7
2022-12-03 05:30:59.999998+00:00,5000,0.13,0.16,0.0,8582,11278,0.57,628.9,-0.08057992800000001,4574,35.80000000000001,0.37,8.639999999999999,-0.032979987,9248.629999999997,26.6,69.44000000000001,46.5,0.317,-0.019316534,0.0,28.25,3.15,0.815,20.7,-25.3,64.7,77.5,7.999,-7.7,80.7
2022-12-03 05:32:00+00:00,4994,0.12000000000000001,0.08,0.0,8577,11284,0.49,630.0,-0.06695464,4579,35.7,0.31,8.33,-0.032434863,9249.48,26.6,69.43,46.5,0.324,-0.018997252999999995,0.0,28.25,3.15,0.815,20.7,-25.2,64.7,77.5,7.978,-7.513999999999999,80.7
2022-12-03 05:32:59.999999+00:00,5002,0.1,0.12000000000000001,0.0,8582,11286,0.55,629.9,-0.04126117499999998,4573,35.80000000000001,0.35,8.32,-0.031898749,9248.4,26.6,69.44000000000001,46.5,0.328,0.079663859,0.0,28.25,3.15,0.814,20.7,-25.1,64.7,77.5,8.247000000000002,-7.256,80.7
2022-12-03 05:34:00+00:00,4999,0.14,0.16,0.0,8589,11290,0.53,630.9,-0.04057917199999998,4572,35.80000000000001,0.36,8.040000000000001,-0.031371497,9248.09,26.6,69.44000000000001,46.5,0.327,0.078347101,0.0,28.24,3.15,0.814,20.7,-24.8,64.7,77.6,8.239999999999998,-7.198999999999999,80.7
2022-12-03 05:35:00+00:00,5005,0.06,0.12000000000000001,0.0,8584,11289,0.51,629.8,0.021558500999999994,4571,35.7,0.37,8.620000000000001,-0.018559572,9249.77,26.6,69.46,46.5,0.323,0.077052107,0.0,28.25,3.16,0.815,20.7,-24.9,64.8,77.6,7.919,-7.242,80.8
2022-12-03 05:35:59.999999+00:00,5005,0.11,0.08,0.0,8584,11289,0.53,631.3,0.021202162000000004,4578,35.7,0.32,8.47,-0.018252802,9249.77,26.6,69.46,46.5,0.328,0.075778519,0.0,28.22,3.16,0.815,20.7,-24.9,64.8,77.6,7.919,-7.242,80.8
2022-12-03 05:37:00+00:00,4997,0.14,0.14,0.0,8587,11293,0.52,631.3,-0.028321840999999997,4578,35.7,0.37,8.540000000000001,-0.005657713999999999,9248.469999999996,26.6,69.46,46.5,0.328,0.07452598100000002,0.0,28.22,3.15,0.815,20.7,-24.7,64.9,77.6,8.167000000000002,-7.160999999999999,80.8
2022-12-03 05:37:59.999999+00:00,4994,0.12000000000000001,0.17,0.0,8589,11294,0.5,631.2,-0.027853711000000003,4573,35.80000000000001,0.31,9.729999999999999,-0.005564197999999999,9248.230000000001,26.6,69.45,46.5,0.33099999999999996,0.07329414699999999,0.0,28.24,3.16,0.815,20.7,-24.7,64.9,77.7,8.219999999999999,-7.001,80.8
2022-12-03 05:38:59.999999+00:00,5004,0.1,0.15000000000000002,0.0,8589,11292,0.53,630.9,-0.027393319000000003,4575,35.80000000000001,0.33999999999999997,8.44,-0.005472228000000001,9249.719999999998,26.5,69.44000000000001,46.5,0.327,0.07208267300000001,0.0,28.25,3.15,0.815,20.7,-24.6,64.9,77.7,8.088000000000001,-6.995,80.8
2022-12-03 05:39:59.999999+00:00,5004,0.07,0.14,0.0,8588,11290,0.53,630.4,-0.0023537599999999994,4576,35.80000000000001,0.37,8.32,-0.005381778,9249.049999999997,26.5,69.44000000000001,46.5,0.326,0.070891224,0.0,28.24,3.16,0.815,20.7,-24.8,64.9,77.7,8.094000000000001,-7.084,80.8
2022-12-03 05:41:00+00:00,4999,0.12000000000000001,0.13,0.0,8590,11288,0.53,630.5,-0.0023148549999999993,4583,35.80000000000001,0.36,7.72,-0.005292823,9249.44,26.5,69.44000000000001,46.5,0.325,-0.028627638999999996,0.0,28.25,3.15,0.815,20.7,-24.8,64.9,77.7,8.156,-7.109999999999999,80.8
2022-12-03 05:41:59.999999+00:00,4998,0.1,0.12000000000000001,0.0,8587,11289,0.54,630.5,-0.0022765929999999995,4576,35.80000000000001,0.31,8.120000000000001,-0.005205338,9249.81,26.5,69.42,46.5,0.324,0.070192653,0.0,28.24,3.15,0.816,20.7,-24.8,64.9,77.7,8.151000000000002,-7.149,80.8
2022-12-03 05:42:59.999999+00:00,5006,0.1,0.1,0.0,8585,11287,0.54,630.0,-0.002238964,4573,35.80000000000001,0.32,9.41,-0.017412687999999996,9249.719999999998,26.5,69.44000000000001,46.5,0.325,0.069032444,0.0,28.25,3.15,0.816,20.7,-25.1,64.8,77.7,8.154000000000003,-7.2669999999999995,80.8
2022-12-03 05:44:00+00:00,5008,0.11,0.11,0.0,8586,11288,0.51,630.5,-0.026788733,4576,35.80000000000001,0.41000000000000003,9.0,-0.004831486999999999,9250.53,26.6,69.45,46.5,0.322,-0.030455695999999997,0.0,28.25,3.16,0.815,20.7,-24.8,64.9,77.7,8.101,-7.339,80.8
2022-12-03 05:44:59.999999+00:00,5006,0.12000000000000001,0.08,0.0,8581,11286,0.51,629.9,-0.0017591669999999998,4580,35.80000000000001,0.38,9.06,-0.0047516270000000005,9249.77,26.6,69.44000000000001,46.5,0.323,-0.029952295999999996,0.0,28.24,3.15,0.816,20.7,-25.0,64.9,77.7,8.045000000000002,-7.384999999999999,80.8
2022-12-03 05:46:00+00:00,4996,0.11,0.13,0.0,8580,11287,0.51,630.4,0.010563299,4579,35.80000000000001,0.33999999999999997,9.39,-0.016966477,9249.869999999999,26.5,69.44000000000001,46.5,0.316,0.068889891,0.0,28.25,3.16,0.816,20.7,-25.0,64.8,77.7,8.139999999999999,-7.403,80.8
2022-12-03 05:47:00+00:00,4993,0.09,0.18,0.0,8582,11286,0.52,630.0,0.022682087000000004,4581,35.80000000000001,0.38,8.239999999999998,-0.016686039,9249.1,26.6,69.44000000000001,46.5,0.326,0.067751215,0.0,28.279999999999998,3.15,0.815,20.7,-25.2,64.8,77.7,8.187000000000001,-7.449,80.8
2022-12-03 05:47:59.999999+00:00,4999,0.1,0.13,0.0,8585,11283,0.5,629.4,0.010013787999999997,4573,35.80000000000001,0.35,8.950000000000001,-0.016410236999999998,9250.58,26.6,69.43,46.5,0.327,0.06663135999999999,0.0,28.25,3.15,0.815,20.7,-25.3,64.8,77.7,8.07,-7.538,80.8
2022-12-03 05:48:59.999999+00:00,4998,0.11,0.09,0.0,8582,11288,0.49,629.9,-0.039325283,4576,35.80000000000001,0.36,9.030000000000001,-0.016138992999999997,9249.969999999996,26.6,69.45,46.5,0.324,0.065530015,0.0,28.25,3.15,0.815,20.7,-25.2,64.8,77.6,8.086,-7.639,80.8
2022-12-03 05:50:00+00:00,5004,0.08,0.16,0.0,8581,11283,0.49,629.3,-0.02638189,4577,35.80000000000001,0.32999999999999996,8.89,-0.015872232999999996,9249.25,26.6,69.42,46.5,0.32,0.064446874,0.0,28.259999999999998,3.15,0.815,20.7,-25.3,64.8,77.6,8.161000000000001,-7.556,80.8
2022-12-03 05:50:59.999999+00:00,5007,0.09,0.17,0.0,8578,11283,0.56,628.8,-0.025945824999999995,4573,35.7,0.32,9.02,-0.027903270000000004,9250.31,26.6,69.44000000000001,46.5,0.326,0.06338163700000002,0.0,28.22,3.16,0.816,20.7,-25.2,64.7,77.6,8.095,-7.636,80.8
2022-12-03 05:51:59.999999+00:00,5005,0.1,0.15000000000000002,0.0,8576,11278,0.54,628.7,-0.050103745999999984,4574,35.7,0.35,9.19,-0.027442058999999998,9249.209999999997,26.6,69.43,46.5,0.322,0.062334006,0.0,28.25,3.16,0.815,20.7,-25.5,64.7,77.5,8.327,-7.5249999999999995,80.8
2022-12-03 05:53:00+00:00,5000,0.12000000000000001,0.15000000000000002,0.0,8582,11284,0.52,629.7,-0.024688808,4574,35.7,0.35,9.27,-0.026988470999999997,9250.77,26.6,69.44000000000001,46.5,0.328,0.06130369200000001,0.0,28.259999999999998,3.16,0.815,20.7,-25.2,64.7,77.5,7.958,-7.736,80.8
2022-12-03 05:54:00+00:00,5001,0.11,0.15000000000000002,0.0,8584,11290,0.52,630.7,-0.024280727999999998,4578,35.80000000000001,0.32999999999999996,9.219999999999999,-0.026542380999999997,9248.449999999999,26.6,69.43,46.5,0.327,-0.03805669899999999,0.0,28.25,3.15,0.814,20.7,-24.8,64.7,77.6,8.3,-7.485,80.8
2022-12-03 05:55:00+00:00,5000,0.1,0.11,0.0,8584,11283,0.51,629.3,-0.023879394,4577,35.7,0.32999999999999996,8.280000000000001,-0.026103664,9248.12,26.6,69.44000000000001,46.5,0.33099999999999996,-0.037427663,0.0,28.25,3.16,0.815,20.7,-25.2,64.7,77.6,8.136000000000001,-7.349,80.8
2022-12-03 05:55:59.999999+00:00,5000,0.1,0.11,0.0,8578,11281,0.53,629.3,-0.023484692999999997,4581,35.7,0.33999999999999997,8.860000000000001,-0.025672198,9251.42,26.6,69.44000000000001,46.5,0.324,0.061538084,0.0,28.22,3.15,0.815,20.7,-25.3,64.7,77.6,7.951,-7.573,80.8
2022-12-03 05:56:59.999999+00:00,4999,0.09,0.21000000000000002,0.0,8580,11281,0.49,629.0,-0.035389905,4574,35.80000000000001,0.33999999999999997,8.200000000000001,-0.025247865,9249.719999999998,26.7,69.44000000000001,46.5,0.327,0.060520924999999996,0.0,28.24,3.15,0.814,20.7,-25.3,64.7,77.6,8.181000000000001,-7.499,80.8
2022-12-03 05:58:00+00:00,5005,0.09,0.18,0.0,8580,11284,0.52,630.0,-0.034804948,4573,35.7,0.32999999999999996,9.370000000000003,-0.024830544999999996,9249.449999999999,26.7,69.43,46.5,0.324,-0.03882652799999999,0.0,28.22,3.16,0.815,20.7,-25.0,64.7,77.6,8.293000000000001,-7.46,80.8
2022-12-03 05:58:59.999999+00:00,5002,0.09,0.12000000000000001,0.0,8582,11284,0.5800000000000001,629.8,-0.034229658999999996,4572,35.7,0.29000000000000004,11.11,-0.024420121999999992,9248.5,26.7,69.43,46.5,0.326,0.06016234,0.0,28.24,3.16,0.815,20.7,-25.1,64.7,77.6,8.256,-7.274,80.8
2022-12-03 06:00:00+00:00,4996,0.09,0.12000000000000001,0.0,8583,11287,0.5800000000000001,630.1,-0.03366388,4571,35.7,0.29000000000000004,11.11,-0.02401648399999999,9249.69,26.7,69.43,46.5,0.33099999999999996,0.059167921000000005,0.0,28.25,3.15,0.816,20.7,-25.1,64.7,77.6,8.123999999999999,-7.343999999999999,80.8
2022-12-03 06:01:00+00:00,5006,0.11,0.16,0.0,8582,11286,0.54,629.7,-0.033107451999999996,4572,35.80000000000001,0.37,9.620000000000001,-0.023619517,9249.99,26.7,69.43,46.6,0.326,-0.04015716799999999,0.0,28.24,3.15,0.816,20.7,-25.1,64.7,77.6,7.991,-7.389,80.8
2022-12-03 06:01:59.999999+00:00,4996,0.14,0.15000000000000002,0.21683218600000004,8579,11284,0.53,629.9,0.004319943999999999,4570,35.80000000000001,0.32999999999999996,10.11,-0.023229112,9248.57,26.7,69.43,46.5,0.324,-0.039493414,0.0,28.24,3.16,0.816,20.7,-25.1,64.7,77.7,8.055000000000001,-7.430000000000001,80.8
2022-12-03 06:02:59.999999+00:00,4998,0.09,0.16,0.0,8584,11287,0.53,630.4,0.00424854,4575,35.80000000000001,0.32,8.94,-0.022845160000000003,9248.640000000001,26.7,69.43,46.5,0.323,-0.03884063,0.0,28.25,3.15,0.815,20.7,-25.0,64.7,77.7,8.069,-7.403,80.8
2022-12-03 06:04:00+00:00,5006,0.1,0.06,0.0,8587,11290,0.54,630.6,-0.020408460999999996,4570,35.80000000000001,0.32,10.729999999999999,-0.022467553999999997,9248.89,26.7,69.44000000000001,46.5,0.329,-0.038198635999999994,0.0,28.22,3.16,0.815,20.7,-24.8,64.7,77.6,7.817999999999999,-7.441,80.8
2022-12-03 06:04:59.999999+00:00,5006,0.12000000000000001,0.18,0.0,8585,11291,0.54,630.9,0.004515645999999999,4576,35.80000000000001,0.33999999999999997,8.43,-0.009802801000000003,9248.5,26.7,69.44000000000001,46.5,0.321,0.060779853999999994,0.0,28.25,3.16,0.815,20.7,-24.8,64.8,77.7,7.986,-7.303999999999999,80.8
2022-12-03 06:05:59.999999+00:00,5004,0.11,0.16,0.0,8587,11291,0.53,630.6,-0.02014577,4573,35.80000000000001,0.37,9.1,-0.009640771,9249.44,26.6,69.43,46.5,0.328,0.059775228,0.0,28.22,3.15,0.816,20.7,-24.8,64.8,77.7,7.828999999999999,-7.313999999999999,80.8
2022-12-03 06:06:59.999999+00:00,5003,0.12000000000000001,0.15000000000000002,0.0,8587,11291,0.51,631.2,-0.019812781999999998,4578,35.80000000000001,0.39,8.870000000000003,-0.009481419000000001,9249.209999999997,26.6,69.43,46.5,0.329,-0.0395599,0.0,28.22,3.15,0.816,20.7,-24.7,64.8,77.7,7.985,-7.191999999999999,80.8
2022-12-03 06:08:00+00:00,5002,0.12000000000000001,0.07,0.0,8587,11292,0.51,631.5,0.017394867999999997,4573,35.7,0.33999999999999997,8.47,0.002968687,9249.54,26.7,69.43,46.5,0.323,0.059441091,0.0,28.24,3.15,0.816,20.7,-24.6,64.9,77.7,8.113000000000001,-7.017999999999999,80.8
2022-12-03 06:09:00+00:00,5001,0.11,0.13,0.0,8589,11291,0.5,631.0,0.004813961,4567,35.80000000000001,0.32999999999999996,9.0,-0.009373771000000001,9248.94,26.6,69.43,46.5,0.325,-0.039888514,0.0,28.24,3.15,0.816,20.7,-24.6,64.8,77.7,8.063,-7.052,80.8
2022-12-03 06:10:00+00:00,5001,0.11,0.13,0.0,8589,11296,0.53,631.4,0.017027779,4572,35.80000000000001,0.35,8.76,0.003074556,9248.65,26.7,69.42,46.5,0.319,-0.03922919999999999,0.0,28.25,3.15,0.816,20.7,-24.4,64.9,77.7,7.995,-7.094999999999999,80.8
2022-12-03 06:11:00+00:00,5001,0.12000000000000001,0.18,0.0,8593,11294,0.56,631.4,0.041333104999999995,4577,35.7,0.32,8.44,0.0030237370000000003,9248.52,26.7,69.42,46.5,0.327,-0.038580782999999993,0.0,28.25,3.15,0.816,20.7,-24.5,64.9,77.7,7.831,-6.981,80.8
2022-12-03 06:11:59.999999+00:00,4999,0.08,0.2,0.0,8595,11295,0.51,631.4,0.028356524999999994,4575,35.80000000000001,0.36,8.350000000000001,0.0029737579999999995,9249.61,26.7,69.43,46.5,0.324,-0.037943085,0.0,28.22,3.15,0.816,20.6,-24.6,64.9,77.7,7.803999999999999,-6.972,80.8
2022-12-03 06:13:00+00:00,5008,0.12000000000000001,0.14,0.0,8593,11293,0.45,631.1,0.05247459899999999,4575,35.80000000000001,0.42000000000000004,8.0,0.002924605,9248.219999999998,26.7,69.42,46.5,0.328,-0.037315926,0.0,28.25,3.16,0.816,20.7,-24.5,64.9,77.8,8.095,-6.979000000000001,80.8
2022-12-03 06:14:00+00:00,5000,0.11,0.16,0.0,8589,11292,0.55,631.2,0.0024336969999999994,4575,35.7,0.35,8.6,0.002876263999999999,9250.39,26.6,69.42,46.5,0.321,-0.036699134,0.0,28.25,3.15,0.816,20.7,-24.6,64.9,77.7,7.935,-6.889,80.9
2022-12-03 06:14:59.999999+00:00,5003,0.16,0.09,0.0,8587,11294,0.56,631.2,0.026980247,4574,35.80000000000001,0.32999999999999996,8.530000000000001,0.002828722,9248.78,26.6,69.42,46.5,0.326,0.062254571,0.0,28.259999999999998,3.16,0.816,20.7,-24.7,64.9,77.8,8.107999999999999,-6.922,80.8
2022-12-03 06:15:59.999998+00:00,5000,0.12000000000000001,0.13,0.0,8591,11293,0.5800000000000001,631.2,0.014240903999999999,4578,35.80000000000001,0.39,9.18,0.015075354999999999,9248.879999999996,26.6,69.43,46.5,0.32,0.061225569999999986,0.0,28.259999999999998,3.16,0.816,20.7,-24.3,65.0,77.8,7.931000000000001,-7.012999999999999,80.9
2022-12-03 06:16:59.999999+00:00,5002,0.07,0.16,0.0,8593,11295,0.59,631.3,0.014005516999999999,4572,35.80000000000001,0.32999999999999996,8.700000000000001,0.014826176,9249.25,26.6,69.42,46.5,0.323,-0.038133531,0.0,28.259999999999998,3.15,0.816,20.7,-24.5,65.0,77.8,7.973,-6.927,80.9
2022-12-03 06:17:59.999999+00:00,4998,0.09,0.17,0.0,8582,11284,0.54,629.9,0.0014806329999999999,4571,35.80000000000001,0.33999999999999997,8.66,0.0022877270000000002,9250.77,26.6,69.41000000000001,46.5,0.324,-0.037503224,0.0,28.279999999999998,3.15,0.816,20.6,-24.9,64.9,77.7,7.891,-6.949,80.9
2022-12-03 06:19:00+00:00,4997,0.11,0.21000000000000002,0.0,8586,11286,0.54,630.1,0.00145616,4569,35.80000000000001,0.31,8.68,0.002249913,9250.379999999996,26.6,69.42,46.5,0.323,-0.03688333600000001,0.0,28.29,3.16,0.815,20.7,-24.8,64.9,77.7,7.493,-7.344999999999999,80.9
2022-12-03 06:19:59.999999+00:00,4995,0.13,0.13,0.0,8588,11289,0.54,630.3,0.026018868,4565,35.80000000000001,0.38,8.76,0.002212724,9248.730000000001,26.6,69.41000000000001,46.5,0.322,0.062073413,0.0,28.259999999999998,3.16,0.816,20.7,-24.8,64.9,77.7,7.744,-7.233,80.9
2022-12-03 06:20:59.999999+00:00,4996,0.1,0.11,0.0,8589,11287,0.51,630.1,0.001002027,4569,35.80000000000001,0.2800000000000001,9.040000000000001,0.00217615,9248.82,26.7,69.41000000000001,46.5,0.325,-0.037299701,0.0,28.259999999999998,3.16,0.816,20.6,-24.9,64.9,77.7,8.043000000000001,-7.048,80.8
2022-12-03 06:22:00+00:00,5001,0.07,0.11,0.0,8586,11286,0.55,630.0,0.025572241,4567,35.80000000000001,0.35,9.040000000000001,0.0021401810000000005,9249.58,26.7,69.41000000000001,46.5,0.327,-0.036683177000000004,0.0,28.279999999999998,3.16,0.816,20.7,-24.8,64.9,77.7,7.668999999999999,-7.25,80.8
2022-12-03 06:22:59.999999+00:00,4992,0.12000000000000001,0.09,0.0,8584,11285,0.51,629.9,0.0005627829999999999,4564,35.80000000000001,0.32,8.5,-0.010188582999999998,9249.48,26.7,69.41000000000001,46.5,0.324,0.06227026399999999,0.0,28.24,3.16,0.816,20.7,-25.0,64.8,77.7,7.811999999999999,-7.1899999999999995,80.8
2022-12-03 06:23:59.999999+00:00,5000,0.09,0.14,0.0,8582,11284,0.53,629.4,0.012846869,4565,35.80000000000001,0.29000000000000004,8.65,-0.010020176,9249.26,26.7,69.41000000000001,46.5,0.324,-0.037106104,0.0,28.259999999999998,3.17,0.816,20.7,-25.0,64.8,77.7,7.717,-7.227999999999999,80.8
2022-12-03 06:24:59.999998+00:00,5000,0.1,0.14,0.0,8587,11289,0.56,630.3,-0.024245641,4564,35.80000000000001,0.36,8.51,-0.022147942000000004,9248.76,26.7,69.41000000000001,46.5,0.324,0.061854327,0.0,28.259999999999998,3.16,0.816,20.7,-24.8,64.7,77.6,7.864999999999999,-7.243,80.8
2022-12-03 06:26:00+00:00,4995,0.08,0.09,0.0,8586,11286,0.5800000000000001,630.0,-0.036138275,4565,35.7,0.38,8.16,-0.02178186,9248.719999999998,26.7,69.41000000000001,46.5,0.325,-0.037515166,0.0,28.279999999999998,3.16,0.816,20.7,-24.8,64.7,77.6,7.64,-7.206,80.8
2022-12-03 06:26:59.999999+00:00,4998,0.09,0.1,0.0,8585,11287,0.55,630.3,-0.035540948,4563,35.7,0.38,8.58,-0.009128441000000001,9249.04,26.7,69.4,46.5,0.328,-0.036895081,0.0,28.25,3.16,0.816,20.6,-24.6,64.8,77.6,7.6499999999999995,-7.131,80.8
2022-12-03 06:27:59.999999+00:00,4995,0.12000000000000001,0.12000000000000001,0.0,8592,11291,0.55,630.8,0.0019266709999999998,4570,35.80000000000001,0.36,8.97,-0.008977558,9248.27,26.7,69.4,46.5,0.321,-0.03628524500000001,0.0,28.259999999999998,3.16,0.816,20.7,-24.6,64.8,77.7,7.691999999999999,-7.144999999999999,80.8
2022-12-03 06:29:00+00:00,5003,0.09,0.22,0.0,8586,11286,0.57,630.2,0.0018948249999999997,4564,35.80000000000001,0.37,8.0,-0.008829168,9248.77,26.7,69.39,46.5,0.323,-0.035685488,0.0,28.259999999999998,3.16,0.816,20.7,-24.8,64.8,77.6,7.771,-7.077,80.8
2022-12-03 06:30:00+00:00,5003,0.09,0.12000000000000001,0.0,8590,11290,0.5,630.6,0.0018635049999999997,4575,35.80000000000001,0.4,8.530000000000001,-0.008683232,9248.77,26.7,69.4,46.5,0.318,0.06325146199999998,0.0,28.25,3.16,0.816,20.7,-24.8,64.8,77.7,7.771,-7.077,80.8
2022-12-03 06:30:59.999999+00:00,4999,0.08,0.14,0.0,8589,11289,0.5,630.5,0.014126091999999996,4577,35.80000000000001,0.3,8.34,-0.008539707,9249.49,26.7,69.41000000000001,46.5,0.321,-0.036141124,0.0,28.24,3.15,0.816,20.7,-24.8,64.8,77.6,8.174000000000001,-7.032,80.8
2022-12-03 06:32:00+00:00,5004,0.09,0.11,0.0,8588,11294,0.51,631.3,0.013892602999999998,4573,35.80000000000001,0.37,8.56,-0.008398555,9249.93,26.7,69.4,46.5,0.321,-0.03554375,0.0,28.259999999999998,3.17,0.816,20.7,-24.7,64.8,77.7,8.014000000000001,-7.139,80.8
2022-12-03 06:32:59.999999+00:00,5006,0.1,0.16,0.0,8587,11291,0.49,630.7,-0.023217192,4577,35.7,0.36,9.239999999999998,-0.008259736000000002,9250.049999999997,26.7,69.38,46.5,0.325,0.063390857,0.0,28.25,3.17,0.818,20.7,-24.8,64.8,77.7,8.094000000000001,-7.060999999999999,80.8
2022-12-03 06:33:59.999999+00:00,4996,0.08,0.17,0.0,8586,11287,0.55,630.1,-0.022833437000000005,4583,35.7,0.36,7.75,-0.008123210999999998,9250.049999999997,26.7,69.4,46.5,0.322,-0.036004033,0.0,28.25,3.16,0.81,20.7,-24.8,64.8,77.7,8.094000000000001,-7.060999999999999,80.8
2022-12-03 06:35:00+00:00,5003,0.08,0.12000000000000001,0.0,8583,11289,0.5,630.5,0.0021307519999999996,4575,35.80000000000001,0.41000000000000003,8.229999999999999,0.004304444999999999,9249.379999999996,26.6,69.39,46.5,0.325,-0.035408925,0.0,28.259999999999998,3.17,0.817,20.6,-25.1,64.9,77.7,8.084000000000001,-7.14,80.8
2022-12-03 06:35:59.999999+00:00,5000,0.13,0.09,0.0,8584,11287,0.53,630.2,0.002095533,4575,35.80000000000001,0.32,8.15,-0.008060091,9249.379999999996,26.6,69.39,46.5,0.319,-0.034823653999999996,0.0,28.25,3.16,0.817,20.6,-25.1,64.8,77.7,8.084000000000001,-7.14,80.8
2022-12-03 06:36:59.999999+00:00,5009,0.15000000000000002,0.17,0.0,8587,11289,0.54,631.1,0.002060896,4576,35.80000000000001,0.37,8.239999999999998,-0.007926867,9249.379999999996,26.6,69.39,46.5,0.321,0.064099051,0.0,28.25,3.16,0.818,20.7,-24.6,64.8,77.7,8.259,-7.075,80.8
2022-12-03 06:38:00+00:00,5009,0.07,0.13,0.0,8587,11289,0.57,630.9,0.0020268319999999997,4571,35.7,0.32,7.81,-0.007795844,9248.75,26.6,69.39,46.5,0.329,-0.035307545,0.0,28.25,3.16,0.818,20.7,-24.8,64.8,77.6,8.226999999999999,-6.912,80.8
2022-12-03 06:38:59.999999+00:00,5000,0.07,0.13,0.0,8592,11292,0.53,631.2,0.014286718999999998,4572,35.80000000000001,0.35,8.540000000000001,-0.007666986999999999,9249.049999999997,26.7,69.35,46.5,0.328,0.06362315899999998,0.0,28.34,3.16,0.814,20.7,-24.6,64.8,77.7,8.327,-6.937,80.8
2022-12-03 06:39:59.999999+00:00,5004,0.12000000000000001,0.09,0.0,8592,11294,0.5,631.1,0.001757186,4572,35.7,0.38,8.229999999999999,-0.007540260000000001,9249.959999999995,26.7,69.36,46.5,0.327,-0.035775571,0.0,28.330000000000002,3.16,0.814,20.7,-24.7,64.8,77.7,8.456000000000003,-6.8149999999999995,80.8
2022-12-03 06:40:59.999999+00:00,4993,0.09,0.1,0.0,8581,11283,0.55,629.7,0.014021529999999999,4569,35.7,0.36,8.58,-0.007415628,9249.99,26.7,69.35,46.5,0.32999999999999996,-0.035184239,0.0,28.3,3.16,0.815,20.7,-25.0,64.8,77.7,8.332,-6.835,80.8
2022-12-03 06:41:59.999998+00:00,5004,0.12000000000000001,0.13,0.0,8586,11281,0.5800000000000001,629.5,-0.023090396,4570,35.7,0.41000000000000003,8.02,-0.019586443999999998,9250.49,26.6,69.35,46.5,0.328,-0.034602682,0.0,28.25,3.16,0.81,20.7,-25.0,64.7,77.6,7.863999999999999,-7.205,80.8
2022-12-03 06:42:59.999999+00:00,4989,0.08,0.12000000000000001,0.0,8578,11279,0.61,628.4,-0.022708735999999997,4561,35.7,0.3,8.27,-0.019262701,9248.99,26.5,69.35,46.5,0.325,-0.034030737,0.0,28.25,3.16,0.809,20.7,-25.3,64.7,77.6,7.8919999999999995,-7.119999999999999,80.8
2022-12-03 06:43:59.999999+00:00,4995,0.1,0.13,0.0,8586,11285,0.56,629.9,-0.034626774,4560,35.7,0.35,8.48,-0.006650920999999999,9249.62,26.5,69.33,46.4,0.329,-0.033468245,0.0,28.22,3.15,0.809,20.6,-24.8,64.8,77.5,7.6129999999999995,-7.267999999999999,80.8
2022-12-03 06:45:00+00:00,4997,0.1,0.2,0.0,8576,11280,0.52,629.2,-0.03405442999999999,4564,35.7,0.37,8.9,-0.018834376,9247.0,26.5,69.33,46.4,0.322,-0.032915051,0.0,28.22,3.15,0.818,20.7,-25.1,64.7,77.6,7.703,-7.1209999999999996,80.8
2022-12-03 06:46:00+00:00,5004,0.1,0.16,0.0,8584,11285,0.49,630.0,-0.021198158999999994,4578,35.7,0.44,9.17,-0.018523064,9247.549999999997,26.5,69.33,46.5,0.329,0.065976107,0.0,28.21,3.17,0.814,20.7,-25.0,64.7,77.6,7.684999999999999,-7.087,80.8
2022-12-03 06:47:00+00:00,5008,0.13,0.16,0.0,8584,11286,0.53,630.4,0.003739001,4575,35.7,0.4,7.87,-0.018216897999999995,9247.949999999999,26.5,69.34,46.4,0.32999999999999996,0.06488559300000002,0.0,28.21,3.17,0.814,20.7,-24.9,64.7,77.6,8.668000000000001,-7.111999999999999,80.8
2022-12-03 06:47:59.999999+00:00,5006,0.05,0.12000000000000001,0.0,8581,11286,0.55,630.2,0.003677199,4579,35.7,0.36,8.43,-0.005622403999999998,9248.379999999996,26.5,69.33,46.5,0.328,-0.03453400399999999,0.0,28.22,3.16,0.809,20.7,-25.0,64.8,77.6,8.588000000000001,-7.003,80.8
2022-12-03 06:49:00+00:00,5007,0.14,0.11,0.0,8580,11284,0.54,629.6,0.0036164189999999996,4576,35.7,0.35,8.26,-0.01782286,9248.54,26.5,69.33,46.5,0.33499999999999996,-0.033963193999999995,0.0,28.25,3.17,0.81,20.7,-25.3,64.7,77.6,8.418000000000001,-7.219,80.8
2022-12-03 06:49:59.999999+00:00,5005,0.08,0.14,0.0,8581,11285,0.53,629.9,-0.021030133000000003,4570,35.7,0.32,9.3,-0.017528266999999997,9249.02,26.5,69.33,46.4,0.328,-0.033401819,0.0,28.24,3.16,0.81,20.7,-25.0,64.7,77.6,8.408000000000001,-7.565999999999999,80.8
2022-12-03 06:50:59.999999+00:00,5005,0.12000000000000001,0.15000000000000002,0.0,8585,11287,0.51,630.3,-0.020682528,4576,35.7,0.37,8.92,-0.017238543999999998,9247.58,26.5,69.32,46.4,0.329,-0.032849723000000004,0.0,28.24,3.16,0.814,20.6,-24.8,64.7,77.6,8.422,-7.334,80.8
2022-12-03 06:51:59.999999+00:00,4999,0.18,0.13,0.0,8581,11285,0.52,629.6,-0.020340667999999996,4575,35.7,0.41000000000000003,9.030000000000001,-0.016953609,9247.34,26.5,69.33,46.4,0.328,0.06604035499999998,0.0,28.259999999999998,3.17,0.809,20.6,-24.8,64.7,77.6,8.303,-7.3,80.8
2022-12-03 06:53:00+00:00,5001,0.09,0.14,0.0,8588,11290,0.54,630.6,-0.020004458999999995,4579,35.7,0.42000000000000004,9.0,-0.016673384,9245.79,26.4,69.32,46.4,0.328,0.06494877899999998,0.0,28.259999999999998,3.16,0.814,20.7,-24.9,64.7,77.5,8.394,-7.118999999999999,80.8
2022-12-03 06:53:59.999999+00:00,5001,0.07,0.13,0.0,8588,11290,0.54,630.6,-0.019673806,4579,35.7,0.32999999999999996,8.98,-0.016397791,9245.79,26.4,69.32,46.4,0.328,0.06387524599999998,0.0,28.259999999999998,3.16,0.814,20.7,-24.9,64.7,77.6,8.394,-7.118999999999999,80.8
2022-12-03 06:55:00+00:00,5000,0.05,0.1,0.0,8589,11292,0.5,631.2,-0.019348618999999997,4575,35.7,0.32999999999999996,8.76,-0.016126753,9248.7,26.4,69.31,46.4,0.329,0.062819457,0.0,28.259999999999998,3.16,0.811,20.6,-24.7,64.7,77.6,8.266,-7.022999999999999,80.8
2022-12-03 06:56:00+00:00,5001,0.11,0.16,0.0,8590,11290,0.51,631.1,-0.019028807999999998,4574,35.7,0.32,8.38,-0.003566807,9247.459999999995,26.5,69.32,46.5,0.32999999999999996,0.061781118999999995,0.0,28.259999999999998,3.16,0.818,20.7,-24.6,64.8,77.6,8.256,-6.981,80.8
2022-12-03 06:56:59.999999+00:00,5010,0.09,0.15000000000000002,0.0,8589,11292,0.56,631.1,0.018165883,4570,35.7,0.35,7.51,-0.0035078519999999997,9247.41,26.4,69.31,46.5,0.32,-0.037587164,0.0,28.3,3.17,0.814,20.7,-24.6,64.8,77.7,8.264000000000001,-6.868999999999999,80.8
2022-12-03 06:58:00+00:00,5004,0.12000000000000001,0.11,0.0,8588,11292,0.5,631.1,0.005572233000000001,4570,35.7,0.33999999999999997,7.99,-0.015743259,9247.31,26.4,69.3,46.4,0.32,-0.036965888999999995,0.0,28.3,3.16,0.818,20.6,-24.6,64.7,77.7,8.019,-6.968,80.8
2022-12-03 06:59:00+00:00,4995,0.08,0.11,0.0,8589,11293,0.51,631.2,0.017773518,4569,35.7,0.4,7.74,-0.0031896509999999995,9247.66,26.5,69.3,46.4,0.326,0.061992225000000005,0.0,28.279999999999998,3.17,0.814,20.6,-24.6,64.8,77.7,7.953,-7.012999999999999,80.8
2022-12-03 06:59:59.999998+00:00,5007,0.15000000000000002,0.17,0.0,8589,11293,0.55,631.8,-0.019400425,4563,35.7,0.37,8.26,-0.00313693,9247.48,26.4,69.29,46.5,0.325,-0.037379547,0.0,28.259999999999998,3.17,0.814,20.6,-24.3,64.8,77.6,7.846,-6.954,80.8
2022-12-03 07:00:59.999998+00:00,5007,0.15000000000000002,0.09,0.0,8589,11290,0.5800000000000001,631.4,0.017800409000000003,4570,35.7,0.37,8.59,-0.00308508,9246.29,26.5,69.29,46.4,0.33099999999999996,0.061585403999999996,0.0,28.279999999999998,3.17,0.813,20.6,-24.5,64.8,77.7,7.935,-6.777,80.8
2022-12-03 07:01:59.999999+00:00,4997,0.1,0.16,0.0,8579,11277,0.52,628.7,-0.019373978,4568,35.7,0.39,8.59,-0.003034087,9247.43,26.5,69.29,46.4,0.33099999999999996,0.060567463,0.0,28.279999999999998,3.16,0.814,20.6,-25.2,64.8,77.6,7.842,-6.877,80.8
2022-12-03 07:02:59.999999+00:00,4996,0.11,0.16,0.0,8569,11274,0.51,628.1,-0.031347135,4563,35.7,0.38,8.61,-0.015277325,9248.49,26.5,69.28,46.4,0.326,-0.03878075899999999,0.0,28.279999999999998,3.16,0.809,20.6,-25.6,64.7,77.5,7.942,-7.404,80.8
2022-12-03 07:04:00+00:00,5009,0.12000000000000001,0.13,0.0,8568,11270,0.52,627.5,-0.067709166,4569,35.7,0.39,8.06,-0.015024806999999998,9246.84,26.5,69.27,46.5,0.325,-0.03813975499999999,0.0,28.259999999999998,3.16,0.813,20.6,-25.8,64.7,77.4,8.26,-7.745,80.8
2022-12-03 07:04:59.999999+00:00,5003,0.09,0.16,0.0,8572,11273,0.51,628.0,-0.091176783,4567,35.7,0.35,7.68,-0.014776462999999997,9247.299999999997,26.5,69.27,46.4,0.324,0.060837762,0.0,28.279999999999998,3.17,0.81,20.6,-25.6,64.7,77.4,8.01,-7.901,80.7
2022-12-03 07:05:59.999999+00:00,5005,0.09,0.13,0.0,8574,11272,0.51,628.0,-0.077376341,4569,35.7,0.35,8.639999999999999,-0.014532223999999998,9246.89,26.5,69.27,46.5,0.329,0.059832179,0.0,28.279999999999998,3.17,0.814,20.6,-25.4,64.7,77.4,8.039,-7.756,80.8
2022-12-03 07:07:00+00:00,5008,0.11,0.23,0.0,8577,11279,0.51,629.1,-0.076097393,4568,35.7,0.36,8.32,-0.026585411,9248.01,26.5,69.27,46.4,0.327,0.058843217,0.0,28.259999999999998,3.16,0.815,20.6,-25.3,64.6,77.5,7.787,-7.664999999999999,80.7
2022-12-03 07:07:59.999999+00:00,4995,0.14,0.1,0.0,8578,11280,0.51,629.4,-0.05025280799999999,4568,35.7,0.33999999999999997,8.9,-0.026145982,9246.76,26.5,69.27,46.4,0.326,0.057870602,0.0,28.279999999999998,3.17,0.814,20.6,-25.2,64.6,77.5,8.017999999999999,-7.502,80.7
2022-12-03 07:08:59.999999+00:00,5008,0.08,0.08,0.0,8582,11282,0.49,630.3,-0.049422183,4568,35.7,0.38,8.89,-0.025713817000000003,9246.1,26.5,69.28,46.4,0.327,0.056914062999999994,0.0,28.259999999999998,3.17,0.814,20.6,-25.0,64.6,77.5,7.948,-7.464999999999999,80.7
2022-12-03 07:09:59.999999+00:00,5006,0.13,0.15000000000000002,0.0,8577,11280,0.52,629.2,-0.024018509999999996,4569,35.7,0.37,8.5,-0.025288796,9248.16,26.5,69.26,46.5,0.32999999999999996,-0.042373773,0.0,28.279999999999998,3.17,0.815,20.6,-25.2,64.6,77.5,7.889,-7.304999999999999,80.7
2022-12-03 07:10:59.999999+00:00,5002,0.11,0.16,0.0,8579,11282,0.52,630.2,-0.03591489899999999,4567,35.7,0.36,8.09,-0.012577409999999997,9246.33,26.6,69.26,46.5,0.327,0.05667372799999999,0.0,28.279999999999998,3.17,0.813,20.6,-25.1,64.7,77.6,7.947,-7.396999999999999,80.7
2022-12-03 07:12:00+00:00,5004,0.11,0.19,0.0,8579,11282,0.51,629.8,-0.023027876,4566,35.7,0.42000000000000004,8.5,-0.012369519,9247.52,26.6,69.26,46.4,0.328,0.05573697200000001,0.0,28.25,3.17,0.813,20.6,-25.2,64.7,77.6,7.793,-7.341,80.7
2022-12-03 07:13:00+00:00,5000,0.12000000000000001,0.1,0.0,8583,11284,0.54,630.1,-0.010353860999999999,4566,35.7,0.4,8.139999999999999,-0.012165064999999997,9246.94,26.6,69.26,46.4,0.324,0.0548157,0.0,28.259999999999998,3.17,0.819,20.6,-24.9,64.7,77.5,7.732,-7.476000000000001,80.7
2022-12-03 07:14:00+00:00,4996,0.18,0.09,0.0,8584,11285,0.53,630.5,-0.010182722999999998,4563,35.7,0.32999999999999996,8.59,-0.011963989000000001,9246.03,26.6,69.26,46.4,0.328,-0.044437452,0.0,28.259999999999998,3.16,0.815,20.6,-24.8,64.7,77.5,7.754999999999999,-7.291,80.7
2022-12-03 07:15:00+00:00,5005,0.13,0.12000000000000001,0.0,8580,11284,0.59,630.1,-0.010014412999999998,4567,35.7,0.36,7.25,-0.011766236999999999,9246.82,26.6,69.25,46.4,0.327,-0.04370294899999999,0.0,28.259999999999998,3.17,0.815,20.6,-24.8,64.7,77.5,7.794999999999999,-7.154999999999999,80.7
2022-12-03 07:16:00+00:00,4995,0.13,0.11,0.0,8589,11290,0.52,630.9,-0.034435663,4559,35.7,0.36,8.18,-0.011571754,9246.859999999999,26.6,69.24,46.4,0.323,-0.042980586,0.0,28.259999999999998,3.16,0.814,20.6,-24.6,64.7,77.6,7.939000000000001,-7.014999999999999,80.7
2022-12-03 07:17:00+00:00,4994,0.09,0.18,0.0,8590,11286,0.54,630.5,-0.021573090000000003,4567,35.7,0.35,7.7700000000000005,-0.011380485000000001,9246.369999999999,26.6,69.25,46.4,0.329,0.05607694399999999,0.0,28.279999999999998,3.17,0.811,20.6,-24.8,64.7,77.6,8.109,-6.734,80.7
2022-12-03 07:17:59.999999+00:00,5002,0.09,0.1,0.0,8587,11291,0.56,631.2,-0.008923121000000001,4570,35.7,0.39,8.44,-0.011192377999999998,9246.849999999999,26.6,69.24,46.4,0.327,-0.043197055,0.0,28.259999999999998,3.17,0.811,20.6,-24.5,64.7,77.6,7.942,-6.930000000000001,80.8
2022-12-03 07:18:59.999999+00:00,4994,0.11,0.19,0.0,8587,11291,0.56,631.3,-0.008775632000000002,4568,35.7,0.4,8.02,-0.01100738,9246.26,26.6,69.23,46.4,0.327,0.05586405299999999,0.0,28.25,3.16,0.814,20.6,-24.6,64.7,77.6,7.897999999999999,-6.899,80.8
2022-12-03 07:20:00+00:00,5002,0.12000000000000001,0.12000000000000001,0.0,8589,11288,0.52,631.2,-0.00863058,4564,35.7,0.33999999999999997,7.78,-0.010825439999999999,9246.219999999998,26.6,69.23,46.4,0.328,-0.043406427,0.0,28.259999999999998,3.17,0.811,20.6,-24.5,64.7,77.6,8.046999999999999,-6.776,80.8
2022-12-03 07:21:00+00:00,4998,0.08,0.15000000000000002,0.0,8590,11289,0.54,631.1,0.016098851,4566,35.7,0.39,9.0,-0.010646506999999998,9247.1,26.6,69.22,46.5,0.323,-0.042688964999999995,0.0,28.279999999999998,3.17,0.811,20.6,-24.6,64.7,77.6,7.981,-6.8069999999999995,80.8
2022-12-03 07:22:00+00:00,5003,0.1,0.15000000000000002,0.0,8582,11285,0.53,630.1,-0.008754023,4570,35.7,0.38,8.69,-0.010470532,9246.219999999998,26.6,69.23,46.4,0.325,0.05636374499999999,0.0,28.259999999999998,3.17,0.815,20.6,-24.8,64.7,77.6,8.036999999999999,-6.839,80.8
2022-12-03 07:23:00+00:00,5001,0.09,0.13,0.0,8581,11285,0.52,630.5,-0.008609328,4567,35.7,0.41000000000000003,8.25,-0.010297464999999999,9247.19,26.6,69.23,46.4,0.321,-0.042914995000000004,0.0,28.279999999999998,3.17,0.81,20.6,-24.8,64.7,77.5,7.789,-7.123999999999999,80.8
2022-12-03 07:24:00+00:00,4991,0.08,0.09,0.0,8587,11288,0.53,630.8,-0.020760412999999995,4566,35.7,0.37,8.59,-0.010127259,9245.949999999999,26.6,69.22,46.4,0.324,0.05614145099999999,0.0,28.279999999999998,3.17,0.811,20.6,-24.7,64.7,77.6,7.96,-7.161999999999999,80.8
2022-12-03 07:25:00+00:00,5003,0.1,0.1,0.0,8577,11280,0.54,629.2,-0.020417266,4566,35.7,0.38,9.5,-0.009959866000000001,9247.459999999995,26.6,69.21,46.4,0.325,-0.04313361400000001,0.0,28.259999999999998,3.17,0.815,20.6,-25.1,64.7,77.5,7.972,-7.244,80.8
2022-12-03 07:25:59.999999+00:00,5003,0.1,0.1,0.0,8577,11280,0.54,628.6,-0.020079791,4572,35.7,0.38,9.5,-0.00979524,9247.459999999995,26.6,69.21,46.4,0.317,-0.042420662,0.0,28.259999999999998,3.17,0.815,20.6,-25.1,64.7,77.5,7.972,-7.244,80.8
2022-12-03 07:27:00+00:00,5013,0.12000000000000001,0.14,0.0,8568,11274,0.56,628.6,-0.032041282,4572,35.7,0.41000000000000003,8.629999999999999,-0.009633336,9247.44,26.6,69.21,46.4,0.317,-0.04171949400000001,0.0,28.259999999999998,3.18,0.811,20.6,-25.3,64.7,77.5,8.045000000000002,-7.291,80.8
2022-12-03 07:28:00+00:00,5000,0.13,0.09,0.0,8575,11276,0.54,628.4,-0.068391839,4560,35.7,0.3,9.43,-0.009474107,9246.69,26.6,69.21,46.4,0.33099999999999996,-0.04102991499999999,0.0,28.29,3.16,0.815,20.6,-25.3,64.7,77.5,7.871,-7.427,80.8
2022-12-03 07:28:59.999999+00:00,5003,0.07,0.19,0.0,8577,11276,0.5,628.8,-0.04267461899999999,4556,35.7,0.36,8.56,-0.009317510000000003,9244.67,26.6,69.19,46.5,0.323,-0.040351735,0.0,28.29,3.17,0.815,20.6,-25.2,64.7,77.5,7.937,-7.272,80.7
2022-12-03 07:30:00+00:00,5001,0.12000000000000001,0.16,0.0,8580,11280,0.59,629.2,-0.029675865,4564,35.7,0.38,8.6,-0.009163502,9245.52,26.6,69.19,46.4,0.33099999999999996,-0.039684764,0.0,28.29,3.17,0.815,20.6,-25.0,64.7,77.5,7.835,-7.156999999999999,80.7
2022-12-03 07:31:00+00:00,5009,0.09,0.13,0.0,8577,11276,0.56,628.4,-0.05377213100000001,4569,35.7,0.33999999999999997,8.83,-0.009012039000000001,9246.6,26.6,69.19,46.4,0.324,-0.039028817,0.0,28.29,3.17,0.814,20.6,-25.3,64.7,77.6,7.6739999999999995,-7.237,80.7
2022-12-03 07:32:00+00:00,4996,0.1,0.14,0.0,8575,11275,0.56,628.5,-0.052883336,4557,35.7,0.32,8.950000000000001,-0.008863080000000002,9246.78,26.7,69.17999999999999,46.4,0.328,-0.038383713,0.0,28.3,3.17,0.814,20.6,-25.3,64.7,77.5,7.571,-7.504,80.7
2022-12-03 07:33:00+00:00,5005,0.09,0.16,0.0,8575,11274,0.54,628.6,-0.027422453999999995,4562,35.7,0.32999999999999996,8.52,-0.008716582,9246.549999999997,26.7,69.19,46.4,0.322,0.060597836,0.0,28.279999999999998,3.19,0.815,20.6,-25.3,64.7,77.5,7.803999999999999,-7.376,80.7
2022-12-03 07:34:00+00:00,4991,0.11,0.1,0.0,8577,11275,0.54,628.7,-0.03926257899999999,4566,35.7,0.36,8.850000000000001,-0.020865894999999995,9246.61,26.7,69.19,46.4,0.326,-0.03875088899999999,0.0,28.279999999999998,3.17,0.814,20.6,-25.3,64.6,77.5,7.577,-7.509,80.7
2022-12-03 07:34:59.999999+00:00,4999,0.11,0.2,0.0,8577,11274,0.62,628.9,-0.026320221999999997,4552,35.7,0.36,9.450000000000001,-0.020521003999999995,9246.15,26.7,69.19,46.4,0.323,-0.038110378,0.0,28.259999999999998,3.17,0.815,20.6,-25.2,64.6,77.4,7.544999999999999,-7.473,80.6
2022-12-03 07:36:00+00:00,4998,0.14,0.16,0.0,8575,11275,0.56,628.6,-0.025885177000000002,4556,35.7,0.31,9.84,-0.020181814,9245.969999999996,26.7,69.17999999999999,46.4,0.317,-0.037480454,0.0,28.259999999999998,3.17,0.815,20.6,-25.2,64.6,77.4,7.694999999999999,-7.242,80.6
2022-12-03 07:36:59.999999+00:00,4994,0.12000000000000001,0.13,0.0,8579,11276,0.54,628.7,-0.025457323,4562,35.5,0.32999999999999996,8.6,-0.019848229999999998,9246.34,26.7,69.17999999999999,46.4,0.32999999999999996,0.061486164999999995,0.0,28.259999999999998,3.16,0.814,20.6,-25.2,64.6,77.5,7.605999999999999,-7.26,80.7
2022-12-03 07:38:00.000001+00:00,4998,0.11,0.14,0.0,8576,11275,0.56,628.6,-0.037329929,4558,35.7,0.29000000000000004,8.44,-0.01952016,9246.369999999999,26.7,69.16999999999999,46.4,0.324,-0.037877243000000005,0.0,28.259999999999998,3.17,0.814,20.6,-25.2,64.6,77.4,7.584,-7.334,80.7
2022-12-03 07:39:00+00:00,5001,0.1,0.12000000000000001,0.0,8577,11275,0.55,628.8,-0.024419517,4557,35.7,0.39,8.629999999999999,-0.019197512999999996,9245.82,26.7,69.16,46.4,0.326,-0.037251173000000005,0.0,28.29,3.17,0.815,20.6,-25.2,64.6,77.4,7.627999999999999,-7.326999999999999,80.6
2022-12-03 07:40:00+00:00,5000,0.08,0.08,0.0,8574,11273,0.49,628.6,-0.024015889,4563,35.5,0.39,9.17,-0.018880199,9245.99,26.7,69.16,46.5,0.325,-0.036635451,0.0,28.279999999999998,3.18,0.815,20.6,-25.3,64.6,77.5,7.59,-7.325999999999999,80.7
2022-12-03 07:41:00+00:00,5004,0.11,0.15000000000000002,0.0,8575,11276,0.57,628.9,-0.023618931999999995,4552,35.5,0.37,8.9,-0.006274741,9244.65,26.7,69.14999999999999,46.4,0.329,-0.036029906,0.0,28.259999999999998,3.17,0.815,20.6,-25.1,64.7,77.4,7.686999999999999,-7.281,80.7
2022-12-03 07:41:59.999999+00:00,5005,0.09,0.09,0.0,8578,11275,0.57,629.0,-0.023228535999999994,4558,35.5,0.36,7.28,-0.018464415,9244.629999999997,26.7,69.14999999999999,46.4,0.321,-0.035434371,0.0,28.259999999999998,3.17,0.815,20.6,-25.2,64.6,77.4,7.729,-7.285,80.7
2022-12-03 07:43:00+00:00,5006,0.1,0.07,0.0,8575,11274,0.53,628.5,-0.035137982,4558,35.7,0.41000000000000003,8.25,-0.018159217999999998,9244.65,26.7,69.14999999999999,46.4,0.327,-0.034848679,0.0,28.259999999999998,3.17,0.815,20.6,-25.3,64.6,77.4,7.559,-7.3839999999999995,80.6
2022-12-03 07:44:00+00:00,5002,0.14,0.14,0.0,8575,11270,0.53,627.9,-0.009970412000000001,4556,35.7,0.42000000000000004,7.930000000000001,-0.017859064999999997,9244.56,26.7,69.14,46.4,0.322,-0.034272667,0.0,28.259999999999998,3.17,0.816,20.6,-25.4,64.6,77.4,7.614999999999999,-7.38,80.6
2022-12-03 07:44:59.999999+00:00,4999,0.1,0.16,0.0,8573,11270,0.54,628.3,-0.034392388999999995,4556,35.7,0.35,7.430000000000001,-0.017563874,9244.359999999999,26.7,69.16,46.4,0.327,-0.033706177,0.0,28.259999999999998,3.17,0.815,20.6,-25.4,64.6,77.4,7.724999999999999,-7.338,80.6
2022-12-03 07:45:59.999999+00:00,4994,0.13,0.17,0.0,8575,11270,0.52,628.3,-0.058410696,4551,35.7,0.36,7.6899999999999995,-0.017273562,9244.18,26.7,69.14,46.4,0.328,-0.03314904999999999,0.0,28.259999999999998,3.17,0.816,20.6,-25.4,64.6,77.4,7.844999999999999,-7.239,80.6
2022-12-03 07:47:00+00:00,5002,0.11,0.18,0.0,8567,11268,0.53,627.2,-0.05744523,4554,35.7,0.36,8.38,-0.016988049,9244.7,26.7,69.14,46.4,0.324,-0.032601132000000005,0.0,28.24,3.17,0.815,20.6,-25.7,64.6,77.4,7.819,-7.297,80.6
2022-12-03 07:48:00+00:00,5006,0.11,0.16,0.0,8569,11267,0.56,627.3,-0.068789111,4556,35.7,0.33999999999999997,8.38,-0.016707255,9244.92,26.7,69.14,46.4,0.327,-0.03206227,0.0,28.259999999999998,3.18,0.816,20.6,-25.6,64.6,77.3,7.966,-7.451,80.6
2022-12-03 07:49:00+00:00,4993,0.1,0.08,0.0,8569,11268,0.54,627.8,-0.055358712,4555,35.7,0.37,7.87,-0.016431102,9244.16,26.7,69.11999999999999,46.4,0.326,-0.031532315,0.0,28.279999999999998,3.17,0.815,20.6,-25.5,64.6,77.3,7.896999999999999,-7.498,80.6
2022-12-03 07:50:00+00:00,4996,0.1,0.14,0.0,8570,11273,0.56,628.7,-0.066737081,4565,35.7,0.32999999999999996,8.6,-0.016159513,9243.41,26.7,69.11999999999999,46.4,0.324,-0.03101112,0.0,28.279999999999998,3.16,0.815,20.6,-25.3,64.6,77.4,7.918,-7.387,80.6
2022-12-03 07:50:59.999999+00:00,5004,0.13,0.11,0.0,8575,11272,0.5,628.6,-0.04104721199999999,4558,35.7,0.32,8.18,-0.015892414,9243.959999999995,26.7,69.13,46.4,0.327,0.067848568,0.0,28.279999999999998,3.18,0.816,20.6,-25.3,64.6,77.4,7.844999999999999,-7.373,80.6
2022-12-03 07:52:00+00:00,5005,0.09,0.14,0.0,8567,11268,0.55,627.8,-0.052662134,4559,35.7,0.32999999999999996,8.02,-0.015629729,9245.77,26.7,69.11,46.4,0.325,-0.031620004,0.0,28.279999999999998,3.17,0.816,20.6,-25.7,64.6,77.4,7.749,-7.444,80.6
2022-12-03 07:53:00+00:00,5005,0.14,0.12000000000000001,0.0,8568,11266,0.55,627.7,-0.051791685000000004,4555,35.7,0.38,8.27,-0.015371386999999999,9245.02,26.7,69.11999999999999,46.4,0.325,-0.031097359,0.0,28.279999999999998,3.19,0.815,20.6,-25.7,64.6,77.3,7.745,-7.794999999999999,80.6
2022-12-03 07:53:59.999999+00:00,5006,0.11,0.17,0.0,8568,11268,0.52,628.0,-0.06322901299999999,4556,35.7,0.37,9.040000000000001,-0.015117313999999998,9244.230000000001,26.7,69.11,46.5,0.329,-0.030583353,0.0,28.29,3.18,0.816,20.6,-25.6,64.6,77.3,7.966,-7.689,80.6
2022-12-03 07:54:59.999999+00:00,5004,0.12000000000000001,0.12000000000000001,0.0,8569,11266,0.56,627.9,-0.062183905,4548,35.7,0.31,8.739999999999998,-0.027160829999999997,9244.67,26.7,69.11,46.4,0.324,-0.030077843000000003,0.0,28.279999999999998,3.17,0.8120000000000002,20.6,-25.4,64.5,77.3,7.92,-7.501,80.6
2022-12-03 07:56:00+00:00,4999,0.19,0.13,0.0,8570,11268,0.6,627.5,-0.06115607199999999,4556,35.7,0.37,8.51,-0.026711889999999995,9243.140000000001,26.7,69.11,46.4,0.328,-0.029580688999999993,0.0,28.29,3.17,0.813,20.6,-25.6,64.5,77.3,7.423,-7.485,80.6
2022-12-03 07:57:00+00:00,5002,0.12000000000000001,0.12000000000000001,0.0,8566,11262,0.52,626.9,-0.047851839,4551,35.7,0.36,8.49,-0.038563759999999996,9245.59,26.7,69.11,46.4,0.321,-0.029091751999999995,0.0,28.29,3.18,0.816,20.6,-25.9,64.4,77.3,7.315999999999999,-7.537,80.6
2022-12-03 07:57:59.999999+00:00,5004,0.07,0.1,0.0,8564,11262,0.55,626.6,-0.08394106500000001,4554,35.5,0.3,8.1,-0.025632954,9245.02,26.7,69.1,46.4,0.327,-0.028610895999999997,0.0,28.279999999999998,3.17,0.816,20.6,-25.8,64.5,77.3,7.302999999999999,-7.744,80.6
2022-12-03 07:59:00+00:00,4993,0.11,0.1,0.0,8560,11259,0.5800000000000001,626.4,-0.05796683300000001,4548,35.7,0.32999999999999996,7.56,-0.037502657,9244.29,26.7,69.09,46.4,0.324,-0.028137988999999995,0.0,28.3,3.17,0.816,20.6,-25.9,64.4,77.3,7.4,-7.767999999999999,80.5
2022-12-03 08:00:00+00:00,5005,0.11,0.1,0.0,8562,11263,0.5800000000000001,626.8,-0.08159548000000003,4556,35.7,0.32999999999999996,7.56,-0.036882779000000004,9244.299999999997,26.7,69.09,46.4,0.327,-0.027672898000000005,0.0,28.3,3.18,0.817,20.6,-25.8,64.4,77.2,7.479000000000001,-7.843999999999999,80.5
2022-12-03 08:01:00+00:00,5005,0.13,0.14,0.0,8566,11261,0.5800000000000001,626.8,-0.06795340599999998,4558,35.7,0.33999999999999997,8.729999999999999,-0.036273146000000006,9244.449999999999,26.7,69.1,46.4,0.326,-0.027215494999999996,0.0,28.3,3.18,0.816,20.6,-25.8,64.4,77.3,7.415,-7.821999999999999,80.5
2022-12-03 08:02:00+00:00,4996,0.11,0.09,0.0,8565,11264,0.56,627.3,-0.079123598,4555,35.7,0.35,7.659999999999999,-0.03567359,9244.17,26.7,69.09,46.4,0.325,-0.026765651999999997,0.0,28.32,3.17,0.816,20.6,-25.6,64.4,77.3,7.401,-7.859999999999999,80.5
2022-12-03 08:02:59.999999+00:00,5000,0.11,0.13,0.0,8570,11266,0.56,627.2,-0.06552238100000002,4557,35.7,0.37,8.02,-0.035083944000000006,9243.83,26.7,69.08,46.4,0.327,0.07202386299999998,0.0,28.3,3.17,0.816,20.6,-25.6,64.4,77.3,7.531,-7.6819999999999995,80.5
2022-12-03 08:03:59.999999+00:00,5007,0.1,0.11,0.0,8569,11263,0.54,627.1,-0.08902614300000002,4549,35.5,0.32,8.18,-0.04679743200000001,9244.2,26.7,69.07,46.4,0.328,-0.027513722,0.0,28.3,3.17,0.816,20.6,-25.7,64.3,77.3,7.423,-7.6819999999999995,80.5
2022-12-03 08:05:00+00:00,4994,0.1,0.11,0.0,8565,11263,0.5800000000000001,627.2,-0.06296786,4552,35.5,0.33999999999999997,8.139999999999999,-0.046023921,9244.12,26.7,69.06,46.4,0.328,0.07128815799999998,0.0,28.29,3.17,0.817,20.6,-25.6,64.3,77.3,7.323999999999999,-7.76,80.5
2022-12-03 08:06:00+00:00,5000,0.13,0.12000000000000001,0.0,8566,11264,0.55,627.4,-0.049633681000000006,4550,35.7,0.35,8.129999999999999,-0.032969807,9244.1,26.8,69.07,46.4,0.32,0.07010984199999999,0.0,28.29,3.17,0.817,20.6,-25.6,64.4,77.2,7.343,-7.754,80.5
2022-12-03 08:07:00+00:00,5000,0.13,0.13,0.0,8570,11266,0.56,627.7,-0.061106678,4553,35.7,0.3,7.81,-0.032424851,9243.949999999999,26.7,69.07,46.4,0.327,0.06895100099999998,0.0,28.29,3.18,0.816,20.6,-25.4,64.4,77.3,7.293,-7.713,80.5
2022-12-03 08:08:00+00:00,4998,0.09,0.12000000000000001,0.0,8573,11267,0.53,627.8,-0.04780326100000001,4556,35.5,0.33999999999999997,8.3,-0.031888903,9243.82,26.8,69.06,46.4,0.324,-0.030535791999999996,0.0,28.259999999999998,3.18,0.816,20.6,-25.4,64.4,77.2,7.160999999999999,-7.673,80.5
2022-12-03 08:09:00+00:00,5006,0.1,0.11,0.0,8575,11272,0.52,628.9,-0.047013125,4556,35.7,0.38,8.280000000000001,-0.031361814,9243.1,26.8,69.06,46.4,0.319,-0.030031068000000005,0.0,28.29,3.17,0.816,20.6,-25.2,64.4,77.3,7.243,-7.548,80.5
2022-12-03 08:10:00.000001+00:00,5000,0.1,0.18,0.0,8574,11272,0.55,628.4,-0.04623604799999999,4552,35.5,0.33999999999999997,7.91,-0.030843437,9243.379999999996,26.8,69.06,46.4,0.328,-0.029534686999999997,0.0,28.279999999999998,3.18,0.816,20.6,-25.2,64.4,77.3,7.286,-7.429,80.5
2022-12-03 08:11:00+00:00,4998,0.11,0.15000000000000002,0.0,8575,11274,0.52,628.8,-0.045471815999999984,4553,35.5,0.39,8.42,-0.030333627999999998,9243.51,26.8,69.06,46.4,0.324,-0.029046509999999998,0.0,28.29,3.18,0.817,20.6,-25.1,64.4,77.3,7.123999999999999,-7.424999999999999,80.5
2022-12-03 08:11:59.999999+00:00,5001,0.09,0.12000000000000001,0.0,8578,11274,0.53,629.0,-0.032426828,4549,35.7,0.45,8.07,-0.017538856999999998,9243.18,26.7,69.04,46.4,0.322,-0.02856640299999999,0.0,28.279999999999998,3.17,0.816,20.6,-25.0,64.5,77.4,7.246,-7.297,80.5
2022-12-03 08:13:00+00:00,4991,0.08,0.14,0.0,8579,11276,0.57,629.2,-0.03189084700000001,4548,35.7,0.35,8.18,-0.004955569999999999,9242.640000000001,26.7,69.04,46.4,0.322,-0.028094230999999997,0.0,28.279999999999998,3.17,0.816,20.6,-24.8,64.6,77.5,7.312999999999999,-7.187999999999999,80.6
2022-12-03 08:13:59.999999+00:00,5004,0.11,0.1,0.0,8577,11277,0.6,629.6,-0.04365711399999998,4549,35.80000000000001,0.35,8.61,-0.004873660000000001,9241.849999999999,26.8,69.03,46.5,0.325,-0.027629863,0.0,28.29,3.17,0.816,20.6,-24.8,64.6,77.5,7.317999999999999,-7.053999999999999,80.6
2022-12-03 08:15:00+00:00,4999,0.11,0.15000000000000002,0.0,8576,11274,0.55,629.2,-0.018348732,4549,35.80000000000001,0.37,8.47,-0.004793103999999999,9242.4,26.7,69.04,46.4,0.329,0.07117393599999998,0.0,28.3,3.17,0.816,20.6,-24.9,64.6,77.5,7.357999999999999,-7.109,80.7
2022-12-03 08:16:00+00:00,5002,0.08,0.15000000000000002,0.0,8573,11275,0.61,629.5,-0.005752059,4553,35.80000000000001,0.37,8.639999999999999,-0.004713879,9242.5,26.8,69.03,46.4,0.322,-0.028349599999999992,0.0,28.279999999999998,3.17,0.816,20.6,-24.9,64.6,77.5,7.5,-7.127999999999999,80.7
2022-12-03 08:17:00+00:00,5000,0.08,0.12000000000000001,0.0,8577,11276,0.54,629.3,-0.017950372,4554,35.80000000000001,0.36,9.08,-0.004635962999999999,9242.62,26.8,69.03,46.4,0.32999999999999996,-0.027881012000000007,0.0,28.32,3.18,0.816,20.6,-24.9,64.6,77.4,7.430000000000001,-7.074,80.7
2022-12-03 08:18:00+00:00,4998,0.11,0.12000000000000001,0.0,8577,11276,0.54,629.5,-0.017653670999999996,4548,35.80000000000001,0.38,8.49,-0.004559335999999999,9242.68,26.7,69.04,46.4,0.325,-0.027420168999999998,0.0,28.3,3.18,0.818,20.6,-25.0,64.6,77.5,7.454,-7.160999999999999,80.7
2022-12-03 08:19:00+00:00,5004,0.13,0.07,0.0,8574,11276,0.61,629.8,0.007224901999999999,4552,35.80000000000001,0.36,9.120000000000001,-0.004483975,9241.93,26.8,69.02,46.4,0.326,-0.026966943,0.0,28.3,3.18,0.817,20.6,-25.0,64.6,77.5,7.466,-7.160999999999999,80.7
2022-12-03 08:19:59.999999+00:00,5000,0.14,0.16,0.0,8577,11278,0.52,629.8,0.007105481999999999,4556,35.80000000000001,0.39,8.99,0.007883529,9241.83,26.8,69.04,46.4,0.321,-0.026521208,0.0,28.3,3.18,0.817,20.6,-24.9,64.7,77.5,7.660999999999999,-7.0969999999999995,80.7
2022-12-03 08:21:00+00:00,5010,0.1,0.13,0.0,8571,11273,0.53,628.8,-0.005305353,4552,35.80000000000001,0.41000000000000003,9.6,-0.004540166,9243.04,26.8,69.01,46.4,0.324,-0.026082841000000002,0.0,28.29,3.18,0.817,20.6,-25.3,64.6,77.6,7.447,-7.093,80.7
2022-12-03 08:22:00+00:00,5002,0.12000000000000001,0.13,0.0,8574,11268,0.55,628.2,-0.029804438,4553,35.80000000000001,0.43000000000000005,8.97,0.007828267,9244.230000000001,26.8,69.01,46.4,0.323,-0.02565172,0.0,28.29,3.18,0.816,20.6,-25.4,64.7,77.5,7.441,-7.361999999999999,80.7
2022-12-03 08:23:00+00:00,4992,0.1,0.17,0.0,8575,11273,0.49,629.0,-0.004725024999999999,4549,35.80000000000001,0.4,8.42,-0.004594514999999999,9242.57,26.8,69.02,46.4,0.318,-0.025227723999999997,0.0,28.3,3.17,0.817,20.6,-25.3,64.6,77.5,7.532,-7.422,80.7
2022-12-03 08:24:00+00:00,5002,0.11,0.14,0.0,8580,11276,0.56,629.1,-0.016940314,4556,35.80000000000001,0.42000000000000004,9.139999999999999,-0.004518572,9242.7,26.8,69.01,46.4,0.326,-0.024810736999999996,0.0,28.29,3.19,0.817,20.6,-24.8,64.6,77.5,7.693999999999999,-7.254999999999999,80.7
2022-12-03 08:25:00.000001+00:00,5005,0.08,0.08,0.0,8578,11277,0.6,629.7,0.007926468000000002,4557,35.80000000000001,0.44,8.25,0.007849503,9241.68,26.7,69.0,46.4,0.322,-0.024400642,0.0,28.29,3.17,0.817,20.6,-24.8,64.7,77.6,7.686999999999999,-7.044999999999999,80.7
2022-12-03 08:26:00+00:00,5007,0.13,0.12000000000000001,0.0,8573,11272,0.51,628.6,0.02008884,4555,35.80000000000001,0.35,9.21,-0.004573629000000001,9242.15,26.8,69.01,46.5,0.324,-0.023997325999999996,0.0,28.3,3.18,0.817,20.6,-25.0,64.6,77.6,7.427,-7.096,80.7
2022-12-03 08:26:59.999999+00:00,4992,0.08,0.08,0.0,8577,11279,0.47000000000000003,629.8,-0.004829983999999999,4558,35.80000000000001,0.45,8.56,0.007795357,9243.39,26.8,69.02,46.4,0.324,-0.023600675999999998,0.0,28.29,3.18,0.817,20.6,-24.8,64.7,77.5,7.3629999999999995,-7.396999999999999,80.7
2022-12-03 08:28:00+00:00,4996,0.13,0.19,0.0,8581,11280,0.53,630.0,-0.017043538,4552,35.80000000000001,0.42000000000000004,7.91,0.007666507999999999,9241.33,26.8,69.02,46.4,0.32,-0.023210581999999993,0.0,28.3,3.18,0.815,20.6,-24.8,64.7,77.5,7.533,-7.154999999999999,80.7
2022-12-03 08:29:00+00:00,5004,0.12000000000000001,0.14,0.0,8574,11274,0.56,628.8,-0.016761826,4553,35.80000000000001,0.32999999999999996,8.700000000000001,-0.0047536,9242.299999999997,26.8,69.0,46.4,0.329,-0.022826936,0.0,28.3,3.17,0.817,20.6,-25.2,64.6,77.5,7.539,-7.0,80.8
2022-12-03 08:29:59.999999+00:00,4999,0.09,0.16,0.0,8573,11272,0.5800000000000001,628.5,-0.016484771,4548,35.80000000000001,0.38,8.629999999999999,-0.004675028,9244.719999999998,26.8,68.98,46.4,0.329,-0.022449631,0.0,28.32,3.17,0.816,20.6,-25.2,64.6,77.5,7.482,-7.205,80.8
2022-12-03 08:31:00+00:00,5010,0.07,0.12000000000000001,0.0,8571,11272,0.5,628.5,-0.016212295999999998,4555,35.80000000000001,0.4,8.18,-0.004597754999999999,9242.4,26.8,68.98,46.4,0.322,-0.022078563,0.0,28.32,3.18,0.817,20.6,-25.2,64.6,77.5,7.889,-7.291,80.8
2022-12-03 08:32:00+00:00,5011,0.09,0.07,0.0,8575,11272,0.54,628.7,-0.015944324,4548,35.80000000000001,0.36,8.93,-0.004521759,9242.76,26.8,68.99,46.4,0.324,-0.021713628,0.0,28.330000000000002,3.17,0.817,20.6,-25.1,64.6,77.4,7.726999999999999,-7.221,80.7
2022-12-03 08:33:00.000001+00:00,5006,0.13,0.12000000000000001,0.0,8572,11267,0.52,627.6,-0.003387393,4550,35.80000000000001,0.4,8.0,-0.004447019,9242.640000000001,26.8,68.98,46.4,0.318,-0.021354724999999998,0.0,28.32,3.19,0.817,20.6,-25.4,64.6,77.4,7.503,-7.132,80.8
2022-12-03 08:34:00.000001+00:00,5005,0.12000000000000001,0.16,0.0,8571,11266,0.59,627.7,-0.04021156799999999,4551,35.80000000000001,0.36,8.16,-0.004373514999999999,9243.32,26.7,68.98,46.4,0.317,-0.021001755,0.0,28.330000000000002,3.18,0.817,20.6,-25.4,64.6,77.4,7.472,-7.213,80.8
2022-12-03 08:35:00+00:00,5001,0.1,0.13,0.0,8572,11269,0.53,628.0,-0.039546913999999996,4547,35.80000000000001,0.43000000000000005,8.31,-0.004301225,9241.640000000001,26.8,68.97,46.4,0.326,-0.020654618,0.0,28.3,3.17,0.817,20.6,-25.3,64.6,77.3,7.395999999999999,-7.379,80.7
2022-12-03 08:36:00+00:00,5000,0.1,0.16,0.0,8571,11268,0.54,627.9,-0.038893246,4548,35.80000000000001,0.35,8.07,-0.016523519,9241.640000000001,26.8,68.99,46.4,0.319,-0.020313219,0.0,28.3,3.19,0.818,20.6,-25.3,64.5,77.3,7.395999999999999,-7.379,80.7
2022-12-03 08:37:00+00:00,5006,0.14,0.09,0.0,8574,11267,0.6,627.5,-0.025956993999999997,4545,35.80000000000001,0.31,9.040000000000001,-0.003957014,9242.69,26.8,68.96,46.4,0.322,-0.019977463999999997,0.0,28.3,3.17,0.817,20.6,-25.3,64.6,77.3,7.397999999999999,-7.231,80.7
2022-12-03 08:38:00+00:00,4999,0.15000000000000002,0.1,0.0,8567,11269,0.57,628.1,-0.025527952999999996,4552,35.80000000000001,0.4,8.5,-0.003891608999999999,9242.69,26.8,68.96,46.4,0.321,-0.019647257999999997,0.0,28.32,3.17,0.816,20.6,-25.3,64.6,77.3,7.397999999999999,-7.231,80.7
2022-12-03 08:39:00+00:00,5000,0.13,0.16,0.0,8578,11272,0.54,628.8,-0.025106003,4543,35.80000000000001,0.37,8.44,-0.0038272849999999997,9242.53,26.8,68.96,46.4,0.328,-0.01932251,0.0,28.330000000000002,3.18,0.818,20.6,-25.1,64.6,77.3,7.548,-7.1419999999999995,80.7
2022-12-03 08:39:59.999999+00:00,5005,0.14,0.15000000000000002,0.0,8579,11278,0.5800000000000001,629.8,-0.000104251,4551,35.80000000000001,0.4,9.47,-0.003764024,9240.709999999997,26.8,68.96,46.4,0.319,-0.019003129,0.0,28.32,3.18,0.817,20.6,-24.8,64.6,77.4,7.572,-7.041,80.7
2022-12-03 08:41:00+00:00,5001,0.13,0.16,0.0,8580,11272,0.56,629.0,-0.00010252799999999999,4551,35.80000000000001,0.43000000000000005,7.63,-0.0037018089999999995,9241.5,26.8,68.94000000000001,46.4,0.318,-0.018689028,0.0,28.3,3.18,0.818,20.6,-25.0,64.6,77.4,7.365999999999999,-6.878,80.7
2022-12-03 08:42:00+00:00,5001,0.1,0.12000000000000001,0.0,8580,11272,0.56,629.0,-0.02468761,4551,35.7,0.39,8.229999999999999,-0.003640622,9243.69,26.8,68.94000000000001,46.4,0.318,-0.018380118,0.0,28.3,3.18,0.817,20.6,-25.0,64.6,77.4,7.179,-6.961,80.7
2022-12-03 08:42:59.999999+00:00,5002,0.12000000000000001,0.18,0.0,8581,11277,0.61,629.8,-0.011986162,4550,35.80000000000001,0.36,8.19,-0.0035804459999999997,9241.32,26.8,68.94000000000001,46.4,0.321,-0.018076314999999996,0.0,28.330000000000002,3.17,0.817,20.6,-24.8,64.6,77.4,7.452,-6.992,80.7
2022-12-03 08:44:00+00:00,4998,0.11,0.16,0.0,8583,11284,0.52,630.8,-0.011788043999999998,4552,35.80000000000001,0.37,8.15,-0.0035212649999999996,9240.92,26.8,68.94000000000001,46.4,0.329,-0.017777533,0.0,28.3,3.18,0.817,20.6,-24.8,64.6,77.4,7.464999999999999,-6.906,80.7
2022-12-03 08:45:00+00:00,4998,0.1,0.12000000000000001,0.0,8583,11284,0.59,630.8,-0.0115932,4552,35.80000000000001,0.4,8.55,0.008830326,9241.06,26.8,68.94000000000001,46.4,0.329,-0.017483689,0.0,28.3,3.18,0.818,20.6,-24.4,64.7,77.5,7.379,-6.9239999999999995,80.7
2022-12-03 08:46:00+00:00,4992,0.1,0.09,0.0,8589,11287,0.55,631.1,0.0131852,4547,35.80000000000001,0.44,8.41,0.008684369999999999,9240.230000000001,26.8,68.93,46.4,0.322,-0.017194702999999995,0.0,28.32,3.17,0.818,20.6,-24.2,64.7,77.6,7.223999999999999,-6.796,80.7
2022-12-03 08:47:00+00:00,5003,0.08,0.11,0.0,8581,11283,0.59,630.4,0.000673874,4551,35.80000000000001,0.36,7.88,0.008540826999999999,9240.459999999995,26.8,68.94000000000001,46.4,0.326,-0.016910493,0.0,28.32,3.18,0.816,20.6,-24.3,64.7,77.7,7.336,-6.551,80.8
2022-12-03 08:47:59.999999+00:00,4998,0.1,0.15000000000000002,0.0,8578,11277,0.62,629.5,0.025249513,4548,35.80000000000001,0.42000000000000004,9.34,0.008399656000000002,9236.77,26.8,68.93,46.4,0.319,-0.01663098,0.0,28.32,3.18,0.817,20.6,-24.6,64.7,77.6,7.684999999999999,-6.53,80.8
2022-12-03 08:48:59.999999+00:00,5006,0.16,0.18,0.0,8569,11270,0.6,628.5,0.012538776999999996,4550,35.80000000000001,0.4,8.360000000000001,0.008260818999999999,9238.01,26.8,68.93,46.4,0.327,-0.016356088,0.0,28.330000000000002,3.17,0.816,20.6,-25.1,64.7,77.5,7.793,-6.716,80.8
2022-12-03 08:50:00+00:00,5005,0.12000000000000001,0.16,0.0,8569,11271,0.57,628.7,-0.012255251999999996,4548,35.80000000000001,0.39,8.67,0.008124275999999998,9237.17,26.8,68.93,46.4,0.319,-0.01608574,0.0,28.330000000000002,3.19,0.818,20.6,-25.1,64.7,77.5,8.165000000000001,-7.028999999999999,80.8
2022-12-03 08:51:00+00:00,5002,0.08,0.13,0.0,8569,11275,0.53,629.1,0.012534090999999999,4551,35.80000000000001,0.37,8.960000000000003,0.007989991,9236.869999999999,26.8,68.91000000000001,46.4,0.322,-0.01581986,0.0,28.32,3.18,0.817,20.6,-24.9,64.7,77.4,8.148,-7.042,80.8
2022-12-03 08:51:59.999999+00:00,5000,0.11,0.1,0.0,8576,11277,0.55,629.4,3.35272e-05,4554,35.80000000000001,0.42000000000000004,8.290000000000001,0.007857924999999998,9235.69,26.8,68.92,46.4,0.325,-0.015558374,0.0,28.32,3.17,0.819,20.6,-24.7,64.7,77.4,8.062000000000001,-6.993,80.8
2022-12-03 08:53:00+00:00,5000,0.16,0.16,0.0,8577,11279,0.53,629.9,0.02461975,4550,35.80000000000001,0.4,8.66,-0.004565347,9235.82,26.8,68.9,46.4,0.329,-0.015301210999999999,0.0,28.330000000000002,3.18,0.816,20.6,-24.7,64.6,77.4,8.054,-6.860999999999999,80.8
2022-12-03 08:54:00+00:00,5006,0.11,0.14,0.0,8576,11280,0.56,630.1,-0.0003739649999999999,4554,35.80000000000001,0.43000000000000005,8.6,0.007803502,9235.98,26.8,68.91000000000001,46.4,0.322,-0.015048298999999996,0.0,28.3,3.17,0.817,20.6,-24.7,64.7,77.5,8.103000000000002,-6.775,80.8
2022-12-03 08:55:00+00:00,5006,0.07,0.1,0.0,8579,11278,0.55,630.3,0.036512382,4549,35.80000000000001,0.4,8.860000000000001,0.007674517999999999,9235.140000000001,26.8,68.9,46.4,0.324,-0.014799565999999997,0.0,28.32,3.17,0.816,20.6,-24.6,64.7,77.5,8.043999999999999,-6.738,80.8
2022-12-03 08:56:00+00:00,4996,0.08,0.13,0.0,8577,11279,0.5,629.3,0.023615482999999996,4552,35.80000000000001,0.44,8.71,0.007547667000000001,9236.48,26.8,68.91000000000001,46.4,0.321,-0.014554944999999996,0.0,28.36,3.18,0.817,20.6,-24.8,64.7,77.5,7.961,-6.538,80.8
2022-12-03 08:57:00+00:00,4997,0.16,0.16,0.0,8574,11270,0.56,628.9,-0.001361633,4537,35.80000000000001,0.35,8.71,0.007422911999999999,9236.57,26.8,68.9,46.4,0.317,-0.014314367999999996,0.0,28.36,3.17,0.817,20.6,-24.7,64.7,77.5,7.878,-6.707,80.8
2022-12-03 08:58:00+00:00,4994,0.13,0.1,0.0,8572,11274,0.54,629.3,-0.013632515000000001,4535,35.80000000000001,0.41000000000000003,7.819999999999999,0.007300219,9232.969999999996,26.8,68.9,46.4,0.325,-0.014077766999999996,0.0,28.36,3.18,0.817,20.6,-24.7,64.7,77.5,7.343,-6.855999999999999,80.8
2022-12-03 08:58:59.999999+00:00,5004,0.09,0.1,0.0,8579,11281,0.51,630.5,-0.0011137959999999998,4555,35.80000000000001,0.45,8.850000000000001,0.0071795539999999995,9234.06,26.8,68.89,46.4,0.321,-0.013845076000000001,0.0,28.36,3.18,0.817,20.6,-24.5,64.7,77.5,7.519,-6.748,80.8
2022-12-03 09:00:00+00:00,5002,0.09,0.13,0.0,8576,11280,0.54,630.5,0.023491391,4551,35.80000000000001,0.42000000000000004,8.129999999999999,0.007060883999999999,9234.6,26.7,68.89,46.4,0.32,-0.013616231999999997,0.0,28.330000000000002,3.18,0.817,20.6,-24.6,64.7,77.5,8.429,-6.597999999999999,80.8
2022-12-03 09:01:00+00:00,4995,0.06,0.2,0.0,8580,11282,0.57,630.3,0.023103103999999996,4550,35.80000000000001,0.39,7.55,0.0069441749999999995,9234.82,26.8,68.89,46.4,0.319,-0.01339117,0.0,28.3,3.18,0.817,20.6,-24.5,64.7,77.5,8.371,-6.591,80.8
2022-12-03 09:02:00+00:00,5002,0.11,0.11,0.0,8584,11288,0.48000000000000004,631.3,0.035014622999999995,4554,35.80000000000001,0.44,8.18,0.006829395999999999,9235.27,26.7,68.88,46.4,0.326,-0.013169829,0.0,28.330000000000002,3.18,0.817,20.6,-24.2,64.7,77.6,8.280999999999999,-6.538,80.8
2022-12-03 09:02:59.999999+00:00,5002,0.09,0.11,0.0,8586,11292,0.53,632.2,0.022142479999999996,4550,35.80000000000001,0.41000000000000003,8.51,0.006716513,9233.56,26.7,68.9,46.4,0.329,-0.012952145999999998,0.0,28.32,3.18,0.817,20.6,-23.9,64.7,77.6,8.252,-6.563999999999999,80.8
2022-12-03 09:04:00+00:00,5005,0.14,0.1,0.0,8587,11291,0.5,632.2,0.08324343099999998,4553,35.80000000000001,0.38,7.73,0.018898885,9233.68,26.8,68.88,46.4,0.321,-0.012738060999999998,0.0,28.330000000000002,3.18,0.816,20.6,-23.8,64.8,77.7,8.145999999999999,-6.312999999999999,80.8
2022-12-03 09:04:59.999999+00:00,5000,0.07,0.12000000000000001,0.0,8593,11295,0.54,633.0,0.032693953000000005,4552,35.80000000000001,0.43000000000000005,8.52,0.018586506,9233.82,26.7,68.88,46.4,0.319,-0.012527514,0.0,28.330000000000002,3.17,0.816,20.6,-23.7,64.8,77.7,8.014000000000001,-6.2,80.8
2022-12-03 09:05:59.999999+00:00,4990,0.1,0.12000000000000001,0.0,8593,11294,0.59,632.7,0.056740333999999996,4556,35.80000000000001,0.47000000000000003,7.38,0.030572679999999998,9235.219999999998,26.7,68.88,46.4,0.32,-0.012320447999999998,0.0,28.32,3.17,0.817,20.6,-23.7,64.9,77.7,7.9639999999999995,-5.953,80.9
2022-12-03 09:06:59.999999+00:00,4999,0.12000000000000001,0.1,0.0,8592,11293,0.5,632.2,0.068095865,4548,35.80000000000001,0.52,8.9,0.030067346000000002,9233.92,26.7,68.88,46.4,0.323,-0.012116803999999998,0.0,28.3,3.18,0.817,20.6,-23.6,64.9,77.8,8.054,-5.924999999999999,80.9
2022-12-03 09:08:00.000001+00:00,5010,0.12000000000000001,0.16,0.0,8592,11296,0.64,632.6,0.09155709100000003,4553,35.80000000000001,0.5,7.6899999999999995,0.041863754,9234.58,26.7,68.88,46.4,0.326,-0.011916526,0.0,28.32,3.18,0.817,20.6,-23.7,65.0,77.8,8.017999999999999,-5.914,80.9
2022-12-03 09:09:00+00:00,5010,0.12000000000000001,0.16,0.0,8602,11304,0.64,634.3,0.077750362,4558,35.80000000000001,0.5,7.6899999999999995,0.041171790999999985,9233.81,26.7,68.86999999999999,46.4,0.322,-0.011719559,0.0,28.3,3.19,0.817,20.6,-23.0,65.0,77.8,7.930000000000001,-6.139,81.0
2022-12-03 09:10:00+00:00,5008,0.09,0.11,0.0,8603,11306,0.5800000000000001,634.3,0.08875862000000001,4555,35.80000000000001,0.44,7.7700000000000005,0.040491265,9233.25,26.7,68.86999999999999,46.4,0.321,-0.011525847,0.0,28.34,3.18,0.816,20.6,-23.1,65.0,77.9,8.174000000000001,-5.499,81.0
2022-12-03 09:11:00.000001+00:00,5003,0.1,0.16,0.0,8601,11303,0.5800000000000001,633.9,0.08729153599999999,4557,35.80000000000001,0.5,10.0,0.05211537699999999,9234.640000000001,26.7,68.86999999999999,46.4,0.324,-0.011335336999999996,0.0,28.32,3.18,0.816,20.6,-23.1,65.1,77.9,8.037999999999998,-5.459,81.1
2022-12-03 09:11:59.999999+00:00,4995,0.13,0.13,0.0,8602,11305,0.54,634.5,0.08584869999999999,4557,35.80000000000001,0.49,9.530000000000001,0.051253965999999984,9233.629999999997,26.7,68.86999999999999,46.4,0.327,-0.10949508400000002,0.0,28.330000000000002,3.17,0.816,20.6,-23.1,65.1,77.9,8.16,-5.592,81.1
2022-12-03 09:13:00+00:00,4995,0.12000000000000001,0.16,0.0,8602,11304,0.46,634.6,0.121309879,4547,35.80000000000001,0.47000000000000003,9.370000000000003,0.050406793,9234.299999999997,26.7,68.86,46.4,0.329,-0.00933814,0.0,28.34,3.18,0.817,20.6,-23.1,65.1,77.9,8.049,-5.489,81.1
2022-12-03 09:14:00+00:00,5001,0.14,0.17,0.0,8604,11307,0.49,634.8,0.107011369,4553,35.9,0.45,9.629999999999999,0.049573622000000005,9233.48,26.7,68.86,46.4,0.321,-0.009183791,0.0,28.36,3.17,0.816,20.6,-23.0,65.1,78.0,8.077,-5.601999999999999,81.1
2022-12-03 09:14:59.999999+00:00,5010,0.11,0.14,0.0,8606,11311,0.59,634.5,0.11753597400000002,4554,35.80000000000001,0.48000000000000004,10.29,0.061047611999999994,9233.33,26.7,68.86999999999999,46.4,0.32,-0.009031992999999999,0.0,28.34,3.18,0.817,20.6,-22.8,65.2,78.0,8.097000000000001,-5.466,81.2
2022-12-03 09:16:00+00:00,4993,0.15000000000000002,0.12000000000000001,0.0,8606,11304,0.51,634.3,0.10329984200000002,4551,35.9,0.5,11.54,0.06003856099999999,9233.469999999996,26.7,68.86,46.4,0.321,-0.008882703,0.0,28.330000000000002,3.17,0.817,20.6,-22.9,65.2,78.1,8.190999999999999,-5.309,81.2
2022-12-03 09:17:00+00:00,5000,0.13,0.17,0.201886694,8604,11308,0.57,634.6,0.126179184,4551,35.9,0.55,9.370000000000003,0.059046188,9234.53,26.7,68.86,46.4,0.324,-0.008735882,0.0,28.330000000000002,3.18,0.817,20.6,-23.0,65.2,78.1,8.168000000000001,-5.303999999999999,81.2
2022-12-03 09:18:00+00:00,5007,0.08,0.16,0.21821914500000006,8603,11305,0.49,634.3,0.136386966,4556,35.9,0.48000000000000004,9.83,0.05807021799999999,9233.83,26.7,68.85,46.4,0.326,-0.106938595,0.0,28.36,3.19,0.817,20.6,-23.1,65.2,78.0,8.259,-5.328999999999999,81.2
2022-12-03 09:19:00.000001+00:00,4989,0.16,0.21000000000000002,0.0,8604,11309,0.55,634.5,0.12183924700000001,4554,35.9,0.49,9.93,0.057110379,9235.03,26.7,68.85,46.4,0.323,-0.10517101500000002,0.0,28.36,3.17,0.817,20.6,-23.0,65.2,77.9,8.199,-5.466,81.2
2022-12-03 09:20:00+00:00,5002,0.12000000000000001,0.18,0.23105944400000003,8606,11311,0.55,635.0,0.14441215200000002,4553,35.80000000000001,0.52,9.94,0.056166406,9233.08,26.7,68.85,46.4,0.323,-0.005085543,0.0,28.37,3.18,0.817,20.6,-22.9,65.2,78.0,8.39,-5.351,81.2
2022-12-03 09:20:59.999999+00:00,5001,0.09,0.13,0.0,8606,11307,0.59,634.7,0.09285162100000001,4559,35.80000000000001,0.47000000000000003,10.42,0.042944646999999996,9234.369999999999,26.7,68.85,46.4,0.326,-0.005001485,0.0,28.34,3.19,0.817,20.6,-22.9,65.1,78.0,8.318000000000001,-5.219,81.3
2022-12-03 09:22:00+00:00,4998,0.09,0.16,0.0,8599,11306,0.55,634.1,0.10361027200000002,4556,35.80000000000001,0.47000000000000003,10.08,0.054528207,9236.049999999997,26.7,68.86,46.4,0.322,-0.0049188159999999995,0.0,28.37,3.19,0.816,20.6,-23.4,65.2,77.9,8.196000000000002,-5.3469999999999995,81.2
2022-12-03 09:23:00+00:00,4999,0.1,0.15000000000000002,0.0,8605,11307,0.53,634.3,0.089604317,4558,35.80000000000001,0.49,9.780000000000001,0.041333526,9233.879999999996,26.7,68.85,46.4,0.322,-0.004837512999999999,0.0,28.36,3.18,0.816,20.6,-22.9,65.1,77.9,8.593,-5.470000000000001,81.2
2022-12-03 09:23:59.999999+00:00,4993,0.12000000000000001,0.13,0.0,8606,11310,0.47000000000000003,635.3,0.112710031,4555,35.80000000000001,0.42000000000000004,8.540000000000001,0.040650327,9233.859999999999,26.7,68.84,46.4,0.328,-0.004757553999999999,0.0,28.37,3.17,0.817,20.6,-22.8,65.1,78.0,8.462000000000002,-5.297,81.3
2022-12-03 09:24:59.999999+00:00,5005,0.1,0.14,0.0,8609,11313,0.49,635.3,0.11084705499999999,4551,35.80000000000001,0.55,10.139999999999999,0.05227180899999999,9233.92,26.7,68.83,46.4,0.324,-0.0046789169999999995,0.0,28.37,3.18,0.816,20.6,-22.7,65.2,78.0,8.471,-5.1499999999999995,81.3
2022-12-03 09:26:00+00:00,4996,0.1,0.12000000000000001,0.0,8605,11310,0.57,635.1,0.109014872,4552,35.80000000000001,0.55,9.07,0.05140781199999999,9232.730000000001,26.7,68.84,46.4,0.323,-0.102948687,0.0,28.36,3.17,0.816,20.6,-22.8,65.2,78.0,8.423,-5.117999999999999,81.3
2022-12-03 09:26:59.999999+00:00,5001,0.11,0.12000000000000001,0.0,8603,11308,0.57,634.5,0.09491958499999999,4550,35.9,0.46,8.89,0.050558097,9233.469999999996,26.6,68.83,46.4,0.321,-0.0028999479999999994,0.0,28.36,3.18,0.816,20.6,-23.0,65.2,78.0,8.277000000000001,-5.158999999999999,81.3
2022-12-03 09:27:59.999999+00:00,5001,0.09,0.18,0.0,8602,11307,0.54,634.0,0.08105727800000001,4549,35.9,0.5,9.700000000000001,0.049722426000000014,9234.03,26.7,68.84,46.4,0.323,-0.0028520149999999994,0.0,28.36,3.17,0.817,20.6,-23.2,65.2,77.9,8.239999999999998,-5.236,81.3
2022-12-03 09:29:00+00:00,4992,0.14,0.13,0.0,8606,11307,0.51,634.7,0.07971748800000002,4547,35.9,0.49,9.120000000000001,0.048900566999999985,9233.48,26.6,68.83,46.4,0.323,-0.0028048739999999997,0.0,28.37,3.17,0.816,20.6,-22.9,65.2,78.0,8.431000000000001,-5.253,81.3
2022-12-03 09:30:00+00:00,5001,0.06,0.12000000000000001,0.0,8609,11310,0.52,634.8,0.07839984399999998,4548,35.80000000000001,0.49,9.05,0.060385682,9232.6,26.7,68.83,46.4,0.324,-0.002758513,0.0,28.36,3.17,0.817,20.6,-22.9,65.3,78.0,8.422,-5.211,81.3
2022-12-03 09:31:00+00:00,5004,0.08,0.14,0.0,8605,11309,0.52,634.7,0.10169075500000001,4550,35.80000000000001,0.51,8.739999999999998,0.04709418299999999,9232.02,26.6,68.82,46.4,0.322,-0.10106002500000001,0.0,28.330000000000002,3.19,0.816,20.6,-22.9,65.2,78.0,8.446000000000002,-5.006,81.3
2022-12-03 09:32:00+00:00,4999,0.09,0.12000000000000001,0.0,8600,11307,0.54,634.5,0.10000991599999999,4547,35.80000000000001,0.55,9.3,0.046315767,9230.28,26.7,68.83,46.3,0.326,-0.09938961099999996,0.0,28.34,3.18,0.816,20.6,-22.9,65.2,78.0,8.731000000000002,-4.941,81.3
2022-12-03 09:32:59.999999+00:00,4999,0.07,0.13,0.0,8605,11314,0.54,636.1,0.09835686000000003,4554,35.9,0.47000000000000003,9.89,0.057843605,9227.52,26.6,68.82,46.4,0.321,-0.097746808,0.0,28.36,3.19,0.8200000000000001,20.6,-22.5,65.3,78.0,8.934000000000001,-5.039,81.3
2022-12-03 09:33:59.999999+00:00,4999,0.11,0.17,0.0,8605,11314,0.5,636.1,0.09673112699999999,4554,35.9,0.51,10.21,0.056887513,9227.52,26.6,68.82,46.4,0.321,-0.096131158,0.0,28.36,3.19,0.816,20.6,-22.5,65.3,78.0,8.934000000000001,-5.039,81.3
2022-12-03 09:35:00+00:00,5001,0.11,0.17,0.0,8606,11313,0.5,636.0,0.119719042,4550,35.9,0.51,10.21,0.05594722299999999,9228.08,26.7,68.82,46.3,0.322,0.003804894,0.0,28.330000000000002,3.17,0.821,20.6,-22.5,65.3,78.1,8.675,-5.044999999999999,81.3
2022-12-03 09:36:00+00:00,5001,0.08,0.21000000000000002,0.0,8606,11313,0.52,636.0,0.11774021500000001,4550,35.9,0.53,9.3,0.05502247600000001,9228.08,26.7,68.82,46.3,0.322,0.0037420029999999994,0.0,28.330000000000002,3.17,0.821,20.6,-22.5,65.3,78.1,8.675,-5.044999999999999,81.3
2022-12-03 09:37:00+00:00,4999,0.06,0.16,0.0,8609,11318,0.56,636.1,0.11579409600000001,4557,35.80000000000001,0.53,9.38,0.05411301300000001,9228.01,26.6,68.82,46.4,0.323,-0.09466695500000002,0.0,28.34,3.17,0.817,20.6,-22.4,65.3,78.1,8.692,-5.025999999999999,81.3
2022-12-03 09:38:00+00:00,4999,0.14,0.16,0.21058614800000003,8602,11307,0.51,634.4,0.113880144,4544,35.80000000000001,0.49,10.0,0.053218583,9227.859999999999,26.6,68.82,46.3,0.326,-0.09310221199999999,0.0,28.36,3.18,0.816,20.6,-22.7,65.3,78.0,8.712,-4.953,81.3
2022-12-03 09:39:00+00:00,4995,0.11,0.16,0.0,8604,11312,0.51,635.0,0.075117662,4547,35.9,0.52,10.08,0.05233893700000001,9225.969999999996,26.7,68.8,46.3,0.322,-0.09156333300000002,0.0,28.36,3.17,0.8200000000000001,20.6,-22.5,65.3,78.0,8.575000000000001,-5.183999999999999,81.3
2022-12-03 09:40:00+00:00,4999,0.13,0.15000000000000002,0.0,8606,11316,0.53,635.2,0.06158265899999999,4542,35.9,0.49,9.68,0.05147383099999999,9224.99,26.7,68.81,46.3,0.319,-0.09004988900000001,0.0,28.37,3.17,0.821,20.6,-22.4,65.3,78.1,8.619,-5.0649999999999995,81.3
2022-12-03 09:40:59.999999+00:00,4992,0.11,0.13,0.0,8604,11314,0.51,635.7,0.08515154100000003,4543,35.9,0.46,10.17,0.050623024,9225.17,26.7,68.81,46.4,0.319,-0.08856146100000004,0.0,28.34,3.18,0.8200000000000001,20.6,-22.5,65.3,78.1,8.59,-5.017999999999999,81.3
2022-12-03 09:41:59.999999+00:00,4999,0.06,0.16,0.0,8606,11315,0.5,635.4,0.071450689,4549,35.9,0.52,9.280000000000001,0.049786280000000016,9225.219999999998,26.7,68.79,46.3,0.319,-0.08709763599999999,0.0,28.38,3.17,0.819,20.6,-22.4,65.3,78.1,8.807,-4.922,81.3
2022-12-03 09:43:00+00:00,4993,0.1,0.13,0.0,8605,11318,0.47000000000000003,636.2,0.107149851,4552,35.9,0.52,10.29,0.06125675399999999,9225.82,26.7,68.8,46.3,0.322,-0.08565800500000002,0.0,28.37,3.17,0.8200000000000001,20.6,-22.2,65.4,78.1,8.829,-4.801,81.3
2022-12-03 09:43:59.999999+00:00,5004,0.12000000000000001,0.22,0.0,8606,11315,0.5,635.4,0.093085391,4545,35.9,0.49,10.709999999999999,0.06024424599999999,9224.44,26.7,68.8,46.3,0.323,-0.08424216999999999,0.0,28.37,3.19,0.8200000000000001,20.6,-22.3,65.4,78.1,8.833,-4.789,81.4
2022-12-03 09:45:00+00:00,4997,0.08,0.19,0.230817643,8598,11308,0.51,634.9,0.079253401,4546,35.9,0.5,10.17,0.059248472999999996,9226.640000000001,26.7,68.79,46.3,0.324,-0.08284973799999998,0.0,28.37,3.17,0.819,20.6,-22.6,65.4,78.1,8.748999999999999,-4.834,81.4
2022-12-03 09:46:00+00:00,4994,0.11,0.24000000000000002,0.0,8598,11308,0.54,634.4,0.077943427,4545,35.9,0.49,10.53,0.058269159999999987,9225.43,26.7,68.79,46.3,0.323,-0.081480321,0.0,28.38,3.18,0.8200000000000001,20.6,-22.7,65.4,78.1,8.728,-5.179,81.4
2022-12-03 09:47:00+00:00,5007,0.11,0.11,0.0,8603,11311,0.56,635.3,0.064361718,4545,35.9,0.46,10.450000000000001,0.057306033000000006,9224.29,26.8,68.79,46.3,0.324,-0.08013353799999999,0.0,28.37,3.17,0.8200000000000001,20.6,-22.4,65.4,78.1,8.844000000000001,-5.083,81.4
2022-12-03 09:48:00+00:00,4996,0.09,0.2,0.261334642,8605,11316,0.5800000000000001,635.6,0.07559127599999999,4550,35.9,0.45,9.52,0.056358825999999994,9224.9,26.8,68.78,46.3,0.323,-0.078809017,0.0,28.37,3.17,0.819,20.6,-22.4,65.4,78.1,8.666,-4.987,81.4
2022-12-03 09:49:00+00:00,5000,0.09,0.14,0.0,8610,11321,0.48000000000000004,636.4,0.08663522200000001,4548,35.9,0.5,9.93,0.055427275,9224.7,26.8,68.78,46.3,0.32999999999999996,-0.077506389,0.0,28.37,3.17,0.819,20.6,-22.2,65.4,78.1,8.69,-4.989,81.4
2022-12-03 09:49:59.999999+00:00,4999,0.1,0.18,0.0,8615,11325,0.48000000000000004,637.3,0.08520323499999999,4549,36.0,0.52,10.54,0.079097899,9223.59,26.8,68.79,46.3,0.326,-0.076225291,0.0,28.36,3.18,0.819,20.6,-22.0,65.6,78.2,9.202,-4.722999999999999,81.4
2022-12-03 09:51:00+00:00,5001,0.1,0.2,0.0,8612,11326,0.51,637.2,0.09608830500000001,4552,36.0,0.52,10.33,0.07779049500000002,9225.03,26.8,68.77,46.3,0.323,-0.074965369,0.0,28.37,3.17,0.819,20.6,-21.9,65.6,78.2,8.983,-4.636,81.4
2022-12-03 09:51:59.999999+00:00,4998,0.11,0.17,0.0,8619,11332,0.52,638.1,0.09450006900000002,4553,35.9,0.5,9.450000000000001,0.07650470199999998,9224.43,26.8,68.78,46.4,0.324,-0.073726272,0.0,28.36,3.17,0.8200000000000001,20.6,-21.6,65.6,78.2,9.117999999999999,-4.548,81.4
2022-12-03 09:53:00+00:00,5007,0.13,0.15000000000000002,0.20770919900000004,8623,11334,0.49,638.7,0.12981825000000002,4550,36.0,0.52,8.77,0.08753354999999999,9224.53,26.8,68.78,46.3,0.319,-0.072507656,0.0,28.34,3.17,0.8200000000000001,20.6,-21.4,65.7,78.3,8.961,-4.307999999999999,81.5
2022-12-03 09:54:00+00:00,5005,0.09,0.16,0.204275989,8618,11329,0.45,637.7,0.127672493,4553,35.9,0.52,10.49,0.08608671399999998,9224.879999999996,26.8,68.76,46.3,0.324,-0.07130918299999998,0.0,28.37,3.17,0.8200000000000001,20.6,-21.7,65.7,78.3,9.025,-4.223999999999999,81.5
2022-12-03 09:55:00+00:00,4994,0.07,0.22,0.20089952699999997,8619,11331,0.46,637.6,0.125562204,4548,36.0,0.53,9.960000000000003,0.08466379399999999,9225.07,26.8,68.77,46.3,0.325,-0.07013051799999999,0.0,28.36,3.18,0.8200000000000001,20.6,-21.7,65.7,78.3,9.085000000000003,-4.417,81.6
2022-12-03 09:56:00+00:00,5003,0.09,0.2,0.0,8619,11331,0.5,638.1,0.111193407,4550,35.9,0.54,10.77,0.08326439200000003,9224.640000000001,26.8,68.76,46.3,0.317,-0.06897133599999998,0.0,28.36,3.18,0.8200000000000001,20.6,-21.7,65.7,78.3,9.027999999999999,-4.386,81.6
2022-12-03 09:56:59.999999+00:00,4993,0.11,0.27,0.214307643,8623,11333,0.47000000000000003,638.4,0.13394227700000003,4554,36.0,0.52,9.200000000000001,0.081888121,9224.359999999999,26.8,68.78,46.3,0.324,-0.067831314,0.0,28.34,3.17,0.8200000000000001,20.6,-21.4,65.7,78.3,9.030000000000001,-4.3469999999999995,81.6
2022-12-03 09:58:00+00:00,5001,0.1,0.17,0.21076536800000004,8618,11330,0.49,637.8,0.131728355,4554,36.0,0.54,9.719999999999999,0.09282798699999999,9225.240000000002,26.8,68.77,46.3,0.323,-0.066710135,0.0,28.38,3.17,0.819,20.6,-21.6,65.8,78.4,9.078000000000001,-4.168999999999999,81.6
2022-12-03 09:59:00+00:00,4992,0.11,0.13,0.0,8619,11330,0.47000000000000003,638.3,0.117257638,4553,35.9,0.5,10.77,0.09129364,9225.209999999997,26.8,68.78,46.4,0.319,-0.065607489,0.206338271,28.36,3.19,0.821,20.6,-21.7,65.8,78.3,9.088000000000001,-4.282,81.7
2022-12-03 09:59:59.999999+00:00,5010,0.09,0.2,0.20418061399999998,8620,11333,0.52,638.9,0.127612884,4553,35.9,0.51,9.620000000000001,0.08978465399999999,9224.7,26.8,68.77,46.3,0.326,-0.064523067,0.0,28.37,3.19,0.8200000000000001,20.6,-21.4,65.8,78.3,9.317,-4.17,81.7
2022-12-03 10:00:59.999999+00:00,4991,0.1,0.19,0.20080572799999996,8623,11333,0.51,638.2,0.12550358,4553,36.0,0.48000000000000004,9.540000000000001,0.08830060999999999,9224.52,26.8,68.77,46.3,0.33199999999999996,-0.06345657,0.0,28.38,3.18,0.821,20.6,-21.4,65.8,78.4,9.453000000000003,-3.9779999999999998,81.7
2022-12-03 10:02:00+00:00,4998,0.13,0.25,0.0,8625,11337,0.47000000000000003,638.7,0.12342914100000003,4553,36.0,0.46,9.700000000000001,0.08684109599999999,9224.949999999999,26.8,68.76,46.4,0.326,-0.06240770100000001,0.0,28.37,3.17,0.8200000000000001,20.6,-21.4,65.8,78.4,9.361,-4.023999999999999,81.8
2022-12-03 10:03:00+00:00,5003,0.14,0.14,0.0,8624,11335,0.51,638.8,0.12138898999999999,4552,36.0,0.52,8.8,0.097699094,9224.949999999999,26.8,68.76,46.3,0.321,-0.15972327700000002,0.0,28.38,3.18,0.816,20.6,-21.4,65.9,78.4,9.266,-4.034,81.8
2022-12-03 10:04:00+00:00,5002,0.09,0.14,0.21068151799999998,8619,11334,0.54,638.2,0.13167594799999996,4555,36.0,0.49,10.1,0.09608423299999998,9225.629999999997,26.8,68.75,46.4,0.327,-0.058736115,0.0,28.38,3.18,0.819,20.6,-21.6,65.9,78.4,9.274000000000001,-4.084,81.8
2022-12-03 10:05:00+00:00,4998,0.08,0.15000000000000002,0.0,8621,11334,0.53,638.4,0.117206098,4560,36.0,0.56,9.290000000000001,0.094496064,9226.11,26.8,68.76,46.3,0.328,-0.05776527000000001,0.0,28.4,3.18,0.819,20.6,-21.4,65.9,78.4,9.316,-4.275,81.8
2022-12-03 10:05:59.999999+00:00,5004,0.09,0.14,0.0,8621,11335,0.53,638.6,0.09068203000000001,4555,36.1,0.53,10.54,0.09293414600000002,9225.15,26.8,68.76,46.3,0.323,-0.15515757999999996,0.20635338500000003,28.4,3.18,0.8200000000000001,20.6,-21.5,65.9,78.4,9.341000000000001,-4.254999999999999,81.8
2022-12-03 10:07:00+00:00,5001,0.13,0.1,0.0,8620,11336,0.46,638.8,0.10147654200000002,4557,36.0,0.47000000000000003,9.98,0.09139804400000001,9225.61,26.8,68.75,46.3,0.322,-0.054245883999999994,0.0,28.38,3.18,0.815,20.6,-21.4,65.9,78.4,9.491000000000001,-4.075,81.8
2022-12-03 10:08:00+00:00,5000,0.1,0.19,0.0,8622,11338,0.52,639.0,0.07521246700000002,4560,36.0,0.55,9.239999999999998,0.089887333,9224.48,26.7,68.76,46.3,0.323,-0.05334925799999999,0.0,28.38,3.18,0.819,20.6,-21.3,65.9,78.4,9.735999999999999,-3.988,81.8
2022-12-03 10:09:00+00:00,5009,0.07,0.18,0.0,8620,11333,0.45,638.5,0.09855606300000007,4557,36.1,0.5,10.870000000000001,0.10069498000000002,9224.230000000001,26.8,68.74,46.3,0.323,-0.052467452000000005,0.0,28.37,3.19,0.8200000000000001,20.6,-21.5,66.0,78.4,9.793000000000001,-3.8689999999999998,81.8
2022-12-03 10:09:59.999999+00:00,5006,0.16,0.18,0.0,8622,11337,0.55,638.7,0.09692703700000001,4554,36.1,0.52,9.850000000000001,0.086737212,9224.949999999999,26.7,68.73,46.3,0.328,-0.051600221,0.25301231,28.38,3.18,0.8200000000000001,20.6,-21.5,65.9,78.4,9.652000000000001,-3.983,81.8
2022-12-03 10:11:00+00:00,5001,0.11,0.18,0.0,8622,11337,0.42000000000000004,638.4,0.08303154900000002,4563,36.1,0.5,9.76,0.085303539,9224.75,26.7,68.74,46.3,0.327,-0.050747324999999996,0.20949144600000005,28.36,3.17,0.8200000000000001,20.6,-21.4,65.9,78.4,9.546999999999999,-4.099,81.8
2022-12-03 10:11:59.999999+00:00,5010,0.11,0.19,0.0,8624,11335,0.53,638.2,0.093952515,4556,36.1,0.48000000000000004,10.040000000000001,0.083893563,9224.219999999998,26.7,68.74,46.3,0.326,-0.049908526,0.0,28.38,3.18,0.8200000000000001,20.6,-21.4,65.9,78.4,9.696000000000002,-3.98,81.8
2022-12-03 10:12:59.999999+00:00,5011,0.11,0.2,0.0,8626,11335,0.52,638.6,0.092399581,4554,36.1,0.47000000000000003,10.6,0.09480028099999999,9224.799999999997,26.7,68.74,46.3,0.321,-0.049083592,0.0,28.37,3.18,0.819,20.6,-21.5,66.0,78.4,9.41,-4.071,81.8
2022-12-03 10:14:00+00:00,5004,0.11,0.13,0.0,8625,11338,0.52,638.9,0.06628553799999999,4558,36.1,0.49,9.51,0.08093994600000004,9225.12,26.7,68.74,46.3,0.319,-0.048272293,0.0,28.37,3.18,0.8200000000000001,20.6,-21.3,65.9,78.5,9.360000000000001,-4.142999999999999,81.8
2022-12-03 10:14:59.999999+00:00,5000,0.09,0.16,0.0,8622,11335,0.41000000000000003,638.4,0.08977668600000001,4554,36.1,0.49,10.09,0.091895484,9224.629999999997,26.7,68.74,46.3,0.325,-0.14582151099999996,0.0,28.37,3.18,0.8200000000000001,20.6,-21.4,66.0,78.4,9.417000000000002,-4.0,81.8
2022-12-03 10:15:59.999999+00:00,4999,0.09,0.19,0.0,8619,11332,0.47000000000000003,638.1,0.063705997,4553,36.1,0.52,10.42,0.09037654999999999,9224.449999999999,26.7,68.72,46.3,0.324,-0.14341123800000005,0.0,28.36,3.18,0.8200000000000001,20.6,-21.5,66.0,78.4,9.425,-4.05,81.8
2022-12-03 10:17:00+00:00,5000,0.09,0.16,0.0,8624,11334,0.53,638.5,0.062653005,4553,36.1,0.49,9.41,0.08888272300000001,9224.719999999998,26.7,68.72,46.3,0.326,-0.04269369700000001,0.0,28.34,3.18,0.8200000000000001,20.6,-21.4,66.0,78.4,9.377,-4.079,81.8
2022-12-03 10:17:59.999999+00:00,5004,0.1,0.23,0.0,8621,11335,0.49,638.4,0.08620419500000001,4552,36.1,0.51,11.08,0.07512019899999998,9224.42,26.8,68.72,46.3,0.325,-0.140335124,0.0,28.36,3.18,0.8200000000000001,20.6,-21.4,65.9,78.4,9.361,-4.047,81.8
2022-12-03 10:18:59.999999+00:00,4997,0.1,0.16,0.0,8624,11337,0.54,638.4,0.072485944,4552,36.0,0.5,10.729999999999999,0.073878543,9224.449999999999,26.7,68.73,46.3,0.324,-0.138015535,0.0,28.37,3.17,0.816,20.6,-21.4,65.9,78.4,9.312000000000001,-4.041,81.8
2022-12-03 10:20:00+00:00,5007,0.1,0.12000000000000001,0.0,8621,11333,0.47000000000000003,638.2,0.07128782899999998,4552,36.0,0.47000000000000003,10.38,0.07265741,9225.16,26.7,68.72,46.3,0.324,-0.13573428600000004,0.0,28.36,3.18,0.819,20.6,-21.6,65.9,78.4,9.179,-4.159999999999999,81.8
2022-12-03 10:21:00+00:00,4996,0.1,0.07,0.0,8622,11333,0.49,638.0,0.04552274099999999,4541,36.0,0.47000000000000003,10.51,0.071456461,9223.32,26.7,68.71,46.3,0.322,-0.133490745,0.0,28.38,3.17,0.819,20.6,-21.4,65.9,78.4,9.087000000000002,-4.218,81.8
2022-12-03 10:21:59.999999+00:00,4997,0.08,0.18,0.0,8620,11331,0.53,637.9,0.044770299000000006,4542,36.1,0.5,10.6,0.07027536199999998,9220.69,26.7,68.72,46.3,0.321,-0.13128428600000003,0.0,28.37,3.17,0.819,20.6,-21.4,65.9,78.4,9.076,-4.236,81.8
2022-12-03 10:23:00+00:00,5000,0.11,0.14,0.0,8622,11335,0.54,638.3,0.05632368299999999,4543,36.0,0.52,9.68,0.069113786,9220.32,26.7,68.72,46.3,0.321,-0.030767189999999996,0.0,28.4,3.18,0.8200000000000001,20.6,-21.2,65.9,78.4,9.136000000000001,-4.246,81.8
2022-12-03 10:24:00+00:00,4988,0.09,0.2,0.0,8620,11330,0.49,637.9,0.05539271300000001,4540,36.0,0.46,10.02,0.06797140899999998,9221.1,26.7,68.73,46.3,0.323,-0.12860574899999996,0.0,28.36,3.17,0.8200000000000001,20.6,-21.5,65.9,78.4,9.06,-4.209,81.8
2022-12-03 10:25:00+00:00,5000,0.09,0.23,0.0,8619,11332,0.53,638.0,0.054477131,4547,36.1,0.52,9.450000000000001,0.06684791499999998,9220.78,26.7,68.72,46.3,0.32,-0.028132926999999995,0.0,28.37,3.17,0.819,20.5,-21.6,65.9,78.3,9.074000000000002,-4.320999999999999,81.8
2022-12-03 10:25:59.999999+00:00,5002,0.14,0.15000000000000002,0.0,8624,11335,0.54,638.1,0.053576682,4544,36.0,0.55,9.5,0.06574299100000001,9221.19,26.7,68.72,46.3,0.33199999999999996,-0.126015027,0.0,28.38,3.18,0.8200000000000001,20.6,-21.4,65.9,78.3,8.967,-4.409,81.8
2022-12-03 10:26:59.999999+00:00,4998,0.08,0.13,0.0,8614,11329,0.52,637.7,0.028104340999999998,4548,36.0,0.46,9.860000000000001,0.05236294100000001,9221.719999999998,26.7,68.71,46.3,0.323,-0.12393213400000001,0.0,28.4,3.17,0.815,20.6,-21.6,65.8,78.3,9.123999999999999,-4.271,81.8
2022-12-03 10:28:00+00:00,4994,0.12000000000000001,0.19,0.0,8612,11324,0.51,636.8,0.039933194,4546,36.0,0.52,9.729999999999999,0.063790827,9220.28,26.7,68.71,46.3,0.32,-0.121883669,0.0,28.38,3.18,0.819,20.6,-21.8,65.9,78.3,9.207999999999998,-4.459,81.8
2022-12-03 10:28:59.999999+00:00,4987,0.13,0.15000000000000002,0.0,8613,11329,0.55,637.3,0.039273142000000004,4551,36.0,0.49,9.61,0.062736433,9222.369999999999,26.7,68.71,46.3,0.324,-0.11986906299999998,0.0,28.37,3.17,0.819,20.6,-21.6,65.9,78.3,9.123000000000001,-4.532,81.8
2022-12-03 10:30:00+00:00,4998,0.12000000000000001,0.15000000000000002,0.0,8611,11325,0.5,637.2,0.02633061,4545,36.0,0.5,9.129999999999999,0.049406078000000006,9220.48,26.7,68.7,46.3,0.327,-0.117887756,0.0,28.38,3.19,0.815,20.5,-21.7,65.8,78.3,9.089,-4.496,81.8
2022-12-03 10:31:00+00:00,4997,0.1,0.16,0.0,8613,11328,0.49,637.3,0.05048217099999999,4548,36.0,0.43000000000000005,10.01,0.04858944899999999,9221.69,26.7,68.71,46.3,0.329,-0.11593919799999998,0.0,28.38,3.18,0.819,20.6,-21.7,65.8,78.3,9.020999999999999,-4.655999999999999,81.8
2022-12-03 10:32:00+00:00,5010,0.07,0.09,0.0,8611,11326,0.5,636.9,0.037354366,4544,36.1,0.51,9.38,0.047786318,9221.1,26.7,68.7,46.3,0.326,-0.11402284800000001,0.0,28.38,3.18,0.8200000000000001,20.6,-21.9,65.8,78.3,9.156,-4.535,81.8
2022-12-03 10:32:59.999999+00:00,5006,0.07,0.15000000000000002,0.0,8617,11330,0.47000000000000003,637.6,0.036736939,4539,36.1,0.47000000000000003,8.739999999999998,0.04699646100000001,9220.849999999999,26.7,68.7,46.3,0.326,-0.112138173,0.0,28.4,3.19,0.818,20.6,-21.6,65.8,78.3,9.33,-4.560999999999999,81.8
2022-12-03 10:34:00+00:00,5000,0.09,0.1,0.0,8615,11328,0.54,637.3,0.023836328,4549,36.1,0.47000000000000003,9.370000000000003,0.046219659999999996,9220.730000000001,26.7,68.7,46.3,0.321,-0.11028464900000001,0.0,28.38,3.19,0.8200000000000001,20.6,-21.7,65.8,78.3,9.296999999999999,-4.357999999999999,81.8
2022-12-03 10:34:59.999999+00:00,4991,0.08,0.14,0.0,8617,11333,0.48000000000000004,638.4,0.04802911599999998,4546,36.1,0.48000000000000004,9.33,0.045455699,9220.79,26.7,68.7,46.3,0.324,-0.10846176200000002,0.0,28.38,3.18,0.818,20.6,-21.4,65.8,78.3,9.277000000000001,-4.503,81.8
2022-12-03 10:35:59.999999+00:00,5004,0.08,0.15000000000000002,0.0,8620,11329,0.53,637.9,0.034941858,4546,36.1,0.54,8.540000000000001,0.05699775299999999,9219.65,26.7,68.67999999999999,46.3,0.325,-0.10666900600000001,0.0,28.38,3.19,0.819,20.6,-21.6,65.9,78.4,9.391,-4.251,81.8
2022-12-03 10:36:59.999999+00:00,5003,0.11,0.12000000000000001,0.0,8618,11329,0.47000000000000003,637.8,0.034364306,4545,36.1,0.51,9.229999999999999,0.04376225300000001,9221.640000000001,26.7,68.67999999999999,46.3,0.328,-0.10490588200000002,0.0,28.37,3.17,0.819,20.6,-21.4,65.8,78.3,9.242,-4.1419999999999995,81.8
2022-12-03 10:38:00+00:00,5003,0.09,0.13,0.0,8622,11331,0.52,638.1,0.058383078,4546,36.1,0.51,8.52,0.05533229900000001,9220.369999999999,26.7,68.7,46.3,0.325,-0.10317190000000001,0.0,28.37,3.18,0.819,20.5,-21.4,65.9,78.3,9.407,-4.121999999999999,81.8
2022-12-03 10:38:59.999999+00:00,4997,0.08,0.19,0.0,8619,11332,0.47000000000000003,638.1,0.057418069,4547,36.1,0.5,9.34,0.054417715000000005,9220.39,26.7,68.69,46.3,0.318,-0.10146658000000001,0.0,28.38,3.19,0.818,20.6,-21.4,65.9,78.4,9.557,-3.9529999999999994,81.8
2022-12-03 10:40:00+00:00,5006,0.12000000000000001,0.13,0.0,8621,11332,0.47000000000000003,638.1,0.05646901,4553,36.1,0.48000000000000004,9.08,0.05351824899999999,9221.08,26.7,68.67999999999999,46.3,0.325,-0.099789446,0.0,28.38,3.19,0.819,20.6,-21.4,65.9,78.4,9.375,-4.076,81.8
2022-12-03 10:41:00+00:00,4992,0.12000000000000001,0.1,0.0,8616,11330,0.53,637.9,0.04324224899999999,4546,36.0,0.54,9.629999999999999,0.040340261,9221.11,26.7,68.69,46.3,0.325,-0.09814003399999999,0.0,28.38,3.18,0.815,20.6,-21.6,65.8,78.3,9.489,-3.969,81.8
2022-12-03 10:41:59.999999+00:00,4996,0.12000000000000001,0.14,0.0,8618,11332,0.52,637.9,0.030234113000000003,4548,36.0,0.53,9.1,0.051966868999999985,9221.77,26.7,68.69,46.3,0.328,-0.096517885,0.0,28.38,3.19,0.818,20.6,-21.4,65.9,78.3,9.097999999999999,-4.263999999999999,81.8
2022-12-03 10:43:00+00:00,4998,0.11,0.17,0.0,8619,11329,0.51,637.6,0.029734375,4545,36.0,0.51,8.38,0.051107912,9220.93,26.7,68.69,46.3,0.327,-0.09492254800000001,0.0,28.38,3.19,0.819,20.5,-21.4,65.9,78.3,9.347999999999999,-4.137999999999999,81.8
2022-12-03 10:44:00+00:00,5006,0.1,0.13,0.0,8621,11334,0.55,638.4,0.053829674999999994,4547,36.0,0.48000000000000004,8.93,0.037969765,9221.11,26.7,68.69,46.3,0.324,-0.09335357999999999,0.0,28.37,3.18,0.818,20.6,-21.4,65.8,78.4,9.447999999999999,-4.062999999999999,81.8
2022-12-03 10:44:59.999999+00:00,4997,0.11,0.1,0.0,8625,11335,0.46,638.4,0.016059762999999998,4543,36.0,0.46,8.57,0.04963555399999999,9220.06,26.7,68.67999999999999,46.3,0.327,-0.09181054599999999,0.0,28.38,3.18,0.815,20.6,-21.3,65.9,78.3,9.532,-4.021999999999999,81.8
2022-12-03 10:46:00+00:00,4996,0.11,0.12000000000000001,0.0,8624,11340,0.49,639.6,0.052674478,4545,36.0,0.52,9.3,0.04881513099999999,9219.89,26.7,68.69,46.3,0.328,-0.09029301599999999,0.0,28.37,3.18,0.819,20.6,-21.0,65.9,78.4,9.483,-3.94,81.8
2022-12-03 10:47:00+00:00,5005,0.12000000000000001,0.13,0.0,8627,11342,0.44,639.7,0.08868399,4557,36.1,0.45,8.91,0.060301658,9219.730000000001,26.7,68.7,46.3,0.325,-0.08880056900000004,0.0,28.38,3.19,0.818,20.6,-20.9,66.0,78.5,9.513000000000003,-3.718,81.8
2022-12-03 10:48:00+00:00,4998,0.12000000000000001,0.19,0.0,8626,11343,0.52,640.0,0.08721813899999997,4558,36.1,0.46,9.83,0.04701154799999999,9221.369999999999,26.7,68.66999999999999,46.3,0.329,-0.08733279099999997,0.0,28.36,3.18,0.819,20.6,-20.9,65.9,78.5,9.815000000000001,-3.55,81.8
2022-12-03 10:49:00.000001+00:00,4989,0.09,0.19,0.0,8626,11342,0.47000000000000003,639.9,0.09806990600000003,4555,36.1,0.52,8.97,0.058527885999999994,9220.449999999999,26.7,68.69,46.3,0.32999999999999996,-0.08588927399999997,0.0,28.37,3.18,0.818,20.6,-21.0,66.0,78.6,10.042,-3.4529999999999994,81.9
2022-12-03 10:50:00+00:00,5002,0.09,0.16,0.0,8628,11344,0.49,639.9,0.096448916,4555,36.1,0.44,9.82,0.05756048300000001,9221.08,26.7,68.66999999999999,46.3,0.325,-0.084469617,0.0,28.37,3.18,0.818,20.6,-20.9,66.0,78.6,10.016,-3.4309999999999996,81.9
2022-12-03 10:50:59.999999+00:00,5002,0.09,0.16,0.0,8621,11338,0.49,639.2,0.08256133,4558,36.1,0.44,9.82,0.056609069999999984,9220.77,26.7,68.66999999999999,46.3,0.324,-0.083073425,0.0,28.36,3.19,0.818,20.6,-21.4,66.0,78.5,10.09,-3.4259999999999997,81.9
2022-12-03 10:52:00+00:00,5006,0.09,0.18,0.0,8622,11344,0.47000000000000003,640.1,0.068903292,4553,36.1,0.51,10.120000000000001,0.05567338299999999,9222.730000000001,26.7,68.66999999999999,46.3,0.325,-0.08170031000000001,0.0,28.37,3.19,0.819,20.6,-21.1,66.0,78.5,9.991000000000001,-3.787,81.9
2022-12-03 10:53:00+00:00,5000,0.1,0.12000000000000001,0.0,8627,11342,0.49,639.5,0.092351171,4555,36.1,0.51,10.42,0.054753162,9218.93,26.7,68.66999999999999,46.3,0.324,-0.080349892,0.0,28.37,3.19,0.818,20.6,-21.1,66.0,78.5,10.242999999999999,-3.666,81.9
2022-12-03 10:54:00+00:00,5000,0.09,0.14,0.0,8626,11340,0.5,639.5,0.07853131699999999,4557,36.2,0.5,9.82,0.05384815099999998,9220.9,26.7,68.66999999999999,46.3,0.325,-0.07902179400000002,0.0,28.37,3.18,0.818,20.6,-21.1,66.0,78.5,9.896,-3.5759999999999996,81.9
2022-12-03 10:54:59.999999+00:00,5002,0.14,0.09,0.0,8629,11346,0.51,640.7,0.06493989,4553,36.2,0.51,10.030000000000001,0.065251487,9221.56,26.7,68.66999999999999,46.3,0.329,-0.077715649,0.0,28.38,3.19,0.814,20.6,-20.8,66.1,78.5,10.007,-3.4789999999999996,81.9
2022-12-03 10:56:00+00:00,4999,0.12000000000000001,0.15000000000000002,0.0,8628,11345,0.52,639.7,0.07615989199999999,4557,36.2,0.48000000000000004,10.139999999999999,0.05187956199999998,9220.15,26.7,68.64999999999999,46.3,0.328,-0.076431093,0.0,28.38,3.18,0.817,20.6,-21.1,66.0,78.6,10.209,-3.4389999999999996,81.9
2022-12-03 10:57:00.000001+00:00,5006,0.17,0.16,0.0,8626,11338,0.48000000000000004,639.0,0.074901051,4551,36.1,0.52,8.94,0.05102204799999999,9221.78,26.8,68.66,46.3,0.323,-0.075167769,0.0,28.38,3.19,0.819,20.6,-21.2,66.0,78.6,9.777999999999999,-3.665,82.0
2022-12-03 10:58:00+00:00,5007,0.13,0.16,0.0,8625,11337,0.53,638.7,0.061369629,4552,36.2,0.5,8.960000000000003,0.050178708999999995,9221.48,26.8,68.66999999999999,46.3,0.33099999999999996,-0.07392532699999999,0.0,28.36,3.19,0.819,20.6,-21.2,66.0,78.5,9.738,-3.881,82.0
2022-12-03 10:59:00+00:00,5002,0.13,0.13,0.0,8625,11339,0.52,639.1,0.048061865999999995,4552,36.1,0.5,9.1,0.049349308999999994,9221.62,26.7,68.66,46.3,0.326,0.025643687,0.0,28.38,3.19,0.819,20.6,-21.2,66.0,78.5,9.783999999999999,-3.8449999999999998,82.0
2022-12-03 11:00:00+00:00,5003,0.09,0.17,0.0,8625,11340,0.5,639.4,0.047267455,4544,36.1,0.53,9.31,0.048533618,9220.11,26.7,68.66999999999999,46.3,0.325,-0.073127283,0.0,28.38,3.19,0.817,20.6,-20.9,66.0,78.5,9.716000000000001,-3.8649999999999998,81.9
2022-12-03 11:01:00+00:00,5003,0.14,0.13,0.0,8628,11341,0.51,639.8,0.034192785999999996,4545,36.1,0.47000000000000003,10.629999999999999,0.047731409,9219.869999999999,26.7,68.66,46.3,0.324,-0.07191856799999999,0.0,28.38,3.18,0.819,20.6,-20.7,66.0,78.5,9.513000000000003,-3.8189999999999995,81.9
2022-12-03 11:02:00+00:00,4996,0.09,0.15000000000000002,0.0,8632,11345,0.54,640.2,0.033627616,4548,36.1,0.49,11.229999999999999,0.04694245999999999,9219.53,26.7,68.66,46.3,0.329,-0.070729831,0.0,28.37,3.17,0.819,20.6,-20.6,66.0,78.5,9.57,-3.509,81.9
2022-12-03 11:02:59.999999+00:00,5003,0.13,0.22,0.0,8635,11350,0.57,641.3,0.06995195299999998,4548,36.1,0.54,10.49,0.04616655199999999,9219.15,26.7,68.66,46.3,0.329,-0.06956074299999998,0.0,28.38,3.18,0.818,20.6,-20.4,66.0,78.5,9.616000000000001,-3.265,81.9
2022-12-03 11:03:59.999999+00:00,4997,0.15000000000000002,0.18,0.0,8630,11348,0.48000000000000004,640.8,0.068795723,4549,36.1,0.57,11.209999999999999,0.05769685699999999,9218.75,26.7,68.66,46.3,0.327,-0.068410978,0.0,28.38,3.18,0.818,20.6,-20.5,66.1,78.6,9.772,-3.131,81.9
2022-12-03 11:05:00+00:00,5005,0.12000000000000001,0.14,0.0,8633,11347,0.47000000000000003,640.7,0.079951992,4550,36.1,0.5,9.58,0.056743189999999985,9218.42,26.7,68.66,46.3,0.32999999999999996,-0.067280218,0.0,28.38,3.18,0.818,20.6,-20.5,66.1,78.6,9.679,-3.257,82.0
2022-12-03 11:06:00+00:00,4998,0.08,0.21000000000000002,0.0,8630,11346,0.48000000000000004,640.3,0.07863047099999998,4541,36.1,0.51,10.57,0.055805286,9218.730000000001,26.7,68.66,46.3,0.327,-0.06616814899999998,0.0,28.38,3.18,0.818,20.6,-20.6,66.1,78.6,9.639999999999999,-3.297,82.0
2022-12-03 11:06:59.999999+00:00,5006,0.11,0.14,0.0,8634,11348,0.52,640.6,0.08962418200000002,4545,36.1,0.48000000000000004,10.030000000000001,0.05488288400000001,9218.68,26.8,68.64999999999999,46.3,0.326,-0.06507446,0.0,28.37,3.18,0.819,20.6,-20.5,66.1,78.6,9.744,-3.234,82.0
2022-12-03 11:08:00+00:00,4994,0.14,0.19,0.0,8632,11346,0.62,640.6,0.10043617900000001,4549,36.1,0.51,10.31,0.05397572899999999,9217.78,26.7,68.66,46.3,0.322,-0.06399884899999998,0.0,28.36,3.18,0.819,20.6,-20.5,66.1,78.6,9.813,-3.217,82.0
2022-12-03 11:09:00+00:00,4996,0.13,0.17,0.0,8637,11354,0.52,641.5,0.0741893,4540,36.1,0.54,10.58,0.053083568,9217.469999999996,26.7,68.64999999999999,46.3,0.328,-0.062941017,0.0,28.37,3.18,0.818,20.6,-20.0,66.1,78.6,9.870000000000003,-3.161,82.0
2022-12-03 11:10:00+00:00,4993,0.18,0.15000000000000002,0.22258048400000002,8630,11344,0.5,640.6,0.097549808,4546,36.1,0.55,11.4,0.05220615399999999,9217.17,26.7,68.64999999999999,46.3,0.33099999999999996,-0.06190066999999999,0.0,28.38,3.18,0.817,20.6,-20.7,66.1,78.6,9.992000000000003,-2.881,82.0
2022-12-03 11:10:59.999999+00:00,4994,0.09,0.24000000000000002,0.22707302699999998,8630,11345,0.49,640.5,0.071350637,4548,36.1,0.49,10.91,0.05134324199999999,9218.94,26.7,68.64,46.3,0.323,-0.06087751799999999,0.0,28.38,3.18,0.817,20.6,-20.6,66.1,78.6,9.818000000000001,-3.183,82.0
2022-12-03 11:11:59.999999+00:00,4991,0.09,0.16,0.0,8625,11343,0.56,639.9,0.070171288,4543,36.1,0.52,10.59,0.050494594,9217.77,26.7,68.64999999999999,46.3,0.326,-0.059871278,0.0,28.36,3.18,0.818,20.5,-20.9,66.1,78.6,9.943000000000001,-3.184,82.0
2022-12-03 11:12:59.999999+00:00,5004,0.12000000000000001,0.14,0.0,8624,11342,0.53,639.9,0.056718044,4540,36.1,0.51,10.229999999999999,0.049659972,9218.849999999999,26.7,68.64,46.3,0.32,-0.05888166999999999,0.0,28.36,3.19,0.818,20.6,-20.8,66.1,78.5,9.833,-3.262,82.0
2022-12-03 11:13:59.999999+00:00,5000,0.11,0.16,0.0,8627,11342,0.52,639.9,0.043487167,4545,36.1,0.49,11.52,0.048839145999999986,9218.29,26.7,68.64,46.3,0.325,-0.05790842,0.0,28.38,3.18,0.817,20.6,-20.8,66.1,78.5,9.898000000000001,-3.29,82.0
2022-12-03 11:15:00+00:00,5007,0.1,0.2,0.0,8627,11346,0.55,640.5,0.042768371,4562,36.1,0.41000000000000003,10.51,0.048031887999999995,9217.730000000001,26.7,68.64,46.3,0.327,-0.05695125599999998,0.0,28.36,3.19,0.818,20.6,-20.9,66.1,78.6,10.113,-3.441,82.0
2022-12-03 11:16:00+00:00,5000,0.09,0.17,0.0,8625,11346,0.47000000000000003,640.2,0.05435484399999999,4552,36.1,0.54,11.6,0.047237971999999996,9218.91,26.7,68.64,46.3,0.326,-0.056009912999999995,0.0,28.36,3.18,0.819,20.5,-20.9,66.1,78.6,10.653,-3.3359999999999994,82.0
2022-12-03 11:17:00+00:00,5006,0.14,0.16,0.0,8627,11344,0.47000000000000003,640.5,0.041163028,4555,36.1,0.49,9.91,0.046457178999999994,9218.7,26.7,68.66,46.3,0.321,-0.055084128999999996,0.0,28.37,3.18,0.818,20.5,-20.7,66.1,78.5,10.629,-3.214,82.0
2022-12-03 11:18:00+00:00,5007,0.12000000000000001,0.23,0.0,8627,11346,0.5,640.3,0.040482648,4559,36.1,0.52,9.76,0.04568929199999999,9218.879999999996,26.7,68.64999999999999,46.3,0.32,-0.05417364699999999,0.0,28.34,3.19,0.818,20.5,-20.9,66.1,78.6,10.669,-3.228,82.1
2022-12-03 11:19:00+00:00,4999,0.17,0.12000000000000001,0.0,8626,11346,0.52,640.5,0.039813513,4548,36.1,0.47000000000000003,10.55,0.044934097,9218.879999999996,26.7,68.66,46.3,0.328,-0.05327821499999999,0.0,28.36,3.18,0.818,20.5,-20.9,66.1,78.6,10.669,-3.228,82.0
2022-12-03 11:19:59.999999+00:00,5010,0.11,0.19,0.0,8627,11349,0.51,641.3,0.051448826999999996,4557,36.1,0.56,10.49,0.044191385,9218.230000000001,26.7,68.64,46.3,0.327,-0.052397584000000004,0.0,28.330000000000002,3.19,0.818,20.6,-20.7,66.1,78.6,10.668000000000001,-3.105,82.1
2022-12-03 11:21:00+00:00,5000,0.09,0.2,0.0,8632,11350,0.46,641.6,0.09977198699999999,4554,36.2,0.52,10.13,0.04346094899999999,9218.299999999997,26.7,68.64999999999999,46.3,0.327,-0.05153150799999999,0.0,28.36,3.18,0.813,20.6,-20.5,66.1,78.6,10.673,-2.864,82.1
2022-12-03 11:21:59.999999+00:00,5006,0.09,0.21000000000000002,0.0,8634,11350,0.47000000000000003,641.3,0.09812286300000002,4556,36.2,0.51,12.360000000000001,0.042742586,9218.299999999997,26.7,68.64,46.3,0.323,-0.050679746999999976,0.0,28.34,3.19,0.818,20.6,-20.5,66.1,78.7,10.673,-2.864,82.1
2022-12-03 11:23:00+00:00,4996,0.12000000000000001,0.15000000000000002,0.0,8631,11347,0.44,640.7,0.047327444,4541,36.2,0.53,10.850000000000001,0.042036097000000015,9218.89,26.7,68.64999999999999,46.3,0.329,-0.04984206599999999,0.0,28.37,3.19,0.817,20.5,-20.5,66.1,78.7,10.622,-2.762,82.1
2022-12-03 11:24:00+00:00,4998,0.12000000000000001,0.19,0.0,8629,11346,0.54,640.8,0.07113194899999999,4544,36.2,0.52,11.350000000000001,0.04134128499999999,9216.5,26.7,68.63,46.3,0.33299999999999996,-0.04901823000000001,0.0,28.36,3.18,0.817,20.6,-20.4,66.1,78.6,10.385000000000002,-2.847,82.1
2022-12-03 11:25:00+00:00,5004,0.11,0.19,0.24189479100000003,8624,11344,0.52,640.7,0.06995621400000002,4543,36.2,0.55,11.32,0.040657957999999994,9213.33,26.7,68.66,46.3,0.319,-0.048208010999999995,0.0,28.38,3.18,0.817,20.6,-20.6,66.1,78.6,10.466000000000003,-2.9579999999999997,82.1
2022-12-03 11:26:00+00:00,5002,0.11,0.24000000000000002,0.0,8624,11345,0.53,640.5,0.04421313600000001,4546,36.2,0.52,9.92,0.039985926,9213.219999999998,26.7,68.63,46.3,0.326,-0.047411184999999995,0.0,28.36,3.18,0.817,20.6,-20.6,66.1,78.6,10.723,-2.8789999999999996,82.1
2022-12-03 11:26:59.999999+00:00,4987,0.08,0.21000000000000002,0.0,8622,11345,0.51,640.4,0.031188951999999995,4538,36.2,0.47000000000000003,10.65,0.05161838999999999,9214.049999999997,26.7,68.64,46.3,0.327,-0.046627528999999994,0.0,28.36,3.17,0.817,20.6,-20.9,66.2,78.6,10.515000000000002,-3.0559999999999996,82.1
2022-12-03 11:28:00+00:00,4992,0.11,0.15000000000000002,0.0,8620,11342,0.49,639.8,0.030673432000000004,4544,36.2,0.55,9.82,0.038471805,9214.049999999997,26.7,68.64,46.3,0.32999999999999996,-0.045856826,0.0,28.36,3.17,0.818,20.6,-20.9,66.1,78.6,10.515000000000002,-3.327,82.1
2022-12-03 11:29:00+00:00,4998,0.08,0.15000000000000002,0.0,8623,11343,0.46,640.4,0.017873044999999997,4551,36.2,0.56,10.030000000000001,0.03783590700000001,9213.349999999999,26.7,68.64999999999999,46.3,0.328,-0.045098861999999997,0.0,28.330000000000002,3.19,0.818,20.6,-20.9,66.1,78.6,10.666,-3.327,82.1
2022-12-03 11:29:59.999999+00:00,5002,0.11,0.15000000000000002,0.0,8624,11347,0.49,640.5,0.005284234,4555,36.2,0.5,10.42,0.03721052,9213.53,26.7,68.64999999999999,46.3,0.325,-0.04435342600000001,0.0,28.34,3.17,0.818,20.6,-20.9,66.1,78.6,10.892000000000001,-3.269,82.1
2022-12-03 11:30:59.999999+00:00,4996,0.12000000000000001,0.19,0.0,8619,11342,0.49,640.0,0.029783668,4551,36.30000000000001,0.59,10.89,0.036595471,9214.07,26.7,68.64,46.3,0.329,-0.043620310999999995,0.0,28.330000000000002,3.18,0.818,20.6,-21.0,66.1,78.6,11.207999999999998,-3.188,82.1
2022-12-03 11:32:00+00:00,4996,0.12000000000000001,0.18,0.0,8619,11342,0.44,639.9,0.016997988,4552,36.30000000000001,0.56,9.960000000000003,0.03599058699999999,9214.92,26.7,68.64,46.3,0.327,-0.042899314,0.0,28.32,3.18,0.818,20.6,-21.2,66.1,78.6,11.101,-3.2359999999999998,82.1
2022-12-03 11:33:00+00:00,4999,0.1,0.16,0.0,8616,11341,0.45,639.9,0.004423641,4552,36.2,0.52,9.07,0.035395700999999995,9215.62,26.7,68.64,46.3,0.327,-0.042190235000000006,0.0,28.32,3.19,0.817,20.6,-21.4,66.1,78.6,11.183,-3.323,82.1
2022-12-03 11:34:00+00:00,5001,0.09,0.22,0.0,8617,11342,0.38,639.6,0.016643911999999997,4548,36.2,0.52,9.719999999999999,0.034810648,9214.01,26.7,68.64,46.3,0.327,-0.04149287599999999,0.0,28.330000000000002,3.19,0.819,20.6,-21.2,66.1,78.6,11.111,-3.5329999999999995,82.1
2022-12-03 11:35:00+00:00,5001,0.09,0.13,0.0,8617,11342,0.43000000000000005,640.0,0.016368806,4547,36.2,0.54,9.97,0.034235265,9214.57,26.7,68.64,46.3,0.324,-0.040807043,0.0,28.34,3.19,0.817,20.6,-21.1,66.1,78.6,11.051,-3.4729999999999994,82.1
2022-12-03 11:35:59.999999+00:00,5004,0.09,0.22,0.0,8617,11341,0.4,639.7,0.040685024,4543,36.2,0.51,9.700000000000001,0.033669393,9213.549999999997,26.7,68.64,46.3,0.326,-0.04013254599999999,0.0,28.330000000000002,3.19,0.817,20.6,-20.9,66.1,78.5,11.055000000000001,-3.295,82.1
2022-12-03 11:37:00+00:00,5000,0.12000000000000001,0.1,0.0,8622,11339,0.49,639.7,0.015425767,4543,36.2,0.51,10.16,0.033112873999999994,9214.31,26.7,68.63,46.3,0.326,-0.039469199,0.0,28.330000000000002,3.18,0.818,20.6,-21.0,66.1,78.6,10.885000000000002,-3.193,82.0
2022-12-03 11:38:00+00:00,5004,0.11,0.17,0.0,8619,11339,0.52,640.1,0.027464183999999996,4549,36.2,0.55,9.3,0.032565554,9214.77,26.7,68.64,46.3,0.327,-0.038816815,0.0,28.330000000000002,3.19,0.816,20.5,-21.1,66.1,78.5,10.904,-3.179,82.0
2022-12-03 11:39:00+00:00,4996,0.09,0.17,0.0,8626,11348,0.51,641.3,0.014716841999999997,4554,36.2,0.53,9.280000000000001,0.032027281,9213.99,26.7,68.64,46.3,0.33499999999999996,-0.038175215,0.0,28.330000000000002,3.17,0.818,20.6,-20.8,66.1,78.5,11.003,-3.141,82.0
2022-12-03 11:39:59.999999+00:00,4998,0.13,0.09,0.0,8620,11342,0.55,640.4,0.014473589,4552,36.2,0.48000000000000004,8.71,0.019204515999999998,9213.42,26.6,68.64,46.3,0.327,-0.03754422,0.0,28.32,3.18,0.817,20.6,-20.9,66.0,78.6,11.236999999999998,-2.9,82.0
2022-12-03 11:41:00+00:00,5001,0.14,0.19,0.0,8620,11344,0.54,639.9,0.026527744,4537,36.2,0.5,9.77,0.018887086,9214.93,26.6,68.63,46.3,0.33199999999999996,-0.03692365399999999,0.0,28.32,3.18,0.817,20.6,-20.9,66.0,78.6,11.087,-2.9299999999999997,82.0
2022-12-03 11:42:00+00:00,5003,0.08,0.16,0.0,8620,11339,0.53,639.9,0.013795881,4537,36.2,0.5,9.629999999999999,0.018574901999999997,9214.41,26.6,68.63,46.3,0.33199999999999996,-0.036313346,0.0,28.32,3.19,0.817,20.6,-20.9,66.0,78.5,11.101,-2.9169999999999994,82.0
2022-12-03 11:43:00+00:00,5002,0.15000000000000002,0.14,0.0,8623,11343,0.48000000000000004,640.6,0.03815462599999999,4548,36.1,0.52,10.13,0.018267879,9214.66,26.6,68.63,46.3,0.326,-0.03571312499999999,0.0,28.330000000000002,3.18,0.818,20.6,-20.7,66.0,78.5,11.111,-2.9019999999999997,82.0
2022-12-03 11:44:00+00:00,5001,0.15000000000000002,0.11,0.0,8624,11344,0.46,640.6,0.025230582999999997,4551,36.2,0.54,9.59,0.030259319000000003,9214.16,26.7,68.63,46.3,0.329,-0.035122824999999996,0.0,28.32,3.18,0.817,20.6,-20.9,66.1,78.6,11.085000000000003,-2.941,82.0
2022-12-03 11:45:00+00:00,5005,0.1,0.2,0.0,8622,11342,0.5,640.5,0.037106937,4546,36.1,0.48000000000000004,10.08,0.029759164999999997,9214.48,26.6,68.63,46.3,0.328,-0.03454228299999999,0.0,28.330000000000002,3.18,0.817,20.6,-20.9,66.1,78.6,11.313000000000002,-2.735,82.0
2022-12-03 11:46:00+00:00,5003,0.1,0.17,0.0,8620,11341,0.54,640.4,0.024200211,4549,36.2,0.56,10.09,0.029267278,9214.049999999997,26.6,68.63,46.3,0.329,-0.033971336,0.0,28.330000000000002,3.19,0.817,20.6,-20.9,66.1,78.6,11.109,-2.948,82.0
2022-12-03 11:47:00+00:00,5005,0.12000000000000001,0.25,0.0,8620,11342,0.47000000000000003,640.6,0.023800207000000004,4540,36.2,0.47000000000000003,11.33,0.028783520999999992,9214.62,26.6,68.63,46.3,0.326,-0.033409826,0.0,28.330000000000002,3.19,0.817,20.6,-20.9,66.1,78.6,11.199,-2.8509999999999995,82.1
2022-12-03 11:47:59.999999+00:00,4992,0.11,0.2,0.0,8622,11345,0.52,640.8,0.023406815,4548,36.2,0.54,10.15,0.028307760999999997,9214.34,26.6,68.61999999999999,46.3,0.33199999999999996,-0.032857598,0.0,28.330000000000002,3.17,0.818,20.6,-20.7,66.1,78.6,11.220999999999998,-2.8449999999999998,82.0
2022-12-03 11:48:59.999999+00:00,4997,0.14,0.16,0.0,8626,11344,0.5,640.5,0.035313314,4546,36.2,0.49,10.84,0.027839864000000002,9214.459999999995,26.6,68.64,46.3,0.32999999999999996,-0.03231449699999999,0.0,28.32,3.18,0.817,20.6,-20.8,66.1,78.6,11.096,-2.8789999999999996,82.1
2022-12-03 11:50:00+00:00,4990,0.11,0.16,0.0,8626,11346,0.45,640.9,0.034729622999999994,4552,36.2,0.5,10.76,0.027379701,9214.049999999997,26.6,68.61999999999999,46.3,0.325,-0.031780373,0.0,28.32,3.19,0.816,20.6,-20.7,66.1,78.6,11.199,-2.759,82.1
2022-12-03 11:50:59.999999+00:00,4999,0.13,0.23,0.0,8622,11348,0.51,641.2,0.058742356999999995,4550,36.2,0.48000000000000004,10.99,0.026927144,9214.33,26.6,68.63,46.3,0.33199999999999996,-0.031255078000000006,0.0,28.34,3.18,0.817,20.6,-20.7,66.1,78.6,11.043000000000001,-2.793,82.1
2022-12-03 11:51:59.999999+00:00,5005,0.08,0.2,0.0,8629,11349,0.48000000000000004,641.3,0.04547802,4552,36.2,0.52,10.55,0.026482067,9214.26,26.6,68.63,46.3,0.329,-0.030738464999999996,0.0,28.32,3.18,0.816,20.6,-20.6,66.1,78.6,11.145,-2.6719999999999997,82.1
2022-12-03 11:53:00+00:00,4995,0.11,0.26,0.0,8630,11349,0.5,641.6,0.032432929,4549,36.2,0.54,11.09,0.026044347000000002,9214.140000000001,26.6,68.63,46.3,0.327,-0.030230391000000002,0.0,28.330000000000002,3.17,0.816,20.6,-20.5,66.1,78.6,11.172000000000002,-2.639,82.1
2022-12-03 11:54:00+00:00,4991,0.1,0.14,0.0,8630,11352,0.51,641.5,0.04419023600000001,4553,36.2,0.52,11.94,0.025613862,9214.1,26.6,68.61,46.3,0.33099999999999996,-0.029730715,0.0,28.330000000000002,3.17,0.816,20.6,-20.5,66.1,78.6,11.114,-2.638,82.1
2022-12-03 11:55:00+00:00,4996,0.1,0.14,0.0,8628,11351,0.51,641.7,0.068046596,4551,36.2,0.52,11.94,0.037483881000000004,9214.18,26.6,68.61999999999999,46.3,0.324,-0.029239298000000004,0.0,28.32,3.18,0.816,20.6,-20.4,66.2,78.7,11.271,-2.4129999999999994,82.1
2022-12-03 11:55:59.999999+00:00,5003,0.08,0.23,0.0,8630,11352,0.51,641.9,0.06692185899999999,4546,36.2,0.52,11.04,0.03686431200000001,9213.94,26.6,68.61,46.3,0.324,-0.02875600399999999,0.0,28.32,3.18,0.816,20.6,-20.3,66.2,78.7,11.227999999999998,-2.481,82.1
2022-12-03 11:56:59.999999+00:00,5000,0.09,0.19,0.0,8633,11353,0.48000000000000004,642.3,0.065815712,4545,36.2,0.52,10.29,0.036254985,9214.849999999999,26.6,68.61999999999999,46.3,0.324,-0.028280697999999996,0.0,28.330000000000002,3.18,0.817,20.6,-20.2,66.2,78.7,11.126000000000001,-2.447,82.1
2022-12-03 11:58:00+00:00,4998,0.09,0.19,0.202970705,8634,11354,0.48000000000000004,642.1,0.064727849,4553,36.2,0.52,10.29,0.035655729,9213.859999999999,26.6,68.61,46.3,0.322,-0.027813249000000005,0.0,28.330000000000002,3.17,0.816,20.6,-20.2,66.2,78.7,11.217,-2.3559999999999994,82.2
2022-12-03 11:58:59.999999+00:00,4995,0.08,0.13,0.0,8631,11353,0.49,642.3,0.07595135599999998,4549,36.30000000000001,0.53,11.09,0.04735976699999999,9214.140000000001,26.6,68.61999999999999,46.3,0.324,-0.027353525999999996,0.0,28.32,3.18,0.816,20.6,-20.2,66.3,78.7,11.183,-2.3379999999999996,82.2
2022-12-03 12:00:00+00:00,4989,0.14,0.17,0.221704683,8634,11357,0.54,643.0,0.062402573,4548,36.30000000000001,0.56,11.370000000000001,0.046576959999999994,9214.7,26.6,68.63,46.3,0.326,-0.026901401,0.0,28.330000000000002,3.17,0.817,20.6,-20.0,66.3,78.7,11.06,-2.4259999999999997,82.2
2022-12-03 12:01:00+00:00,4999,0.08,0.14,0.0,8640,11357,0.47000000000000003,642.6,0.073664514,4550,36.2,0.57,12.48,0.04580709300000001,9213.93,26.6,68.61999999999999,46.3,0.327,-0.026456749999999998,0.0,28.32,3.18,0.816,20.6,-20.2,66.3,78.7,11.143999999999998,-2.275,82.2
2022-12-03 12:01:59.999999+00:00,5004,0.12000000000000001,0.1,0.0,8635,11354,0.53,642.1,0.09703369599999999,4552,36.2,0.49,10.709999999999999,0.045049950999999984,9214.15,26.6,68.61999999999999,46.3,0.318,-0.026019448,0.0,28.330000000000002,3.18,0.817,20.6,-20.2,66.3,78.7,11.193,-2.224,82.2
2022-12-03 12:02:59.999999+00:00,4994,0.14,0.26,0.0,8637,11359,0.55,642.9,0.09542983299999999,4550,36.2,0.56,11.03,0.04430532400000001,9214.59,26.6,68.61999999999999,46.3,0.325,-0.025589375000000004,0.0,28.330000000000002,3.17,0.816,20.6,-20.0,66.3,78.7,11.151,-2.38,82.2
2022-12-03 12:04:00+00:00,4993,0.1,0.24000000000000002,0.0,8638,11362,0.52,643.5,0.09385248,4550,36.2,0.54,11.11,0.04357300499999999,9213.65,26.6,68.63,46.3,0.33099999999999996,-0.025166409999999993,0.0,28.32,3.18,0.817,20.6,-19.8,66.3,78.7,11.055000000000001,-2.464,82.2
2022-12-03 12:04:59.999999+00:00,5007,0.09,0.18,0.0,8639,11366,0.54,644.0,0.09230119999999997,4552,36.2,0.51,13.209999999999999,0.04285279000000001,9213.08,26.6,68.61999999999999,46.3,0.33099999999999996,-0.024750435999999994,0.0,28.32,3.18,0.816,20.6,-19.9,66.3,78.7,11.279,-2.27,82.2
2022-12-03 12:05:59.999999+00:00,5007,0.11,0.18,0.20424916000000004,8645,11365,0.53,644.0,0.12765572499999997,4555,36.2,0.54,11.57,0.054437868,9214.0,26.6,68.61999999999999,46.3,0.33199999999999996,-0.024341338,0.0,28.34,3.18,0.816,20.6,-19.7,66.4,78.9,11.366000000000001,-2.144,82.2
2022-12-03 12:06:59.999999+00:00,5003,0.08,0.18,0.490279971,8642,11364,0.47000000000000003,644.1,0.137839102,4558,36.2,0.51,11.82,0.053538067999999994,9214.129999999997,26.6,68.61,46.3,0.326,-0.023939002,0.0,28.32,3.18,0.817,20.6,-19.8,66.4,78.8,11.384,-1.948,82.2
2022-12-03 12:08:00+00:00,5005,0.12000000000000001,0.19,0.22382368599999997,8641,11364,0.55,644.0,0.12326738100000001,4552,36.30000000000001,0.57,12.04,0.06494653,9215.06,26.6,68.61999999999999,46.3,0.327,-0.023543316,0.0,28.32,3.18,0.815,20.6,-19.9,66.5,78.9,11.210999999999999,-2.1149999999999998,82.3
2022-12-03 12:09:00+00:00,5005,0.11,0.2,0.0,8638,11362,0.5,643.7,0.10893651500000001,4549,36.30000000000001,0.55,11.33,0.063873033,9214.53,26.5,68.61999999999999,46.3,0.33599999999999997,-0.023154169999999995,0.0,28.32,3.18,0.815,20.6,-19.9,66.5,78.9,11.301,-2.245,82.3
2022-12-03 12:10:00+00:00,5006,0.2,0.29000000000000004,0.0,8637,11363,0.56,643.5,0.10713591200000001,4553,36.2,0.55,13.42,0.06281728100000002,9215.230000000001,26.6,68.61999999999999,46.3,0.33299999999999996,-0.022771457,0.0,28.3,3.18,0.815,20.6,-20.0,66.5,78.9,11.136000000000001,-2.3619999999999997,82.3
2022-12-03 12:11:00+00:00,5009,0.13,0.14,0.0,8640,11365,0.52,643.4,0.10536507000000003,4555,36.30000000000001,0.48000000000000004,11.59,0.061778978999999984,9214.459999999995,26.6,68.61999999999999,46.3,0.322,-0.022395069,0.0,28.330000000000002,3.18,0.815,20.6,-19.8,66.5,78.9,11.077,-2.465,82.3
2022-12-03 12:11:59.999999+00:00,5007,0.13,0.22,0.20513644100000003,8641,11363,0.55,643.5,0.128210276,4548,36.30000000000001,0.5,11.870000000000001,0.060757838,9213.94,26.6,68.61,46.3,0.329,-0.022024903,0.0,28.32,3.18,0.815,20.6,-20.0,66.5,78.9,11.209,-2.267,82.3
2022-12-03 12:13:00+00:00,5002,0.08,0.16,0.0,8641,11361,0.52,643.2,0.101504321,4548,36.30000000000001,0.49,10.7,0.05975357700000001,9215.219999999998,26.6,68.61,46.3,0.33099999999999996,-0.120007962,0.0,28.3,3.19,0.816,20.6,-19.9,66.5,78.9,11.098,-2.385,82.3
2022-12-03 12:14:00+00:00,4995,0.14,0.19,0.0,8641,11364,0.45,643.9,0.09982656300000003,4553,36.30000000000001,0.47000000000000003,11.41,0.058765914,9214.349999999999,26.5,68.63,46.3,0.325,-0.019677251999999996,0.0,28.29,3.18,0.816,20.6,-19.9,66.5,78.9,10.994,-2.445,82.3
2022-12-03 12:14:59.999999+00:00,4998,0.13,0.17,0.0,8641,11362,0.52,643.3,0.07358975999999999,4553,36.30000000000001,0.49,10.950000000000001,0.05779457700000001,9214.219999999998,26.5,68.61999999999999,46.3,0.326,-0.019352007999999997,0.0,28.3,3.18,0.816,20.6,-20.0,66.5,78.8,11.085000000000003,-2.3199999999999994,82.4
2022-12-03 12:15:59.999999+00:00,4992,0.14,0.2,0.0,8637,11365,0.5800000000000001,644.1,0.109253566,4560,36.30000000000001,0.5,11.97,0.056839295,9215.39,26.5,68.61,46.3,0.324,-0.019032139999999996,0.0,28.32,3.17,0.815,20.6,-19.9,66.5,78.8,10.986000000000002,-2.503,82.3
2022-12-03 12:17:00+00:00,5002,0.12000000000000001,0.13,0.0,8640,11369,0.54,644.1,0.09515433400000002,4553,36.30000000000001,0.5,12.65,0.05589980199999999,9214.379999999996,26.5,68.61,46.3,0.327,-0.018717559000000005,0.0,28.29,3.18,0.816,20.6,-19.7,66.5,78.9,11.233,-2.503,82.4
2022-12-03 12:18:00+00:00,4994,0.16,0.18,0.0,8640,11364,0.51,643.6,0.09358153500000001,4559,36.30000000000001,0.54,10.56,0.05497583799999999,9214.09,26.5,68.61,46.3,0.328,-0.018408178,0.0,28.29,3.19,0.816,20.6,-19.8,66.5,78.9,11.531,-2.225,82.4
2022-12-03 12:19:00+00:00,4996,0.12000000000000001,0.17,0.0,8645,11369,0.53,644.5,0.11662150900000001,4554,36.30000000000001,0.57,10.3,0.054067147,9214.43,26.5,68.61999999999999,46.3,0.323,-0.018103911,0.0,28.29,3.18,0.815,20.6,-19.6,66.5,79.0,11.48,-2.292,82.4
2022-12-03 12:20:00+00:00,5002,0.09,0.12000000000000001,0.0,8646,11370,0.52,644.6,0.11469388100000001,4553,36.30000000000001,0.47000000000000003,11.31,0.053173475,9214.06,26.5,68.61,46.3,0.33299999999999996,-0.017804673,0.0,28.3,3.18,0.815,20.6,-19.5,66.5,79.0,11.56,-2.082,82.4
2022-12-03 12:20:59.999999+00:00,4997,0.08,0.2,0.219815826,8647,11371,0.5800000000000001,644.8,0.137384891,4555,36.30000000000001,0.51,10.28,0.064587963,9213.7,26.5,68.63,46.3,0.33099999999999996,-0.01751038,0.0,28.259999999999998,3.17,0.815,20.6,-19.5,66.6,79.0,11.477,-1.9349999999999998,82.4
2022-12-03 12:22:00+00:00,4998,0.11,0.2,0.0,8647,11372,0.52,645.5,0.12282067800000002,4556,36.30000000000001,0.56,12.739999999999998,0.06352039299999998,9215.01,26.5,68.63,46.3,0.328,-0.017220952999999997,0.0,28.25,3.18,0.816,20.6,-19.2,66.6,79.0,11.277999999999999,-1.94,82.4
2022-12-03 12:23:00+00:00,4996,0.12000000000000001,0.16,0.0,8651,11377,0.55,645.4,0.12079058400000003,4551,36.30000000000001,0.46,11.01,0.06247047,9213.15,26.5,68.61999999999999,46.3,0.326,-0.016936309,0.0,28.259999999999998,3.18,0.815,20.6,-19.2,66.6,79.1,11.27,-1.9069999999999998,82.4
2022-12-03 12:24:00+00:00,5005,0.13,0.23,0.211163228,8649,11370,0.53,645.0,0.10650065700000001,4553,36.30000000000001,0.55,11.06,0.06143789999999999,9214.84,26.6,68.61,46.3,0.326,-0.01665637,0.0,28.259999999999998,3.17,0.815,20.6,-19.5,66.6,79.1,11.1,-1.806,82.6
2022-12-03 12:24:59.999999+00:00,5001,0.09,0.19,0.42227492400000005,8651,11370,0.5800000000000001,644.9,0.129327093,4550,36.30000000000001,0.51,11.84,0.060422397,9214.2,26.6,68.61999999999999,46.3,0.328,-0.016381058,0.0,28.279999999999998,3.18,0.815,20.6,-19.2,66.6,79.0,11.311,-1.834,82.6
2022-12-03 12:26:00+00:00,5005,0.1,0.15000000000000002,0.0,8639,11365,0.59,643.6,0.10260267800000002,4553,36.2,0.47000000000000003,13.129999999999999,0.059423680000000006,9214.02,26.5,68.61,46.3,0.327,-0.016110296999999996,0.0,28.259999999999998,3.18,0.816,20.6,-19.9,66.6,79.1,11.532,-1.7789999999999997,82.6
2022-12-03 12:27:00+00:00,4997,0.08,0.22,0.0,8636,11361,0.56,643.5,0.051733212,4553,36.2,0.52,11.18,0.058441469999999995,9215.83,26.5,68.61,46.3,0.33499999999999996,-0.015844011,0.0,28.25,3.18,0.816,20.6,-19.9,66.6,79.0,11.08,-2.208,82.6
2022-12-03 12:27:59.999999+00:00,5001,0.1,0.16,0.0,8635,11362,0.49,643.1,0.075464895,4552,36.30000000000001,0.45,11.99,0.04518210699999999,9214.32,26.5,68.61,46.3,0.33099999999999996,-0.015582126,0.0,28.25,3.17,0.815,20.6,-19.9,66.5,78.9,10.989000000000003,-2.605,82.4
2022-12-03 12:29:00+00:00,5000,0.09,0.14,0.0,8642,11368,0.56,644.6,0.049630764,4552,36.2,0.5800000000000001,10.120000000000001,0.044435296,9213.84,26.5,68.61999999999999,46.3,0.325,-0.01532457,0.0,28.259999999999998,3.17,0.815,20.6,-19.8,66.5,78.9,10.928,-2.715,82.4
2022-12-03 12:30:00+00:00,5000,0.08,0.14,0.0,8641,11366,0.55,644.4,0.073397198,4554,36.2,0.53,10.57,0.043700828,9213.719999999998,26.5,68.61999999999999,46.3,0.33099999999999996,-0.015071271999999998,0.0,28.24,3.18,0.815,20.6,-19.8,66.5,78.9,10.926,-2.4549999999999996,82.4
2022-12-03 12:30:59.999999+00:00,5011,0.07,0.19,0.0,8638,11362,0.51,643.1,0.059890633000000006,4550,36.2,0.56,11.76,0.042978499999999996,9214.43,26.5,68.61,46.3,0.321,0.08352494800000004,0.0,28.25,3.18,0.815,20.6,-19.9,66.5,78.9,11.061,-2.3069999999999995,82.3
2022-12-03 12:32:00+00:00,5000,0.13,0.22,0.0,8633,11357,0.55,642.7,0.009727151000000002,4546,36.2,0.49,11.76,0.029974722999999995,9215.57,26.4,68.63,46.3,0.328,0.08214437000000002,0.0,28.25,3.18,0.815,20.6,-20.0,66.4,78.9,10.901,-2.578,82.3
2022-12-03 12:32:59.999999+00:00,4999,0.11,0.17,0.0,8634,11359,0.49,642.5,0.021859759999999995,4557,36.2,0.5,12.0,0.041772662,9214.449999999999,26.4,68.61999999999999,46.3,0.32999999999999996,0.080786612,0.0,28.25,3.17,0.816,20.6,-20.1,66.5,78.8,11.047999999999998,-2.713,82.3
2022-12-03 12:33:59.999999+00:00,5004,0.15000000000000002,0.16,0.0,8635,11360,0.5,642.6,0.05837860699999999,4555,36.2,0.52,11.84,0.028788816,9213.9,26.4,68.61,46.3,0.329,-0.018895811999999998,0.0,28.22,3.17,0.816,20.6,-20.3,66.4,78.8,10.985000000000001,-2.8419999999999996,82.3
2022-12-03 12:35:00+00:00,5006,0.11,0.18,0.0,8633,11363,0.51,643.2,0.020533506,4559,36.30000000000001,0.55,10.91,0.028312967999999997,9214.859999999999,26.4,68.61,46.3,0.327,-0.018583484,0.0,28.22,3.18,0.815,20.6,-20.2,66.4,78.8,11.431000000000001,-2.8499999999999996,82.3
2022-12-03 12:35:59.999999+00:00,4998,0.1,0.18,0.0,8636,11360,0.52,642.9,0.04478088599999999,4558,36.2,0.47000000000000003,10.52,0.027844985,9214.049999999997,26.4,68.61999999999999,46.3,0.33099999999999996,-0.018276318999999996,0.0,28.22,3.18,0.815,20.6,-20.0,66.4,78.8,11.266,-2.8409999999999997,82.3
2022-12-03 12:36:59.999999+00:00,5000,0.11,0.16,0.0,8638,11366,0.55,644.1,-0.005132847,4559,36.2,0.51,10.49,0.027384736999999996,9214.640000000001,26.4,68.63,46.3,0.33599999999999997,-0.017974230999999997,0.0,28.25,3.17,0.816,20.6,-20.0,66.4,78.8,11.399000000000001,-2.5309999999999997,82.3
2022-12-03 12:38:00+00:00,5005,0.11,0.18,0.0,8642,11367,0.53,644.3,0.044125546999999994,4559,36.30000000000001,0.49,9.66,0.026932097,9214.09,26.4,68.64,46.3,0.32999999999999996,0.08066997100000002,0.0,28.22,3.18,0.816,20.6,-19.7,66.4,78.9,11.503,-2.483,82.3
2022-12-03 12:38:59.999999+00:00,4994,0.11,0.19,0.0,8641,11366,0.51,644.1,0.043396199,4557,36.2,0.51,10.56,0.026486938,9214.09,26.4,68.61999999999999,46.3,0.33199999999999996,0.07933658300000002,0.0,28.21,3.17,0.814,20.6,-19.7,66.4,78.9,11.368,-2.3309999999999995,82.3
2022-12-03 12:39:59.999999+00:00,4998,0.08,0.17,0.0,8640,11367,0.54,644.2,0.018092129,4558,36.30000000000001,0.5,9.83,0.038342525999999995,9214.91,26.4,68.61999999999999,46.3,0.32999999999999996,-0.020321873,0.0,28.22,3.17,0.816,20.6,-19.8,66.5,78.9,11.474,-2.241,82.4
2022-12-03 12:40:59.999999+00:00,4999,0.09,0.1,0.0,8644,11368,0.56,643.9,0.017793086,4556,36.2,0.53,9.8,0.025415377000000003,9213.76,26.4,68.6,46.3,0.325,-0.019985974,0.0,28.22,3.17,0.816,20.6,-19.9,66.4,78.9,11.540999999999999,-2.184,82.4
2022-12-03 12:41:59.999998+00:00,4994,0.1,0.2,0.0,8643,11366,0.53,643.7,0.054379150999999994,4557,36.2,0.55,10.33,0.037288677,9214.78,26.4,68.61999999999999,46.3,0.324,0.07869147999999998,0.0,28.24,3.18,0.815,20.6,-19.7,66.5,78.9,11.545,-2.173,82.3
2022-12-03 12:42:59.999999+00:00,4992,0.08,0.19,0.0,8642,11366,0.53,643.9,0.053480322,4547,36.30000000000001,0.56,9.360000000000001,0.024378946,9214.84,26.4,68.61,46.3,0.32999999999999996,-0.020956313,0.0,28.2,3.17,0.816,20.6,-19.5,66.4,78.9,11.527999999999999,-2.131,82.4
2022-12-03 12:43:59.999999+00:00,4995,0.11,0.14,0.0,8638,11365,0.53,643.2,0.052596349,4554,36.2,0.53,9.66,0.036269377,9214.56,26.4,68.63,46.3,0.324,0.07773718,0.0,28.21,3.17,0.814,20.6,-20.0,66.5,78.9,11.481,-2.179,82.4
2022-12-03 12:45:00+00:00,5005,0.07,0.15000000000000002,0.0,8639,11367,0.53,644.2,0.051726988,4555,36.30000000000001,0.45,8.98,0.035669883,9215.66,26.4,68.61,46.3,0.33299999999999996,-0.02189484,0.0,28.22,3.18,0.817,20.6,-19.9,66.5,79.0,11.322000000000001,-2.4219999999999997,82.4
2022-12-03 12:46:00+00:00,4992,0.1,0.12000000000000001,0.0,8640,11366,0.54,643.6,0.075458774,4556,36.30000000000001,0.52,9.18,0.035080298,9214.04,26.4,68.61999999999999,46.3,0.33099999999999996,-0.021532942,0.0,28.24,3.17,0.816,20.6,-19.8,66.5,79.0,11.385000000000002,-2.4559999999999995,82.4
2022-12-03 12:47:00+00:00,5008,0.1,0.23,0.0,8639,11365,0.5,643.9,0.049624743999999985,4555,36.30000000000001,0.54,9.93,0.03450045899999999,9215.1,26.4,68.61999999999999,46.3,0.329,0.077170082,0.0,28.21,3.18,0.816,20.6,-19.7,66.5,79.0,11.416,-2.2359999999999998,82.4
2022-12-03 12:47:59.999999+00:00,5006,0.1,0.15000000000000002,0.0,8636,11366,0.5,643.5,0.036511112,4558,36.30000000000001,0.51,9.700000000000001,0.033930203,9215.28,26.4,68.63,46.3,0.328,-0.022452563999999998,0.0,28.24,3.18,0.816,20.6,-20.0,66.5,79.0,11.793000000000001,-2.368,82.4
2022-12-03 12:49:00+00:00,5006,0.13,0.14,0.0,8637,11365,0.48000000000000004,643.4,0.048201010999999995,4555,36.30000000000001,0.49,9.8,0.033369373,9215.03,26.4,68.61,46.3,0.32999999999999996,0.07626565999999999,0.0,28.21,3.18,0.816,20.6,-20.0,66.5,79.0,11.75,-2.4619999999999997,82.4
2022-12-03 12:49:59.999999+00:00,5010,0.13,0.14,0.0,8637,11364,0.52,643.6,0.059697689,4561,36.30000000000001,0.52,9.71,0.032817813,9214.76,26.4,68.61999999999999,46.3,0.33399999999999996,-0.023342035999999997,0.0,28.24,3.18,0.816,20.6,-20.0,66.5,79.0,11.59,-2.5759999999999996,82.4
2022-12-03 12:50:59.999999+00:00,4997,0.14,0.22,0.0,8634,11362,0.49,643.1,0.034124172999999994,4557,36.30000000000001,0.55,11.139999999999999,0.032275370000000005,9215.230000000001,26.4,68.61,46.3,0.329,0.07539089,0.0,28.22,3.18,0.8120000000000002,20.6,-20.2,66.5,79.0,11.635,-2.538,82.4
2022-12-03 12:51:59.999999+00:00,4991,0.14,0.2800000000000001,0.0,8634,11361,0.47000000000000003,642.6,0.04585352599999999,4545,36.30000000000001,0.56,11.84,0.031741893,9214.730000000001,26.4,68.61999999999999,46.3,0.327,0.074144759,0.0,28.24,3.17,0.817,20.6,-20.3,66.5,79.0,11.46,-2.761,82.4
2022-12-03 12:53:00+00:00,5000,0.07,0.17,0.0,8631,11360,0.51,642.9,0.03280222800000001,4559,36.30000000000001,0.55,10.44,0.031217234,9215.42,26.4,68.63,46.3,0.328,-0.025427880999999996,0.0,28.21,3.19,0.814,20.6,-20.3,66.5,79.0,11.323,-2.666,82.4
2022-12-03 12:53:59.999999+00:00,5004,0.12000000000000001,0.24000000000000002,0.0,8633,11362,0.55,643.2,0.007673265,4561,36.30000000000001,0.57,11.27,0.030701246,9214.83,26.3,68.63,46.3,0.325,-0.025007586,0.0,28.22,3.18,0.815,20.6,-20.4,66.5,79.0,11.318,-2.9019999999999997,82.4
2022-12-03 12:55:00+00:00,4999,0.08,0.22,0.0,8632,11361,0.51,643.0,0.0075464339999999994,4553,36.30000000000001,0.59,11.41,0.030193787999999996,9214.59,26.4,68.61999999999999,46.3,0.324,0.07375287,0.0,28.2,3.17,0.816,20.6,-20.4,66.5,79.0,11.325000000000001,-2.8329999999999997,82.4
2022-12-03 12:56:00+00:00,5000,0.14,0.15000000000000002,0.0,8634,11362,0.55,643.2,0.007421700000000001,4558,36.30000000000001,0.53,10.729999999999999,0.029694716999999995,9215.26,26.4,68.61999999999999,46.3,0.33399999999999996,-0.025813293,0.0,28.22,3.17,0.815,20.6,-20.0,66.5,79.0,11.292,-2.828,82.4
2022-12-03 12:56:59.999999+00:00,5002,0.09,0.17,0.0,8638,11360,0.55,643.5,0.044179192999999985,4559,36.30000000000001,0.49,11.25,0.029203895,9214.459999999995,26.4,68.63,46.3,0.328,-0.02538662699999999,0.0,28.22,3.18,0.816,20.6,-20.0,66.5,79.0,11.375,-2.737,82.4
2022-12-03 12:58:00+00:00,5000,0.11,0.16,0.0,8635,11362,0.48000000000000004,643.3,0.006568793,4554,36.30000000000001,0.52,11.06,0.028721185999999996,9214.349999999999,26.4,68.61,46.3,0.32999999999999996,-0.024967012999999996,0.0,28.24,3.17,0.815,20.6,-20.1,66.5,79.0,11.555000000000001,-2.4709999999999996,82.4
2022-12-03 12:59:00+00:00,5005,0.11,0.2,0.0,8634,11362,0.52,642.9,0.006460218,4552,36.30000000000001,0.54,11.76,0.015953066999999998,9215.39,26.4,68.61999999999999,46.3,0.323,0.07379277200000002,0.0,28.21,3.17,0.814,20.6,-20.2,66.4,78.9,11.458,-2.527,82.4
2022-12-03 12:59:59.999999+00:00,5003,0.11,0.2,0.0,8636,11360,0.56,642.6,0.030940214,4545,36.30000000000001,0.54,10.83,0.027982768999999998,9215.09,26.4,68.63,46.3,0.33099999999999996,-0.025774050999999996,0.0,28.22,3.18,0.816,20.6,-20.3,66.5,79.0,11.471,-2.597,82.4
2022-12-03 13:00:59.999999+00:00,5003,0.15000000000000002,0.19,0.0,8633,11357,0.52,642.1,-0.006451360000000001,4552,36.30000000000001,0.5800000000000001,12.5,0.015226855,9215.359999999999,26.4,68.63,46.3,0.324,-0.025348032999999996,0.0,28.24,3.18,0.816,20.6,-20.3,66.4,78.9,10.974,-2.884,82.4
2022-12-03 13:02:00+00:00,4993,0.11,0.2,0.0,8635,11358,0.5,642.5,-0.006344725999999999,4547,36.30000000000001,0.61,11.15,0.014975171999999998,9214.62,26.3,68.63,46.3,0.32999999999999996,-0.024929056999999998,0.0,28.21,3.17,0.814,20.6,-20.1,66.4,78.9,11.061,-2.9419999999999997,82.4
2022-12-03 13:02:59.999999+00:00,5003,0.1,0.21000000000000002,0.0,8633,11358,0.52,642.8,-0.006239854,4550,36.30000000000001,0.5800000000000001,11.48,0.014727647999999996,9214.62,26.3,68.61999999999999,46.3,0.33099999999999996,-0.024517007,0.0,28.21,3.18,0.816,20.6,-20.3,66.4,79.0,11.061,-2.9419999999999997,82.4
2022-12-03 13:04:00+00:00,4995,0.06,0.16,0.0,8628,11353,0.52,641.8,0.006156672,4552,36.30000000000001,0.59,10.850000000000001,0.014484215999999996,9214.469999999996,26.3,68.63,46.3,0.328,0.07423534,0.0,28.22,3.17,0.814,20.6,-20.3,66.4,78.9,11.283000000000001,-2.827,82.3
2022-12-03 13:05:00+00:00,4995,0.09,0.23,0.0,8628,11353,0.49,641.8,-0.006238479,4552,36.30000000000001,0.5,11.54,0.014244807,9215.93,26.3,68.63,46.3,0.328,-0.025338798,0.0,28.22,3.17,0.815,20.6,-20.4,66.4,78.8,11.085000000000003,-2.79,82.3
2022-12-03 13:05:59.999999+00:00,4988,0.12000000000000001,0.1,0.0,8630,11355,0.49,642.0,-0.018428752,4549,36.30000000000001,0.56,11.06,0.014009355999999997,9215.19,26.3,68.63,46.3,0.327,-0.024919973999999998,0.0,28.22,3.17,0.814,20.6,-20.5,66.4,78.8,11.256,-2.9129999999999994,82.3
2022-12-03 13:07:00+00:00,4993,0.13,0.2,0.0,8638,11360,0.45,643.0,0.006462632,4553,36.30000000000001,0.54,10.139999999999999,0.013777795999999998,9214.25,26.3,68.61,46.3,0.33099999999999996,-0.024508073999999994,0.0,28.21,3.16,0.815,20.6,-20.0,66.4,78.9,11.174000000000001,-3.068,82.3
2022-12-03 13:08:00+00:00,4999,0.11,0.17,0.0,8639,11364,0.51,643.5,-0.018230965,4544,36.30000000000001,0.52,11.450000000000001,0.013550063999999999,9212.52,26.4,68.61999999999999,46.3,0.327,-0.02410298199999999,0.0,28.18,3.17,0.814,20.6,-19.8,66.4,78.9,11.219,-2.7359999999999998,82.3
2022-12-03 13:09:00+00:00,5000,0.11,0.13,0.0,8629,11355,0.52,642.2,0.006657149999999999,4543,36.30000000000001,0.52,11.860000000000001,0.013326095999999999,9214.31,26.3,68.61999999999999,46.3,0.325,0.074642522,0.0,28.22,3.17,0.814,20.6,-20.0,66.4,78.9,11.139999999999999,-2.3769999999999993,82.3
2022-12-03 13:09:59.999999+00:00,5000,0.13,0.19,0.0,8629,11355,0.53,642.2,0.006547113999999999,4543,36.30000000000001,0.53,10.46,0.025399219,9216.02,26.3,68.61999999999999,46.3,0.325,-0.024938346,0.0,28.22,3.17,0.815,20.6,-20.3,66.5,78.9,10.91,-2.569,82.3
2022-12-03 13:11:00+00:00,5004,0.14,0.12000000000000001,0.0,8630,11356,0.48000000000000004,641.8,-0.005854490999999998,4547,36.30000000000001,0.5,11.2,0.012686008,9215.28,26.3,68.61,46.3,0.325,-0.024526141999999997,0.0,28.2,3.17,0.814,20.6,-20.3,66.4,78.9,11.008000000000001,-2.9309999999999996,82.3
2022-12-03 13:12:00+00:00,4993,0.09,0.12000000000000001,0.0,8627,11354,0.5,642.0,-0.005757721999999999,4541,36.30000000000001,0.55,11.4,0.012476321999999998,9214.54,26.3,68.61,46.3,0.33199999999999996,-0.024120750999999992,0.0,28.22,3.18,0.814,20.6,-20.3,66.4,78.9,11.151,-2.8979999999999997,82.3
2022-12-03 13:13:00+00:00,4999,0.18,0.11,0.0,8636,11360,0.55,643.1,0.006630834999999998,4551,36.30000000000001,0.53,10.8,0.024563489999999993,9213.879999999996,26.4,68.61,46.3,0.33599999999999997,0.07462504599999999,0.0,28.21,3.18,0.814,20.6,-20.0,66.5,79.0,11.233,-2.782,82.3
2022-12-03 13:14:00+00:00,5004,0.08,0.29000000000000004,0.0,8639,11366,0.54,643.8,0.006521234,4556,36.30000000000001,0.54,10.41,0.024157481999999994,9214.209999999997,26.3,68.63,46.3,0.329,-0.024955532999999995,0.0,28.2,3.18,0.814,20.6,-20.0,66.5,79.0,11.266,-2.5989999999999998,82.3
2022-12-03 13:15:00+00:00,5001,0.1,0.22,0.0,8639,11365,0.51,643.5,0.04329361100000001,4561,36.30000000000001,0.49,11.82,0.011464797,9215.18,26.4,68.61,46.3,0.326,0.07380406199999999,0.0,28.2,3.17,0.815,20.6,-20.0,66.4,79.0,11.359000000000002,-2.707,82.3
2022-12-03 13:16:00+00:00,5001,0.11,0.2,0.0,8641,11370,0.56,644.5,0.04257801399999999,4556,36.30000000000001,0.53,13.219999999999999,0.02356868399999999,9215.0,26.3,68.61,46.3,0.326,-0.025762947,0.0,28.21,3.18,0.816,20.6,-19.8,66.5,79.0,11.356000000000002,-2.688,82.3
2022-12-03 13:17:00+00:00,4995,0.15000000000000002,0.09,0.0,8642,11372,0.54,645.0,0.04187424499999999,4555,36.30000000000001,0.51,10.41,0.023179118999999998,9213.629999999997,26.3,68.61999999999999,46.3,0.327,-0.025337113,0.0,28.21,3.17,0.814,20.6,-19.5,66.5,79.0,11.629,-2.4389999999999996,82.3
2022-12-03 13:17:59.999999+00:00,5008,0.1,0.16,0.0,8643,11364,0.52,643.6,0.07806227400000001,4554,36.30000000000001,0.53,11.92,0.022795993,9214.68,26.3,68.61999999999999,46.3,0.33299999999999996,0.07342878999999998,0.0,28.21,3.19,0.815,20.6,-20.0,66.5,79.0,11.573,-2.173,82.4
2022-12-03 13:18:59.999999+00:00,5005,0.12000000000000001,0.13,0.0,8637,11363,0.49,643.1,0.0644786,4557,36.30000000000001,0.53,11.239999999999998,0.03471258899999999,9217.18,26.3,68.61,46.3,0.33199999999999996,-0.026132017000000004,0.0,28.21,3.19,0.815,20.6,-20.2,66.6,79.0,11.387,-2.4819999999999998,82.4
2022-12-03 13:20:00+00:00,5002,0.09,0.11,0.0,8639,11363,0.51,643.5,0.038826060999999995,4560,36.30000000000001,0.54,11.52,0.021845438000000002,9215.51,26.3,68.63,46.3,0.33199999999999996,0.07264702499999999,0.0,28.21,3.18,0.815,20.6,-20.0,66.5,79.0,11.554,-2.6189999999999998,82.4
2022-12-03 13:21:00+00:00,5001,0.15000000000000002,0.16,0.0,8637,11364,0.53,643.3,0.038184308,4557,36.30000000000001,0.54,11.229999999999999,0.021484357,9214.7,26.3,68.63,46.3,0.33699999999999997,-0.026900859999999995,0.0,28.22,3.18,0.815,20.6,-20.0,66.5,79.0,11.62,-2.583,82.4
2022-12-03 13:22:00+00:00,5000,0.1,0.24000000000000002,0.0,8636,11361,0.46,643.1,0.025259774,4555,36.30000000000001,0.54,10.6,0.021129243,9215.0,26.3,68.63,46.3,0.324,0.07189088999999999,0.0,28.21,3.18,0.814,20.6,-20.2,66.5,79.0,11.643999999999998,-2.46,82.4
2022-12-03 13:23:00+00:00,4999,0.13,0.24000000000000002,0.0,8635,11360,0.46,642.7,0.037135646,4558,36.30000000000001,0.54,10.97,0.02078,9215.76,26.3,68.63,46.3,0.329,0.07070261100000001,0.0,28.21,3.17,0.816,20.6,-20.2,66.5,78.9,11.543999999999999,-2.628,82.4
2022-12-03 13:24:00+00:00,5002,0.11,0.18,0.0,8632,11359,0.42000000000000004,642.4,-0.00035833200000000005,4553,36.2,0.56,11.709999999999999,0.008143139999999998,9215.799999999997,26.3,68.63,46.3,0.326,-0.028813135,0.0,28.21,3.18,0.815,20.6,-20.5,66.4,78.9,11.573,-2.738,82.4
2022-12-03 13:25:00+00:00,5003,0.13,0.16,0.0,8630,11357,0.48000000000000004,642.0,-0.000352409,4556,36.2,0.5800000000000001,10.62,0.008008543000000003,9215.69,26.3,68.63,46.3,0.33199999999999996,-0.028336884999999992,0.0,28.21,3.17,0.815,20.6,-20.5,66.4,78.9,11.423,-2.905,82.4
2022-12-03 13:25:59.999999+00:00,5005,0.1,0.21000000000000002,0.0,8632,11355,0.48000000000000004,642.0,-0.012639972999999997,4555,36.30000000000001,0.54,10.06,0.00787617,9214.92,26.4,68.61,46.3,0.32999999999999996,0.070478601,0.0,28.21,3.17,0.815,20.6,-20.4,66.4,78.9,11.464,-2.883,82.3
2022-12-03 13:26:59.999999+00:00,5006,0.08,0.2,0.0,8630,11354,0.48000000000000004,641.9,-0.000137659,4553,36.30000000000001,0.53,9.960000000000003,0.007745985999999998,9216.049999999997,26.4,68.61999999999999,46.3,0.328,-0.029033442000000003,0.0,28.21,3.18,0.815,20.6,-20.5,66.4,78.9,11.521,-2.717,82.3
2022-12-03 13:27:59.999999+00:00,4995,0.15000000000000002,0.17,0.0,8627,11351,0.5,641.6,-0.024722160999999993,4549,36.30000000000001,0.57,10.050000000000002,0.007617952999999999,9215.879999999996,26.3,68.61999999999999,46.3,0.326,-0.028553549999999994,0.0,28.21,3.18,0.814,20.6,-20.6,66.4,78.9,11.431000000000001,-2.8139999999999996,82.3
2022-12-03 13:28:59.999999+00:00,5005,0.13,0.25,0.0,8630,11354,0.53,641.4,-0.024313529999999996,4545,36.30000000000001,0.55,10.15,-0.004801352000000001,9215.17,26.3,68.61999999999999,46.3,0.323,0.070265517,0.0,28.22,3.18,0.815,20.6,-20.5,66.3,78.8,11.49,-2.8049999999999997,82.3
2022-12-03 13:30:00+00:00,5009,0.14,0.12000000000000001,0.0,8626,11353,0.5,641.7,-0.03620504200000001,4550,36.30000000000001,0.53,8.66,-0.004721991,9215.84,26.3,68.61999999999999,46.3,0.329,0.069104103,0.0,28.21,3.18,0.815,20.6,-20.7,66.3,78.8,11.39,-2.8099999999999996,82.3
2022-12-03 13:31:00+00:00,5006,0.13,0.19,0.0,8625,11350,0.49,641.0,-0.0479,4553,36.30000000000001,0.56,9.620000000000001,-0.004643941999999999,9215.369999999999,26.3,68.63,46.3,0.33299999999999996,0.06796188599999999,0.0,28.21,3.18,0.815,20.6,-20.7,66.3,78.9,11.38,-3.0159999999999996,82.3
2022-12-03 13:31:59.999999+00:00,5005,0.15000000000000002,0.23,0.0,8625,11351,0.49,641.4,-0.034814876,4549,36.30000000000001,0.45,9.540000000000001,-0.004567181999999999,9215.449999999999,26.3,68.61,46.3,0.32999999999999996,-0.03150855799999999,0.0,28.22,3.17,0.815,20.6,-20.6,66.3,78.8,11.367000000000003,-3.073,82.2
2022-12-03 13:32:59.999999+00:00,5003,0.11,0.13,0.0,8628,11354,0.5800000000000001,642.3,-0.021946034999999996,4552,36.2,0.55,10.09,-0.004491692000000001,9214.740000000002,26.3,68.63,46.3,0.32999999999999996,0.067359352,0.0,28.21,3.17,0.813,20.6,-20.5,66.3,78.8,11.258000000000001,-2.929,82.2
2022-12-03 13:34:00+00:00,5003,0.11,0.13,0.0,8628,11354,0.5800000000000001,642.3,-0.02158329,4552,36.2,0.55,10.09,-0.004417449,9214.740000000002,26.3,68.63,46.3,0.329,0.06624597399999999,0.0,28.21,3.17,0.813,20.6,-20.5,66.3,78.8,11.258000000000001,-2.929,82.2
2022-12-03 13:34:59.999999+00:00,4996,0.14,0.15000000000000002,0.0,8629,11353,0.55,641.6,-0.04581331899999999,4550,36.30000000000001,0.5800000000000001,9.75,-0.004344433,9216.049999999997,26.3,68.61999999999999,46.3,0.329,0.065151,0.0,28.21,3.17,0.814,20.6,-20.6,66.3,78.8,11.283000000000001,-2.8489999999999998,82.2
2022-12-03 13:35:59.999999+00:00,5000,0.11,0.15000000000000002,0.0,8630,11353,0.46,641.7,-0.008175907999999999,4547,36.2,0.54,10.350000000000001,-0.004272624,9215.7,26.3,68.63,46.3,0.327,0.064074124,0.0,28.18,3.17,0.814,20.6,-20.5,66.3,78.8,11.102,-3.081,82.2
2022-12-03 13:36:59.999998+00:00,4997,0.14,0.19,0.0,8627,11354,0.5800000000000001,641.9,-0.008040769,4557,36.2,0.57,10.41,-0.016495391,9215.4,26.3,68.63,46.3,0.327,-0.03533205999999999,0.0,28.21,3.17,0.814,20.6,-20.5,66.2,78.7,11.143999999999998,-3.0319999999999996,82.2
2022-12-03 13:38:00+00:00,5000,0.14,0.17,0.0,8630,11356,0.57,642.7,-0.007907864,4553,36.2,0.57,10.62,-0.01622274,9215.04,26.3,68.61999999999999,46.3,0.328,0.06359904799999999,0.0,28.2,3.17,0.813,20.6,-20.4,66.2,78.8,11.219999999999999,-3.005,82.2
2022-12-03 13:38:59.999999+00:00,5002,0.12000000000000001,0.17,0.0,8637,11360,0.53,643.0,-0.0077771559999999995,4549,36.30000000000001,0.54,10.76,-0.003661207,9214.27,26.3,68.61999999999999,46.3,0.33199999999999996,0.062547824,0.0,28.21,3.17,0.814,20.6,-20.1,66.3,78.8,11.493,-2.781,82.2
2022-12-03 13:40:00+00:00,5004,0.18,0.17,0.0,8633,11361,0.49,643.2,0.029231558,4554,36.30000000000001,0.53,10.200000000000001,0.008692697000000003,9214.89,26.3,68.61999999999999,46.3,0.329,-0.036833132000000005,0.0,28.2,3.17,0.813,20.6,-20.1,66.4,78.9,11.274000000000001,-2.6319999999999997,82.3
2022-12-03 13:41:00+00:00,4997,0.18,0.17,0.0,8636,11357,0.49,642.7,0.05333516799999999,4552,36.30000000000001,0.53,10.200000000000001,0.008549016,9214.89,26.3,68.61,46.3,0.329,-0.036224319,0.0,28.21,3.17,0.815,20.6,-20.2,66.4,78.9,11.236,-2.743,82.3
2022-12-03 13:41:59.999999+00:00,4999,0.1,0.2,0.0,8637,11363,0.51,643.3,0.040160207,4549,36.30000000000001,0.56,10.38,0.00840771,9215.54,26.3,68.61999999999999,46.3,0.325,-0.03562557,0.0,28.2,3.17,0.814,20.6,-19.9,66.4,78.9,11.139999999999999,-2.607,82.3
2022-12-03 13:43:00+00:00,4998,0.16,0.16,0.0,8634,11357,0.49,642.8,0.027203013000000005,4552,36.30000000000001,0.54,10.31,0.00826874,9214.81,26.3,68.61999999999999,46.3,0.33499999999999996,0.063310389,0.0,28.2,3.17,0.814,20.6,-20.2,66.4,78.9,11.287,-2.4379999999999997,82.3
2022-12-03 13:44:00+00:00,5006,0.12000000000000001,0.14,0.0,8631,11358,0.55,642.5,0.026753377000000002,4550,36.2,0.55,9.790000000000001,0.008132067000000002,9216.43,26.3,68.61,46.3,0.33099999999999996,0.062263937,0.0,28.2,3.18,0.814,20.6,-20.4,66.4,78.9,11.370000000000001,-2.525,82.3
2022-12-03 13:44:59.999999+00:00,5006,0.12000000000000001,0.14,0.0,8631,11358,0.55,642.5,0.026311172000000004,4550,36.2,0.55,9.790000000000001,0.007997652,9216.43,26.3,68.61,46.3,0.33099999999999996,0.061234780999999995,0.0,28.2,3.18,0.814,20.6,-20.4,66.4,78.9,11.370000000000001,-2.525,82.3
2022-12-03 13:45:59.999999+00:00,5002,0.15000000000000002,0.16,0.0,8633,11356,0.54,642.6,0.025876277000000007,4548,36.30000000000001,0.54,9.68,0.00786546,9216.2,26.3,68.61999999999999,46.3,0.32999999999999996,-0.03812447199999999,0.0,28.21,3.17,0.814,20.6,-20.3,66.4,78.8,11.453000000000003,-2.682,82.3
2022-12-03 13:47:00+00:00,4998,0.17,0.19,0.0,8630,11359,0.5800000000000001,642.2,0.0008617929999999999,4550,36.30000000000001,0.49,9.350000000000001,0.007735452,9215.740000000002,26.2,68.63,46.3,0.33499999999999996,0.060852792,0.0,28.2,3.17,0.814,20.6,-20.5,66.4,78.9,11.466000000000003,-2.754,82.3
2022-12-03 13:48:00+00:00,4998,0.17,0.19,0.0,8630,11359,0.5800000000000001,642.2,0.0008475480000000003,4550,36.30000000000001,0.49,9.350000000000001,0.007607592999999999,9215.740000000002,26.2,68.63,46.3,0.33499999999999996,0.059846961,0.0,28.2,3.17,0.814,20.6,-20.5,66.4,78.9,11.466000000000003,-2.754,82.3
2022-12-03 13:49:00+00:00,5006,0.09,0.1,0.0,8629,11357,0.47000000000000003,642.4,-0.011459848999999998,4550,36.30000000000001,0.53,9.25,0.007481848000000001,9215.709999999997,26.2,68.63,46.3,0.33199999999999996,0.05885775499999999,0.0,28.21,3.18,0.814,20.6,-20.4,66.4,78.9,11.651,-2.6759999999999997,82.3
2022-12-03 13:50:00+00:00,4994,0.09,0.16,0.0,8633,11357,0.5,642.0,0.001022958,4556,36.30000000000001,0.56,9.34,0.007358180999999999,9215.219999999998,26.2,68.63,46.3,0.33199999999999996,0.05788489899999999,0.0,28.21,3.17,0.814,20.6,-20.4,66.4,78.9,11.736999999999998,-2.646,82.3
2022-12-03 13:50:59.999999+00:00,5001,0.11,0.14,0.0,8629,11355,0.51,642.0,-0.011287339,4555,36.30000000000001,0.54,8.91,0.007236558,9216.08,26.2,68.61999999999999,46.3,0.329,-0.04141898299999999,0.0,28.21,3.17,0.815,20.6,-20.3,66.4,78.8,11.516,-2.741,82.3
2022-12-03 13:52:00+00:00,4995,0.11,0.17,0.0,8629,11353,0.52,641.4,-0.047980936,4550,36.30000000000001,0.54,8.700000000000001,-0.005176443000000001,9216.11,26.2,68.63,46.3,0.33099999999999996,0.057612736,0.0,28.2,3.17,0.814,20.6,-20.8,66.3,78.8,11.444,-2.8129999999999997,82.2
2022-12-03 13:53:00+00:00,4998,0.14,0.09,0.0,8626,11353,0.49,641.9,-0.022601086000000003,4557,36.30000000000001,0.59,8.49,-0.005090881999999999,9216.740000000002,26.2,68.63,46.3,0.32999999999999996,0.056660458999999996,0.0,28.22,3.17,0.814,20.6,-20.7,66.3,78.8,11.290999999999999,-3.009,82.2
2022-12-03 13:53:59.999999+00:00,5007,0.14,0.09,0.0,8623,11348,0.49,641.3,-0.04681429100000001,4558,36.30000000000001,0.59,8.49,-0.005006735,9215.98,26.2,68.63,46.3,0.33299999999999996,0.055723922,0.0,28.18,3.17,0.814,20.6,-20.8,66.3,78.8,11.576000000000002,-2.944,82.2
2022-12-03 13:54:59.999999+00:00,5011,0.16,0.09,0.0,8627,11351,0.53,641.3,-0.021453725,4550,36.30000000000001,0.54,8.69,-0.004923979,9216.859999999999,26.2,68.63,46.3,0.33699999999999997,-0.04354424199999998,0.0,28.22,3.17,0.814,20.6,-20.7,66.3,78.8,11.438,-3.047,82.2
2022-12-03 13:56:00+00:00,5008,0.09,0.15000000000000002,0.0,8623,11349,0.5,641.2,-0.008805729000000002,4554,36.30000000000001,0.55,9.76,-0.017135978999999996,9215.730000000001,26.2,68.63,46.3,0.33199999999999996,0.055522605,0.0,28.2,3.17,0.814,20.6,-20.8,66.2,78.8,11.65,-2.8929999999999993,82.2
2022-12-03 13:57:00+00:00,5006,0.1,0.14,0.0,8625,11348,0.48000000000000004,640.9,-0.057833734000000005,4555,36.30000000000001,0.54,8.129999999999999,-0.016852739999999998,9215.709999999997,26.2,68.61999999999999,46.3,0.32999999999999996,0.05460487599999999,0.0,28.2,3.17,0.814,20.6,-20.8,66.2,78.8,11.447999999999999,-3.085,82.2
2022-12-03 13:57:59.999999+00:00,4999,0.09,0.14,0.0,8624,11351,0.52,641.2,-0.044584416,4556,36.30000000000001,0.53,8.47,-0.004280794,9215.869999999999,26.2,68.63,46.3,0.328,0.053702316,0.0,28.21,3.18,0.814,20.6,-20.8,66.3,78.8,11.679,-2.9569999999999994,82.2
2022-12-03 13:59:00+00:00,5003,0.14,0.09,0.0,8630,11354,0.5,642.0,-0.019260706,4548,36.30000000000001,0.48000000000000004,8.860000000000001,-0.004210036999999999,9215.219999999998,26.2,68.63,46.3,0.325,0.052814675000000005,0.0,28.21,3.17,0.815,20.6,-20.6,66.3,78.7,11.858000000000002,-2.8419999999999996,82.2
2022-12-03 14:00:00+00:00,5002,0.14,0.13,0.0,8628,11351,0.49,641.5,-0.018942348,4553,36.30000000000001,0.52,8.290000000000001,-0.0041404499999999995,9215.11,26.1,68.63,46.3,0.33199999999999996,0.051941704999999984,0.0,28.21,3.17,0.815,20.6,-20.7,66.3,78.8,11.58,-2.8379999999999996,82.2
2022-12-03 14:01:00+00:00,5005,0.13,0.13,0.0,8626,11350,0.53,641.6,0.0059575259999999994,4552,36.30000000000001,0.52,8.61,-0.004072011999999999,9217.04,26.1,68.61,46.3,0.326,0.05108316399999999,0.0,28.21,3.18,0.815,20.6,-20.7,66.3,78.7,11.343,-3.004,82.2
2022-12-03 14:02:00+00:00,5005,0.15000000000000002,0.1,0.0,8622,11350,0.53,640.8,0.005859054,4557,36.30000000000001,0.55,8.92,-0.004004705999999999,9216.62,26.2,68.63,46.3,0.328,0.05023881499999999,0.0,28.2,3.18,0.814,20.6,-20.8,66.3,78.7,11.392000000000001,-3.088,82.2
2022-12-03 14:02:59.999999+00:00,4999,0.13,0.22,0.0,8624,11348,0.42000000000000004,640.7,-0.006531178,4552,36.2,0.5800000000000001,8.350000000000001,-0.016231901,9216.349999999999,26.2,68.61999999999999,46.3,0.33099999999999996,0.04940842100000001,0.0,28.2,3.17,0.815,20.5,-20.9,66.2,78.7,11.481,-3.11,82.2
2022-12-03 14:03:59.999999+00:00,5006,0.1,0.13,0.0,8626,11351,0.5,641.3,-0.018716612999999997,4551,36.2,0.51,9.530000000000001,-0.015963605,9215.78,26.2,68.61999999999999,46.3,0.32999999999999996,-0.049755354999999994,0.0,28.18,3.18,0.814,20.6,-20.9,66.2,78.7,11.434000000000001,-3.0959999999999996,82.2
2022-12-03 14:05:00+00:00,5002,0.13,0.2,0.0,8627,11352,0.51,641.6,-0.006113859,4549,36.2,0.52,9.44,-0.015699744,9216.379999999996,26.1,68.63,46.3,0.327,-0.048932952,0.0,28.2,3.17,0.814,20.6,-20.7,66.2,78.7,11.268,-3.169,82.2
2022-12-03 14:06:00+00:00,5003,0.12000000000000001,0.14,0.0,8624,11350,0.48000000000000004,641.5,-0.006012802999999999,4553,36.2,0.55,9.6,-0.015440243999999999,9215.9,26.1,68.63,46.3,0.328,0.050222964999999994,0.0,28.21,3.18,0.814,20.6,-20.8,66.2,78.7,11.354000000000003,-2.9979999999999998,82.2
2022-12-03 14:07:00+00:00,4998,0.15000000000000002,0.14,0.0,8628,11351,0.47000000000000003,641.4,-0.042793584000000016,4552,36.30000000000001,0.47000000000000003,10.53,-0.015185034,9216.27,26.1,68.61,46.3,0.328,-0.04895427499999999,0.0,28.2,3.17,0.815,20.6,-20.8,66.2,78.7,11.313000000000002,-3.008,82.2
2022-12-03 14:08:00+00:00,5005,0.12000000000000001,0.13,0.0,8627,11353,0.54,641.6,-0.017499475,4551,36.2,0.49,9.19,-0.0026406529999999998,9216.57,26.1,68.61999999999999,46.3,0.328,0.050201994,0.0,28.2,3.18,0.811,20.6,-20.6,66.3,78.7,11.296000000000001,-2.9959999999999996,82.2
2022-12-03 14:09:00+00:00,5000,0.09,0.12000000000000001,0.0,8627,11352,0.46,642.2,-0.017210227,4548,36.30000000000001,0.53,8.89,-0.014890393999999998,9216.219999999998,26.1,68.61999999999999,46.3,0.324,0.04937220900000001,0.0,28.22,3.18,0.815,20.6,-20.9,66.2,78.7,11.391,-3.027,82.2
2022-12-03 14:10:00+00:00,5003,0.17,0.16,0.0,8625,11349,0.53,641.2,-0.004632372,4552,36.30000000000001,0.55,8.8,-0.014644271999999998,9216.92,26.1,68.61,46.3,0.33099999999999996,0.04855613999999999,0.0,28.21,3.17,0.815,20.6,-20.8,66.2,78.7,11.335000000000003,-3.049,82.2
2022-12-03 14:10:59.999999+00:00,4995,0.11,0.21000000000000002,0.0,8623,11342,0.44,640.6,-0.016849193,4546,36.2,0.54,8.01,-0.014402217999999998,9216.94,26.1,68.63,46.3,0.329,0.047753559,0.0,28.21,3.17,0.811,20.6,-21.0,66.2,78.7,11.42,-3.067,82.2
2022-12-03 14:11:59.999998+00:00,4995,0.11,0.21000000000000002,0.0,8623,11342,0.44,640.6,-0.016570692999999997,4546,36.2,0.54,8.01,-0.014164164999999998,9216.94,26.1,68.63,46.3,0.329,0.046964243999999995,0.0,28.21,3.17,0.811,20.6,-21.0,66.2,78.7,11.42,-3.067,82.2
2022-12-03 14:12:59.999999+00:00,4997,0.09,0.14,0.0,8620,11345,0.52,640.1,-0.040883575,4551,36.30000000000001,0.5,9.67,-0.026223435,9216.34,26.1,68.63,46.3,0.328,0.04618797599999999,0.0,28.21,3.17,0.816,20.6,-21.3,66.1,78.7,10.542,-3.297,82.2
2022-12-03 14:13:59.999999+00:00,4997,0.09,0.14,0.0,8620,11345,0.52,640.1,-0.040207812999999995,4551,36.30000000000001,0.5,9.67,-0.025789989,9216.34,26.1,68.63,46.3,0.328,0.045424537999999993,0.0,28.21,3.17,0.816,20.6,-21.3,66.1,78.7,10.542,-3.297,82.2
2022-12-03 14:14:59.999999+00:00,4997,0.12000000000000001,0.12000000000000001,0.0,8620,11345,0.44,640.1,-0.051836609,4551,36.2,0.53,8.700000000000001,-0.025363708999999998,9217.469999999996,26.1,68.63,46.3,0.328,0.044673719,0.0,28.21,3.17,0.815,20.6,-21.3,66.1,78.7,11.48,-3.44,82.2
2022-12-03 14:16:00+00:00,5004,0.12000000000000001,0.12000000000000001,0.0,8615,11343,0.44,640.2,-0.05097980599999999,4556,36.2,0.53,8.700000000000001,-0.024944473999999994,9217.469999999996,26.1,68.61,46.3,0.32999999999999996,0.04393531099999999,0.0,28.24,3.17,0.815,20.6,-21.3,66.1,78.7,11.48,-3.44,82.2
2022-12-03 14:16:59.999999+00:00,4996,0.08,0.08,0.0,8622,11346,0.44,640.6,-0.03784377600000001,4557,36.2,0.5,8.8,-0.024532168,9218.29,26.1,68.61999999999999,46.3,0.32999999999999996,0.04320910699999998,0.0,28.2,3.17,0.814,20.5,-21.1,66.1,78.6,11.434000000000001,-3.461,82.1
2022-12-03 14:17:59.999999+00:00,4996,0.08,0.08,0.0,8622,11346,0.44,640.6,-0.037218259,4557,36.2,0.5,8.8,-0.024126677999999995,9218.29,26.1,68.61999999999999,46.3,0.32999999999999996,0.042494907,0.0,28.2,3.17,0.814,20.5,-21.1,66.1,78.6,11.434000000000001,-3.461,82.1
2022-12-03 14:19:00+00:00,5003,0.12000000000000001,0.14,0.0,8624,11345,0.49,640.9,-0.04889647,4551,36.2,0.46,8.41,-0.023727889999999995,9219.629999999997,26.1,68.61999999999999,46.3,0.33299999999999996,0.041792512000000004,0.0,28.21,3.17,0.814,20.5,-21.0,66.1,78.6,10.99,-3.505,82.1
2022-12-03 14:19:59.999999+00:00,5000,0.1,0.17,0.0,8627,11349,0.5,640.8,-0.023501486999999998,4552,36.2,0.51,8.92,-0.023335692999999998,9219.18,26.1,68.61999999999999,46.3,0.328,0.041101725999999984,0.0,28.2,3.18,0.815,20.6,-20.9,66.1,78.6,10.813000000000002,-3.562,82.1
2022-12-03 14:20:59.999999+00:00,5006,0.14,0.14,0.0,8625,11348,0.47000000000000003,640.8,-0.02311303199999999,4552,36.2,0.54,8.460000000000003,-0.010656591,9218.879999999996,26.1,68.61,46.3,0.32999999999999996,0.04042235899999999,0.0,28.2,3.17,0.815,20.6,-20.9,66.2,78.7,10.942,-3.3509999999999995,82.1
2022-12-03 14:21:59.999999+00:00,5004,0.14,0.12000000000000001,0.0,8632,11355,0.53,641.8,-0.022730999,4550,36.2,0.48000000000000004,8.65,-0.022773838000000005,9219.48,26.1,68.61,46.3,0.327,0.03975422099999999,0.0,28.18,3.18,0.814,20.6,-20.6,66.1,78.7,10.957000000000003,-3.3099999999999996,82.1
2022-12-03 14:22:59.999999+00:00,5003,0.1,0.11,0.0,8634,11356,0.49,642.2,0.002231497,4552,36.2,0.6,9.6,-0.010104021999999999,9218.57,26.1,68.6,46.3,0.32999999999999996,0.039097126,0.0,28.2,3.18,0.815,20.6,-20.5,66.2,78.7,10.923,-2.9659999999999997,82.1
2022-12-03 14:23:59.999999+00:00,5003,0.1,0.11,0.0,8634,11356,0.49,642.2,0.0021946129999999998,4552,36.2,0.6,9.6,-0.009937013,9218.57,26.1,68.6,46.3,0.32999999999999996,0.038450893,0.0,28.2,3.18,0.815,20.6,-20.5,66.2,78.7,10.923,-2.9659999999999997,82.1
2022-12-03 14:25:00+00:00,5001,0.11,0.13,0.0,8637,11357,0.53,642.2,0.002158338,4552,36.2,0.57,9.450000000000001,-0.009772765000000001,9219.349999999999,26.1,68.61,46.3,0.325,0.037815341,0.0,28.2,3.18,0.815,20.5,-20.5,66.2,78.7,10.88,-2.9109999999999996,82.1
2022-12-03 14:25:59.999999+00:00,5009,0.19,0.1,0.0,8631,11355,0.46,642.5,0.0021226629999999995,4552,36.2,0.51,8.99,-0.009611231999999999,9219.15,26.1,68.61,46.2,0.32999999999999996,0.037190294,0.0,28.21,3.18,0.814,20.6,-20.5,66.2,78.7,10.755000000000003,-3.0309999999999997,82.1
2022-12-03 14:26:59.999999+00:00,4992,0.16,0.13,0.0,8632,11353,0.45,641.8,0.014380965999999997,4553,36.2,0.52,8.950000000000001,-0.009452369,9219.62,26.1,68.6,46.3,0.32999999999999996,0.036575578000000004,0.0,28.2,3.17,0.811,20.6,-20.7,66.2,78.7,10.98,-2.8329999999999997,82.2
2022-12-03 14:28:00+00:00,4992,0.16,0.13,0.0,8632,11353,0.45,641.8,0.014143263999999996,4553,36.2,0.52,8.950000000000001,-0.009296131000000001,9219.62,26.1,68.6,46.3,0.32999999999999996,0.035971023,0.0,28.2,3.17,0.811,20.6,-20.7,66.2,78.7,10.98,-2.8329999999999997,82.2
2022-12-03 14:29:00+00:00,4998,0.14,0.16,0.0,8628,11348,0.56,640.8,0.013909491000000001,4552,36.2,0.56,8.360000000000001,0.003150912,9219.31,26.1,68.6,46.3,0.32999999999999996,0.035376461,0.0,28.2,3.18,0.815,20.6,-20.8,66.3,78.7,11.079000000000002,-2.88,82.2
2022-12-03 14:29:59.999999+00:00,4997,0.13,0.16,0.0,8626,11349,0.47000000000000003,641.0,-0.010907194,4550,36.30000000000001,0.53,8.219999999999999,0.003098831,9220.26,26.1,68.6,46.3,0.33099999999999996,0.034791725999999995,0.0,28.21,3.19,0.815,20.5,-20.9,66.3,78.7,11.03,-3.018,82.2
2022-12-03 14:30:59.999999+00:00,5001,0.08,0.13,0.0,8624,11347,0.53,640.7,-0.01072691,4555,36.30000000000001,0.59,8.55,0.0030476110000000004,9219.39,26.1,68.6,46.3,0.328,0.03421665599999999,0.0,28.22,3.17,0.816,20.6,-21.2,66.3,78.7,10.917,-3.206,82.2
2022-12-03 14:32:00+00:00,5000,0.11,0.25,0.0,8621,11343,0.54,640.3,-0.010549605999999998,4555,36.30000000000001,0.51,9.040000000000001,0.002997237,9219.82,26.1,68.6,46.3,0.33099999999999996,0.033651092,0.0,28.18,3.17,0.815,20.5,-21.2,66.3,78.8,10.672000000000002,-3.485,82.2
2022-12-03 14:33:00+00:00,5000,0.11,0.11,0.0,8619,11340,0.52,639.6,-0.010375231999999996,4551,36.30000000000001,0.53,9.16,-0.009345692000000001,9220.299999999997,26.1,68.6,46.3,0.327,0.033094875,0.0,28.22,3.18,0.81,20.5,-21.3,66.2,78.7,10.669,-3.597,82.2
2022-12-03 14:34:00+00:00,5007,0.12000000000000001,0.18,0.0,8619,11340,0.57,639.6,-0.022497129,4551,36.30000000000001,0.55,8.71,-0.009191218,9219.240000000002,26.1,68.6,46.3,0.32999999999999996,0.032547853,0.0,28.2,3.18,0.811,20.5,-21.3,66.2,78.7,11.051,-3.6319999999999997,82.2
2022-12-03 14:35:00+00:00,5001,0.12000000000000001,0.15000000000000002,0.0,8617,11341,0.49,639.9,-0.022125276,4555,36.30000000000001,0.45,9.620000000000001,-0.021332685999999997,9219.240000000002,26.1,68.6,46.3,0.33399999999999996,0.032009871,0.0,28.2,3.18,0.816,20.5,-21.3,66.1,78.7,11.051,-3.6319999999999997,82.2
2022-12-03 14:35:59.999999+00:00,5001,0.08,0.11,0.0,8617,11333,0.59,638.9,-0.021759568999999996,4537,36.30000000000001,0.52,9.030000000000001,-0.020980079,9219.82,26.1,68.59,46.3,0.324,0.031480783,0.0,28.21,3.17,0.8120000000000002,20.5,-21.4,66.1,78.7,10.817,-3.728,82.1
2022-12-03 14:37:00+00:00,5000,0.12000000000000001,0.14,0.0,8618,11332,0.52,638.8,-0.04598668300000001,4544,36.30000000000001,0.44,8.370000000000003,-0.020633301000000003,9219.219999999998,26.0,68.6,46.3,0.324,0.030960438999999992,0.0,28.21,3.18,0.811,20.5,-21.4,66.1,78.7,10.639999999999999,-3.738,82.1
2022-12-03 14:37:59.999999+00:00,4998,0.13,0.14,0.0,8618,11334,0.54,638.5,-0.032933185,4540,36.30000000000001,0.53,8.129999999999999,-0.020292254999999995,9218.52,26.0,68.6,46.3,0.327,0.030448695999999997,0.0,28.21,3.18,0.811,20.5,-21.4,66.1,78.6,10.361000000000002,-3.669,82.1
2022-12-03 14:39:00+00:00,4993,0.13,0.14,0.0,8618,11338,0.49,639.0,-0.032388834,4536,36.30000000000001,0.52,8.4,-0.019956845999999997,9218.52,26.0,68.6,46.3,0.326,0.029945412,0.0,28.21,3.17,0.814,20.5,-21.4,66.1,78.6,10.361000000000002,-3.669,82.1
2022-12-03 14:39:59.999999+00:00,4993,0.13,0.14,0.0,8618,11338,0.47000000000000003,639.6,-0.04414686999999999,4539,36.30000000000001,0.53,8.350000000000001,-0.01962698,9218.549999999997,26.1,68.6,46.3,0.329,0.029450447,0.0,28.21,3.17,0.815,20.6,-21.2,66.1,78.6,10.475000000000001,-3.61,82.1
2022-12-03 14:41:00+00:00,4993,0.13,0.11,0.0,8621,11340,0.49,639.7,-0.031123780999999996,4539,36.30000000000001,0.51,8.93,-0.019302568,9217.68,26.0,68.59,46.3,0.326,0.028963661999999998,0.0,28.21,3.17,0.8200000000000001,20.6,-21.0,66.1,78.6,10.353000000000002,-3.508,82.0
2022-12-03 14:42:00+00:00,4989,0.13,0.14,0.0,8622,11340,0.56,639.8,-0.030609339000000003,4543,36.30000000000001,0.53,8.239999999999998,-0.018983517,9218.54,26.1,68.59,46.3,0.33399999999999996,0.028484923999999995,0.0,28.21,3.18,0.815,20.5,-21.1,66.1,78.6,10.189,-3.4729999999999994,82.0
2022-12-03 14:42:59.999999+00:00,4999,0.09,0.12000000000000001,0.0,8622,11340,0.55,640.0,0.006776766000000001,4544,36.30000000000001,0.5,8.370000000000003,-0.01866974,9218.66,26.1,68.6,46.3,0.328,0.028014098999999994,0.0,28.2,3.18,0.811,20.5,-21.0,66.1,78.6,10.197000000000001,-3.589,82.0
2022-12-03 14:44:00+00:00,5004,0.11,0.13,0.0,8624,11348,0.53,640.7,-0.005628634999999998,4554,36.2,0.48000000000000004,8.67,-0.018361149,9218.25,26.0,68.59,46.3,0.33099999999999996,0.027551055999999997,0.0,28.21,3.17,0.815,20.5,-20.9,66.1,78.6,10.336,-3.4549999999999996,82.0
2022-12-03 14:45:00+00:00,5004,0.14,0.12000000000000001,0.0,8613,11335,0.5,639.4,-0.030122376999999995,4551,36.2,0.5,8.040000000000001,-0.018057659,9219.61,26.0,68.59,46.3,0.32999999999999996,0.027095667000000004,0.0,28.2,3.18,0.811,20.5,-21.4,66.1,78.6,10.792,-3.259,82.0
2022-12-03 14:46:00+00:00,5004,0.14,0.12000000000000001,0.0,8613,11335,0.5,639.4,-0.02962448599999999,4551,36.2,0.5,8.040000000000001,-0.017759185,9219.61,26.0,68.59,46.3,0.32999999999999996,0.026647804,0.0,28.2,3.18,0.811,20.5,-21.4,66.1,78.6,10.792,-3.259,82.0
2022-12-03 14:47:00+00:00,5000,0.13,0.11,0.0,8616,11337,0.53,639.0,-0.029134824999999996,4551,36.2,0.5,8.540000000000001,-0.017465644999999995,9219.57,26.0,68.59,46.3,0.328,0.026207345000000007,0.0,28.18,3.18,0.815,20.5,-21.5,66.1,78.5,10.988,-3.602,82.0
2022-12-03 14:47:59.999999+00:00,5000,0.13,0.11,0.0,8616,11337,0.53,639.0,-0.028653258,4551,36.2,0.5,8.540000000000001,-0.017176956999999996,9219.57,26.0,68.59,46.3,0.328,0.025774165999999998,0.0,28.18,3.18,0.815,20.5,-21.5,66.1,78.5,10.988,-3.602,82.0
2022-12-03 14:48:59.999999+00:00,5002,0.12000000000000001,0.13,0.0,8613,11337,0.56,639.7,-0.040473039,4547,36.2,0.52,7.79,-0.01689304,9218.84,26.0,68.59,46.3,0.33399999999999996,0.025348146,0.0,28.21,3.18,0.8120000000000002,20.6,-21.6,66.1,78.5,11.132,-3.583,82.0
2022-12-03 14:50:00+00:00,5005,0.1,0.12000000000000001,0.0,8614,11334,0.54,638.4,-0.039804063,4547,36.2,0.5800000000000001,8.09,-0.016613816,9220.57,26.0,68.59,46.3,0.33199999999999996,0.024929168999999994,0.0,28.2,3.18,0.815,20.5,-21.7,66.1,78.5,11.092000000000002,-3.649,82.0
2022-12-03 14:51:00+00:00,5005,0.1,0.12000000000000001,0.0,8614,11334,0.54,638.4,-0.039146143999999994,4547,36.2,0.5800000000000001,8.09,-0.016339207999999997,9220.57,26.0,68.59,46.3,0.33199999999999996,0.024517116,0.0,28.2,3.18,0.815,20.5,-21.7,66.1,78.5,11.092000000000002,-3.649,82.0
2022-12-03 14:51:59.999999+00:00,4999,0.09,0.1,0.0,8609,11334,0.53,638.1,-0.05079248900000002,4551,36.2,0.47000000000000003,8.280000000000001,-0.02836252599999999,9219.799999999997,26.0,68.59,46.3,0.327,0.024111875,0.0,28.2,3.18,0.811,20.5,-22.0,66.0,78.4,11.194,-3.765,81.9
2022-12-03 14:53:00+00:00,4999,0.09,0.1,0.0,8609,11334,0.53,638.1,-0.049952944,4551,36.2,0.47000000000000003,8.280000000000001,-0.027893723999999998,9219.799999999997,26.0,68.59,46.3,0.327,0.023713330999999997,0.0,28.2,3.18,0.811,20.5,-22.0,66.0,78.4,11.194,-3.765,81.9
2022-12-03 14:54:00+00:00,5002,0.07,0.19,0.0,8610,11332,0.47000000000000003,638.0,-0.073714052,4550,36.2,0.52,8.61,-0.027432671000000002,9219.77,26.0,68.57,46.3,0.33199999999999996,0.023321374999999995,0.0,28.21,3.17,0.8120000000000002,20.5,-21.9,66.0,78.3,11.268,-3.824,81.9
2022-12-03 14:54:59.999999+00:00,5002,0.07,0.19,0.0,8610,11332,0.47000000000000003,638.0,-0.072495638,4550,36.2,0.52,8.61,-0.026979239000000002,9219.77,26.0,68.57,46.3,0.33199999999999996,0.022935898000000003,0.0,28.21,3.17,0.8120000000000002,20.5,-21.9,66.0,78.3,11.268,-3.824,81.9
2022-12-03 14:55:59.999999+00:00,4999,0.13,0.17,0.0,8615,11332,0.45,638.5,-0.05900397500000001,4549,36.2,0.49,9.25,-0.026533301000000002,9219.6,26.0,68.59,46.3,0.327,0.022556791999999996,0.0,28.2,3.18,0.815,20.5,-21.8,66.0,78.3,11.236999999999998,-3.9559999999999995,81.9
2022-12-03 14:56:59.999999+00:00,5002,0.09,0.11,0.0,8611,11334,0.5,638.9,-0.04573531399999999,4554,36.2,0.49,8.120000000000001,-0.026094733999999998,9220.379999999996,26.0,68.59,46.3,0.329,0.022183953,0.0,28.22,3.19,0.8120000000000002,20.5,-21.6,66.0,78.4,11.178,-3.8349999999999995,81.9
2022-12-03 14:57:59.999999+00:00,5002,0.09,0.11,0.0,8611,11334,0.5,638.9,-0.04497935799999999,4554,36.2,0.49,8.120000000000001,-0.025663415999999998,9220.379999999996,26.0,68.59,46.3,0.329,0.021817276000000003,0.0,28.22,3.19,0.8120000000000002,20.5,-21.6,66.0,78.4,11.178,-3.8349999999999995,81.9
2022-12-03 14:58:59.999999+00:00,5009,0.14,0.1,0.0,8614,11335,0.54,638.5,-0.056529285999999984,4552,36.2,0.43000000000000005,8.06,-0.037532616,9219.49,26.0,68.59,46.3,0.33499999999999996,0.021456659999999995,0.0,28.21,3.19,0.811,20.5,-21.7,65.9,78.4,11.239999999999998,-3.667,81.9
2022-12-03 14:59:59.999999+00:00,5001,0.11,0.17,0.0,8616,11333,0.54,638.5,-0.031008141,4545,36.2,0.46,8.71,-0.024618852999999996,9219.77,26.0,68.58,46.3,0.326,0.021102003999999997,0.0,28.22,3.17,0.811,20.5,-21.7,66.0,78.4,11.111,-3.738,81.9
2022-12-03 15:01:00+00:00,4996,0.07,0.13,0.0,8615,11334,0.49,638.6,-0.042788998,4546,36.2,0.49,8.65,-0.024211930000000003,9219.15,26.0,68.59,46.3,0.329,0.020753211,0.0,28.21,3.18,0.811,20.6,-21.5,66.0,78.4,11.063000000000002,-3.769,81.9
2022-12-03 15:01:59.999999+00:00,4996,0.07,0.13,0.0,8615,11334,0.49,638.6,-0.04208174199999999,4546,36.2,0.49,8.65,-0.023811732999999998,9219.15,26.0,68.59,46.3,0.329,0.020410183,0.0,28.21,3.18,0.811,20.6,-21.5,66.0,78.4,11.063000000000002,-3.769,81.9
2022-12-03 15:02:59.999998+00:00,5005,0.13,0.17,0.0,8617,11330,0.52,637.7,-0.053679564999999985,4539,36.2,0.53,8.98,-0.023418150999999995,9219.959999999995,26.0,68.57,46.3,0.328,0.020072824,0.0,28.22,3.18,0.8120000000000002,20.5,-21.7,66.0,78.4,10.952000000000002,-3.525,81.9
2022-12-03 15:03:59.999999+00:00,4997,0.07,0.11,0.0,8608,11326,0.46,637.4,-0.065085687,4539,36.2,0.49,8.16,-0.035324461999999994,9220.15,26.0,68.57,46.3,0.33299999999999996,-0.07860606499999999,0.0,28.21,3.17,0.811,20.5,-21.9,65.9,78.4,10.484,-3.8619999999999997,81.8
2022-12-03 15:04:59.999999+00:00,4997,0.07,0.11,0.0,8608,11326,0.46,637.4,-0.064009891,4539,36.2,0.49,8.16,-0.034740587,9220.15,26.0,68.57,46.3,0.33299999999999996,-0.07730679200000001,0.0,28.21,3.17,0.811,20.5,-21.9,65.9,78.4,10.484,-3.8619999999999997,81.8
2022-12-03 15:05:59.999998+00:00,4998,0.1,0.16,0.0,8606,11323,0.45,637.2,-0.07524526499999999,4540,36.2,0.53,8.280000000000001,-0.03416636199999999,9219.93,26.0,68.56,46.3,0.33299999999999996,0.022318113999999997,0.0,28.2,3.18,0.81,20.6,-22.0,65.9,78.3,10.459000000000001,-3.9769999999999994,81.8
2022-12-03 15:06:59.999998+00:00,4998,0.1,0.16,0.0,8606,11323,0.45,637.2,-0.074001541,4540,36.2,0.53,8.280000000000001,-0.033601628999999994,9219.93,26.0,68.56,46.3,0.32999999999999996,0.021949220000000002,0.0,28.2,3.18,0.81,20.6,-22.0,65.9,78.3,10.459000000000001,-3.9769999999999994,81.8
2022-12-03 15:08:00+00:00,5002,0.09,0.12000000000000001,0.0,8613,11328,0.52,637.8,-0.072778375,4542,36.2,0.53,8.350000000000001,-0.020752842,9219.240000000002,26.0,68.56,46.3,0.324,0.021586422999999993,0.0,28.2,3.17,0.8120000000000002,20.5,-21.7,66.0,78.3,10.625,-3.881,81.8
2022-12-03 15:08:59.999999+00:00,5002,0.09,0.12000000000000001,0.0,8613,11328,0.52,637.8,-0.07157542699999998,4542,36.2,0.53,8.350000000000001,-0.020409819000000003,9219.240000000002,26.0,68.56,46.3,0.324,0.021229622,0.0,28.2,3.17,0.8120000000000002,20.5,-21.7,66.0,78.3,10.625,-3.881,81.8
2022-12-03 15:10:00+00:00,5001,0.15000000000000002,0.14,0.0,8616,11329,0.53,638.1,-0.070392362,4539,36.2,0.52,8.58,-0.032365856,9219.15,26.0,68.56,46.3,0.329,0.020878719,0.0,28.2,3.18,0.811,20.5,-21.5,65.9,78.3,10.333,-3.86,81.8
2022-12-03 15:11:00+00:00,5001,0.15000000000000002,0.14,0.0,8616,11329,0.53,638.1,-0.06922885199999998,4539,36.2,0.52,8.58,-0.031830883000000004,9219.15,26.0,68.56,46.3,0.329,0.020533617000000004,0.0,28.2,3.18,0.811,20.5,-21.5,65.9,78.3,10.333,-3.86,81.8
2022-12-03 15:11:59.999999+00:00,4994,0.11,0.09,0.0,8613,11325,0.52,637.8,-0.031204408,4537,36.2,0.49,8.34,-0.019011363999999996,9218.58,26.0,68.54,46.3,0.327,0.020194218,0.0,28.18,3.18,0.81,20.5,-21.8,66.0,78.4,10.354000000000003,-3.526,81.8
2022-12-03 15:13:00+00:00,4994,0.11,0.09,0.0,8613,11325,0.52,637.8,-0.030688633,4537,36.2,0.49,8.34,-0.018697127,9218.58,26.0,68.54,46.3,0.327,0.019860429,0.0,28.18,3.18,0.81,20.5,-21.8,66.0,78.4,10.354000000000003,-3.526,81.8
2022-12-03 15:14:00+00:00,4998,0.08,0.1,0.0,8607,11324,0.49,637.4,-0.042474771,4533,36.2,0.49,8.94,-0.018388083,9219.91,26.0,68.55,46.3,0.32,0.019532158,0.0,28.2,3.18,0.81,20.5,-21.9,66.0,78.3,10.191,-3.737,81.8
2022-12-03 15:14:59.999999+00:00,4997,0.1,0.18,0.0,8609,11326,0.52,638.3,-0.04177270899999999,4541,36.2,0.48000000000000004,8.11,-0.018084148,9218.869999999999,26.0,68.55,46.3,0.32999999999999996,0.019209311999999996,0.0,28.2,3.17,0.811,20.5,-21.7,66.0,78.4,10.607000000000001,-3.655,81.8
2022-12-03 15:15:59.999999+00:00,4997,0.1,0.18,0.0,8609,11326,0.52,638.3,-0.041082251,4541,36.2,0.48000000000000004,8.11,-0.017785235999999996,9218.869999999999,26.0,68.55,46.3,0.32999999999999996,0.018891803,0.0,28.2,3.17,0.811,20.5,-21.7,66.0,78.4,10.607000000000001,-3.655,81.8
2022-12-03 15:17:00+00:00,4998,0.12000000000000001,0.16,0.0,8609,11330,0.51,638.1,-0.015816428,4542,36.2,0.51,8.790000000000001,-0.017491264999999995,9218.65,26.0,68.54,46.3,0.327,0.018579541999999998,0.0,28.18,3.17,0.811,20.6,-21.6,66.0,78.4,10.701,-3.5389999999999997,81.8
2022-12-03 15:17:59.999999+00:00,4996,0.11,0.17,0.0,8612,11328,0.49,637.8,-0.05243516499999999,4542,36.2,0.47000000000000003,8.56,-0.017202154,9219.06,26.0,68.55,46.3,0.325,0.018272441999999996,0.0,28.2,3.18,0.811,20.6,-21.8,66.0,78.4,10.577,-3.661,81.8
2022-12-03 15:19:00+00:00,5002,0.12000000000000001,0.13,0.0,8610,11328,0.52,638.4,-0.03927508,4546,36.2,0.46,8.8,-0.029211209000000002,9219.33,26.0,68.54,46.3,0.33199999999999996,0.017970418,0.0,28.18,3.17,0.814,20.5,-21.7,65.9,78.4,10.587,-3.685,81.8
2022-12-03 15:20:00+00:00,4997,0.11,0.16,0.0,8610,11328,0.5,638.4,-0.026332516,4537,36.2,0.47000000000000003,8.120000000000001,-0.016434990999999996,9218.81,26.1,68.55,46.3,0.328,0.017673386,0.0,28.2,3.18,0.81,20.5,-21.6,66.0,78.3,10.652000000000001,-3.679,81.8
2022-12-03 15:20:59.999999+00:00,4992,0.09,0.1,0.0,8611,11330,0.56,638.7,-0.013603880000000002,4545,36.2,0.49,8.01,-0.016163338,9219.42,26.1,68.54,46.2,0.33099999999999996,0.11572837100000001,0.0,28.18,3.17,0.814,20.5,-21.8,66.0,78.3,10.682,-3.61,81.8
2022-12-03 15:22:00+00:00,4996,0.08,0.14,0.0,8612,11332,0.52,639.0,-0.013379021999999997,4552,36.30000000000001,0.47000000000000003,8.52,-0.015896175,9219.849999999999,26.0,68.55,46.3,0.326,0.015468398,0.0,28.18,3.19,0.81,20.5,-21.6,66.0,78.4,11.102,-3.538,81.8
2022-12-03 15:23:00+00:00,4994,0.11,0.15000000000000002,0.0,8613,11333,0.53,639.0,-0.025451270000000005,4550,36.2,0.5,8.39,-0.015633429,9219.09,26.1,68.55,46.3,0.327,0.015212721999999998,0.0,28.18,3.18,0.811,20.5,-21.6,66.0,78.4,11.212,-3.4989999999999997,81.8
2022-12-03 15:23:59.999999+00:00,4997,0.12000000000000001,0.17,0.0,8613,11336,0.52,639.1,-0.025030588,4549,36.2,0.54,8.6,-0.015375025,9219.629999999997,26.1,68.54,46.3,0.32999999999999996,0.014961272,0.0,28.2,3.18,0.815,20.5,-21.6,66.0,78.4,11.172000000000002,-3.3789999999999996,81.8
2022-12-03 15:24:59.999999+00:00,5010,0.14,0.11,0.0,8612,11331,0.5,638.8,-0.024616858999999994,4548,36.2,0.5,8.25,-0.015120891999999999,9219.0,26.1,68.55,46.3,0.329,0.014713978999999999,0.0,28.16,3.19,0.81,20.6,-21.7,66.0,78.3,11.187000000000001,-3.36,81.8
2022-12-03 15:26:00+00:00,5006,0.12000000000000001,0.13,0.0,8613,11330,0.47000000000000003,638.5,-0.024209969,4545,36.2,0.49,8.65,-0.014870959999999997,9219.799999999997,26.1,68.55,46.3,0.33099999999999996,0.014470771999999998,0.0,28.18,3.19,0.811,20.5,-21.9,66.0,78.4,11.074,-3.4659999999999997,81.8
2022-12-03 15:26:59.999999+00:00,5001,0.09,0.1,0.0,8608,11327,0.52,637.9,-0.036103192,4551,36.2,0.46,7.94,-0.014625159,9220.379999999996,26.1,68.55,46.3,0.33199999999999996,0.014231585999999997,0.0,28.18,3.19,0.8120000000000002,20.5,-22.0,66.0,78.4,11.125,-3.5559999999999996,81.8
2022-12-03 15:27:59.999999+00:00,4997,0.13,0.21000000000000002,0.0,8610,11327,0.5,638.2,-0.03550644499999999,4542,36.2,0.53,8.89,-0.014383421,9219.98,26.1,68.54,46.3,0.33299999999999996,0.013996353,0.0,28.21,3.19,0.811,20.5,-22.0,66.0,78.4,11.189,-3.659,81.8
2022-12-03 15:29:00+00:00,5007,0.08,0.13,0.0,8607,11326,0.5,637.7,-0.022626174,4543,36.2,0.52,8.57,-0.014145678,9219.730000000001,26.1,68.55,46.3,0.32999999999999996,0.112112116,0.0,28.21,3.19,0.811,20.5,-22.0,66.0,78.3,11.237999999999998,-3.695,81.8
2022-12-03 15:30:00+00:00,5004,0.08,0.21000000000000002,0.0,8609,11327,0.55,638.2,-0.022252187,4551,36.30000000000001,0.47000000000000003,8.49,-0.026205254,9220.17,26.1,68.54,46.3,0.33199999999999996,0.011911915999999998,0.0,28.18,3.19,0.811,20.5,-22.0,65.9,78.4,11.173,-3.753,81.8
2022-12-03 15:31:00+00:00,5005,0.11,0.14,0.0,8607,11325,0.52,638.1,-0.04647115899999998,4550,36.2,0.54,7.99,-0.013478721,9219.42,26.1,68.55,46.3,0.329,0.110062132,0.0,28.2,3.19,0.811,20.5,-22.0,66.0,78.4,11.4,-3.545,81.8
2022-12-03 15:32:00+00:00,5014,0.08,0.1,0.0,8605,11324,0.47000000000000003,637.9,-0.021116263999999996,4546,36.2,0.47000000000000003,9.31,-0.025549321,9220.08,26.1,68.53,46.3,0.33299999999999996,0.009895816000000002,0.0,28.2,3.19,0.815,20.5,-22.1,65.9,78.3,11.351000000000003,-3.5529999999999995,81.8
2022-12-03 15:32:59.999999+00:00,5004,0.09,0.09,0.0,8602,11325,0.57,637.6,-0.057647399999999994,4546,36.2,0.57,8.58,-0.012833628999999997,9220.2,26.1,68.55,46.3,0.33299999999999996,0.009732249,0.0,28.2,3.18,0.8120000000000002,20.5,-22.2,66.0,78.3,11.451000000000002,-3.522,81.8
2022-12-03 15:33:59.999999+00:00,4999,0.09,0.09,0.0,8602,11324,0.57,637.4,-0.044401161999999994,4551,36.2,0.57,8.58,-0.024914891999999998,9220.62,26.1,68.54,46.3,0.33199999999999996,0.009571385,0.0,28.2,3.19,0.811,20.5,-22.4,65.9,78.3,11.469000000000001,-3.726,81.8
2022-12-03 15:35:00+00:00,4998,0.09,0.1,0.0,8603,11317,0.55,636.6,-0.04366725899999999,4534,36.2,0.51,8.48,-0.024503074999999996,9220.58,26.0,68.53,46.3,0.329,0.00941318,0.0,28.22,3.18,0.8120000000000002,20.5,-22.4,65.9,78.3,11.563000000000002,-3.8359999999999994,81.8
2022-12-03 15:36:00+00:00,4998,0.09,0.13,0.0,8602,11314,0.49,635.5,-0.05523887399999999,4540,36.30000000000001,0.44,8.27,-0.036391454,9219.709999999997,26.0,68.54,46.3,0.33599999999999997,0.10760469800000001,0.0,28.21,3.18,0.811,20.6,-22.5,65.8,78.2,10.874000000000002,-3.9119999999999995,81.8
2022-12-03 15:37:00+00:00,4998,0.09,0.13,0.0,8602,11314,0.49,635.5,-0.054325834999999996,4540,36.30000000000001,0.44,8.27,-0.035789942,9219.709999999997,26.0,68.54,46.3,0.33599999999999997,0.10582610800000002,0.0,28.21,3.18,0.811,20.6,-22.5,65.8,78.2,10.874000000000002,-3.9119999999999995,81.8
2022-12-03 15:38:00+00:00,4993,0.1,0.13,0.0,8598,11313,0.51,635.8,-0.078014664,4537,36.2,0.44,9.01,-0.035198373,9220.79,26.0,68.53,46.3,0.327,0.005729809,0.0,28.21,3.18,0.811,20.5,-22.6,65.8,78.2,10.647999999999998,-4.044,81.8
2022-12-03 15:39:00+00:00,4992,0.07,0.15000000000000002,0.0,8593,11309,0.56,635.4,-0.07672516599999998,4538,36.2,0.43000000000000005,8.620000000000001,-0.03461658199999999,9219.9,26.0,68.54,46.3,0.329,0.10398220800000002,0.0,28.22,3.17,0.811,20.5,-22.8,65.8,78.2,10.965000000000002,-3.9699999999999998,81.8
2022-12-03 15:40:00+00:00,5005,0.1,0.12000000000000001,0.0,8589,11302,0.57,634.1,-0.08775037000000002,4532,36.2,0.43000000000000005,9.49,-0.046337795,9220.140000000001,26.0,68.53,46.3,0.33399999999999996,0.10226349400000001,0.0,28.21,3.19,0.8120000000000002,20.5,-23.2,65.7,78.2,11.01,-4.025999999999999,81.7
2022-12-03 15:40:59.999999+00:00,5005,0.1,0.12000000000000001,0.0,8589,11302,0.57,634.1,-0.08629994999999999,4532,36.2,0.43000000000000005,9.49,-0.045571880999999995,9220.140000000001,26.0,68.53,46.3,0.33399999999999996,0.100573189,0.0,28.21,3.19,0.8120000000000002,20.5,-23.2,65.7,78.2,11.01,-4.025999999999999,81.7
2022-12-03 15:41:59.999999+00:00,5004,0.15000000000000002,0.11,0.0,8585,11295,0.51,632.9,-0.10946028200000002,4540,36.30000000000001,0.45,8.97,-0.044818627000000014,9220.859999999999,26.0,68.56,46.3,0.326,0.0005637139999999999,0.0,28.21,3.19,0.8120000000000002,20.5,-23.3,65.7,78.1,10.653,-4.597999999999999,81.7
2022-12-03 15:43:00+00:00,5004,0.15000000000000002,0.11,0.0,8585,11295,0.51,632.9,-0.10765102100000001,4540,36.30000000000001,0.45,8.97,-0.044077823,9220.859999999999,26.0,68.56,46.3,0.326,0.000554397,0.0,28.21,3.19,0.8120000000000002,20.5,-23.3,65.7,78.1,10.653,-4.597999999999999,81.7
2022-12-03 15:43:59.999999+00:00,5002,0.13,0.11,0.0,8577,11290,0.56,632.2,-0.15504521900000004,4533,36.2,0.43000000000000005,8.639999999999999,-0.055642653,9220.799999999997,26.0,68.53,46.3,0.33099999999999996,0.000545233,0.0,28.21,3.18,0.811,20.5,-23.8,65.6,77.9,10.457000000000003,-5.016,81.6
2022-12-03 15:45:00+00:00,5002,0.13,0.11,0.0,8577,11290,0.56,632.2,-0.15248248800000005,4533,36.2,0.43000000000000005,8.639999999999999,-0.054722940000000005,9220.799999999997,26.0,68.53,46.3,0.33099999999999996,0.0005362209999999999,0.0,28.21,3.18,0.811,20.5,-23.8,65.6,77.9,10.457000000000003,-5.016,81.6
2022-12-03 15:46:00+00:00,5003,0.11,0.13,0.0,8584,11292,0.53,632.7,-0.17454889300000004,4533,36.2,0.49,8.58,-0.09069859300000002,9220.15,26.0,68.53,46.2,0.33099999999999996,0.000527358,0.0,28.2,3.19,0.8120000000000002,20.5,-23.4,65.3,77.9,10.39,-5.267999999999999,81.5
2022-12-03 15:47:00+00:00,5003,0.11,0.13,0.0,8584,11292,0.53,632.7,-0.171663787,4533,36.2,0.49,8.58,-0.089199443,9220.15,26.0,68.53,46.2,0.33099999999999996,0.0005186409999999999,0.0,28.2,3.19,0.8120000000000002,20.5,-23.4,65.3,77.9,10.39,-5.267999999999999,81.5
2022-12-03 15:48:00+00:00,5004,0.12000000000000001,0.15000000000000002,0.0,8584,11296,0.54,633.1,-0.13194620400000004,4536,36.2,0.44,9.860000000000001,-0.08772507200000002,9220.299999999997,26.0,68.54,46.2,0.326,0.09885717600000002,0.0,28.17,3.17,0.816,20.5,-23.4,65.3,77.8,10.529,-4.866999999999999,81.4
2022-12-03 15:49:00+00:00,4993,0.14,0.14,0.0,8595,11309,0.5800000000000001,633.1,-0.105178498,4539,36.2,0.43000000000000005,8.719999999999999,-0.08627507100000001,9218.879999999996,26.0,68.53,46.2,0.326,0.097223173,0.0,28.2,3.17,0.8120000000000002,20.5,-22.8,65.3,77.9,10.297,-4.849,81.4
2022-12-03 15:49:59.999999+00:00,4993,0.14,0.14,0.0,8595,11309,0.5800000000000001,635.2,-0.103440011,4539,36.2,0.43000000000000005,8.719999999999999,-0.08484903699999999,9218.879999999996,26.0,68.53,46.2,0.327,0.09561617900000002,0.0,28.2,3.17,0.8120000000000002,20.5,-22.8,65.3,77.9,10.297,-4.849,81.4
2022-12-03 15:50:59.999999+00:00,4998,0.09,0.09,0.0,8604,11316,0.53,636.8,-0.064850093,4539,36.2,0.49,9.18,-0.08344657300000001,9218.18,26.1,68.53,46.3,0.33199999999999996,0.094035746,0.0,28.18,3.17,0.811,20.5,-22.1,65.3,78.0,10.396000000000003,-4.04,81.4
2022-12-03 15:51:59.999998+00:00,4998,0.09,0.09,0.0,8604,11316,0.53,636.8,-0.06377819099999998,4539,36.2,0.49,9.18,-0.08206729099999999,9218.18,26.1,68.53,46.3,0.33199999999999996,0.09248143599999997,0.0,28.18,3.17,0.811,20.5,-22.1,65.3,78.0,10.396000000000003,-4.04,81.4
2022-12-03 15:52:59.999999+00:00,4998,0.11,0.1,0.0,8604,11316,0.51,636.8,-0.050430617,4539,36.1,0.52,8.219999999999999,-0.068417419,9220.17,26.1,68.53,46.3,0.33199999999999996,0.09095281699999999,0.0,28.18,3.17,0.811,20.5,-22.4,65.4,78.0,10.667,-3.631,81.4
2022-12-03 15:53:59.999999+00:00,5002,0.11,0.1,0.0,8600,11312,0.51,636.0,-0.049597053,4537,36.1,0.52,8.219999999999999,-0.067286552,9220.17,26.1,68.52,46.3,0.326,0.089449465,0.0,28.18,3.18,0.811,20.5,-22.4,65.4,78.0,10.667,-3.631,81.4
2022-12-03 15:55:00+00:00,5002,0.09,0.12000000000000001,0.0,8600,11312,0.5800000000000001,636.0,-0.061070655999999994,4537,36.1,0.5,8.790000000000001,-0.06617437799999999,9221.66,26.1,68.52,46.3,0.326,0.08797096099999999,0.0,28.18,3.18,0.816,20.5,-22.9,65.4,78.0,10.694,-4.113999999999999,81.4
2022-12-03 15:55:59.999999+00:00,4999,0.09,0.12000000000000001,0.0,8591,11307,0.5800000000000001,634.5,-0.060061224,4537,36.1,0.5,8.790000000000001,-0.065080586,9221.66,26.1,68.53,46.3,0.328,0.08651689600000002,0.0,28.2,3.19,0.816,20.5,-22.9,65.4,78.0,10.694,-4.113999999999999,81.5
2022-12-03 15:56:59.999999+00:00,4999,0.08,0.15000000000000002,0.0,8591,11307,0.47000000000000003,634.5,-0.071361865,4537,36.1,0.45,9.41,-0.064004874,9220.56,26.1,68.53,46.3,0.328,0.08508686500000001,0.0,28.2,3.19,0.814,20.5,-23.0,65.4,78.0,10.739999999999998,-4.473,81.5
2022-12-03 15:58:00+00:00,5001,0.08,0.15000000000000002,0.0,8589,11308,0.47000000000000003,635.1,-0.07018233,4544,36.1,0.45,9.41,-0.062946942,9220.56,26.1,68.52,46.3,0.329,0.08368047,0.0,28.21,3.19,0.814,20.5,-23.0,65.4,78.0,10.739999999999998,-4.473,81.5
2022-12-03 15:59:00+00:00,5000,0.06,0.17,0.0,8592,11309,0.54,635.4,-0.044435514,4535,36.2,0.49,8.67,-0.061906497,9220.42,26.1,68.52,46.3,0.32999999999999996,0.082297322,0.0,28.2,3.18,0.811,20.5,-22.9,65.4,78.0,10.976000000000003,-4.261,81.4
2022-12-03 15:59:59.999999+00:00,5000,0.06,0.17,0.0,8592,11309,0.54,635.4,-0.043701042999999995,4535,36.2,0.49,8.67,-0.060883249,9220.42,26.1,68.52,46.3,0.32999999999999996,0.08093703599999999,0.0,28.2,3.18,0.811,20.5,-22.9,65.4,78.0,10.976000000000003,-4.261,81.4
2022-12-03 16:00:59.999998+00:00,5005,0.14,0.14,0.0,8594,11305,0.5,634.5,-0.05527209999999999,4535,36.2,0.4,8.31,-0.05987691400000001,9220.11,26.1,68.52,46.3,0.326,0.07959923300000002,0.0,28.21,3.19,0.8120000000000002,20.5,-22.9,65.4,78.0,11.125,-4.093,81.5
2022-12-03 16:02:00+00:00,5005,0.14,0.14,0.0,8594,11305,0.5,634.5,-0.054358512,4535,36.2,0.4,8.31,-0.058887213,9220.11,26.1,68.52,46.3,0.326,0.07828354299999998,0.0,28.21,3.19,0.8120000000000002,20.5,-22.9,65.4,78.0,11.125,-4.093,81.5
2022-12-03 16:02:59.999999+00:00,5008,0.15000000000000002,0.14,0.0,8587,11306,0.55,634.5,-0.07804680099999999,4535,36.2,0.53,9.58,-0.057913871,9221.4,26.1,68.52,46.3,0.326,0.076989601,0.0,28.21,3.18,0.813,20.5,-23.2,65.4,78.0,10.891,-4.483,81.5
2022-12-03 16:04:00+00:00,5008,0.15000000000000002,0.14,0.0,8587,11306,0.55,634.4,-0.076756771,4539,36.2,0.53,9.58,-0.05695661700000001,9221.4,26.1,68.52,46.3,0.33099999999999996,0.075717045,0.0,28.2,3.18,0.813,20.5,-23.2,65.4,78.0,10.891,-4.483,81.5
2022-12-03 16:05:00+00:00,5000,0.1,0.17,0.0,8592,11305,0.49,634.5,-0.063194676,4538,36.2,0.44,9.27,-0.068308574,9218.869999999999,26.1,68.51,46.3,0.324,0.07446552400000002,0.0,28.21,3.19,0.8120000000000002,20.5,-23.0,65.3,78.0,10.818,-4.339,81.4
2022-12-03 16:05:59.999999+00:00,5000,0.1,0.17,0.0,8592,11305,0.49,634.5,-0.062150134999999995,4538,36.2,0.44,9.27,-0.06717950599999999,9218.869999999999,26.1,68.51,46.3,0.324,0.073234689,0.0,28.21,3.19,0.8120000000000002,20.5,-23.0,65.3,78.0,10.818,-4.339,81.4
2022-12-03 16:07:00+00:00,5004,0.11,0.2,0.0,8594,11305,0.5800000000000001,634.7,-0.073416249,4542,36.2,0.46,8.49,-0.053775712999999996,9220.15,26.2,68.52,46.3,0.32999999999999996,0.072024198,0.0,28.21,3.18,0.811,20.5,-22.9,65.4,78.0,10.478,-4.463,81.4
2022-12-03 16:08:00+00:00,5004,0.11,0.2,0.0,8594,11305,0.5800000000000001,634.7,-0.072202757,4542,36.2,0.46,8.49,-0.052886857999999995,9220.15,26.2,68.52,46.3,0.32999999999999996,0.070833715,0.0,28.21,3.18,0.811,20.5,-22.9,65.4,78.0,10.478,-4.463,81.4
2022-12-03 16:09:00+00:00,5004,0.1,0.13,0.0,8594,11305,0.53,634.7,-0.07100932299999999,4542,36.2,0.45,8.32,-0.05201269500000001,9220.15,26.2,68.52,46.3,0.32999999999999996,0.06966291,0.0,28.21,3.18,0.816,20.5,-22.9,65.4,78.0,10.478,-4.463,81.4
2022-12-03 16:09:59.999999+00:00,5005,0.1,0.12000000000000001,0.0,8592,11308,0.55,635.2,-0.08212900399999999,4534,36.2,0.45,8.82,-0.05115298100000001,9220.33,26.2,68.51,46.3,0.324,0.068511457,0.0,28.21,3.18,0.816,20.5,-22.9,65.4,78.0,10.626000000000001,-4.366999999999999,81.4
2022-12-03 16:11:00+00:00,4998,0.08,0.14,0.0,8592,11305,0.6,634.7,-0.06847811099999998,4542,36.2,0.48000000000000004,8.68,-0.05030747700000001,9220.219999999998,26.1,68.52,46.3,0.328,0.067379036,0.0,28.2,3.19,0.811,20.5,-22.9,65.4,78.0,10.534,-4.431000000000001,81.4
2022-12-03 16:11:59.999999+00:00,4993,0.09,0.12000000000000001,0.0,8588,11302,0.55,634.4,-0.07963963,4533,36.2,0.48000000000000004,8.26,-0.049475948999999984,9220.78,26.2,68.52,46.3,0.33699999999999997,0.06626533299999998,0.0,28.21,3.18,0.811,20.5,-23.1,65.4,78.0,10.333,-4.552,81.4
2022-12-03 16:12:59.999999+00:00,5001,0.09,0.13,0.0,8589,11302,0.53,634.3,-0.078323272,4540,36.2,0.51,8.450000000000001,-0.04865816499999998,9221.18,26.2,68.51,46.3,0.328,0.065170038,0.0,28.2,3.18,0.815,20.5,-23.0,65.4,77.9,10.087,-4.819,81.4
2022-12-03 16:14:00+00:00,5004,0.15000000000000002,0.22,0.0,8589,11304,0.54,634.5,-0.10161545000000001,4536,36.2,0.43000000000000005,8.81,-0.047853897,9220.06,26.2,68.51,46.3,0.329,0.064092848,0.0,28.21,3.19,0.811,20.5,-22.9,65.4,78.0,10.064,-4.893999999999999,81.4
2022-12-03 16:14:59.999999+00:00,4988,0.09,0.07,0.0,8593,11308,0.47000000000000003,635.0,-0.06305569,4536,36.2,0.48000000000000004,8.65,-0.047062924000000006,9220.51,26.2,68.51,46.2,0.323,0.063033462,0.0,28.22,3.17,0.8120000000000002,20.5,-22.9,65.4,77.9,10.283000000000001,-4.637,81.4
2022-12-03 16:15:59.999999+00:00,5000,0.1,0.13,0.0,8592,11302,0.56,634.3,-0.07430683600000001,4542,36.2,0.49,8.97,-0.058578412999999996,9220.6,26.2,68.51,46.3,0.322,0.061991585999999994,0.0,28.21,3.18,0.811,20.5,-23.0,65.3,78.0,10.284,-4.601999999999999,81.4
2022-12-03 16:17:00+00:00,5004,0.09,0.15000000000000002,0.0,8596,11306,0.57,635.0,-0.060785235,4537,36.2,0.46,8.229999999999999,-0.045316786000000005,9219.82,26.2,68.51,46.3,0.32999999999999996,0.06096693200000001,0.0,28.2,3.18,0.811,20.5,-22.9,65.4,78.0,10.502000000000002,-4.577,81.4
2022-12-03 16:17:59.999999+00:00,5003,0.1,0.14,0.0,8587,11300,0.54,633.9,-0.05978052100000001,4533,36.2,0.46,8.67,-0.044567748,9220.78,26.3,68.5,46.3,0.33099999999999996,0.059959214,0.0,28.22,3.18,0.815,20.5,-23.3,65.4,78.0,10.394,-4.445,81.4
2022-12-03 16:18:59.999999+00:00,5003,0.09,0.11,0.0,8587,11300,0.54,634.3,-0.07108580099999999,4539,36.2,0.47000000000000003,8.31,-0.043831091,9220.869999999999,26.3,68.51,46.3,0.329,0.058968152999999995,0.0,28.21,3.19,0.8120000000000002,20.5,-23.2,65.4,78.0,10.367000000000003,-4.692999999999999,81.4
2022-12-03 16:20:00+00:00,5000,0.14,0.16,0.0,8590,11302,0.53,634.4,-0.06991082899999998,4535,36.2,0.49,8.18,-0.04310661,9220.69,26.3,68.51,46.2,0.33099999999999996,0.057993473,0.0,28.2,3.18,0.815,20.5,-23.0,65.4,78.0,10.213999999999999,-4.733,81.4
2022-12-03 16:21:00+00:00,5006,0.11,0.13,0.0,8593,11304,0.55,634.8,-0.06875527799999999,4534,36.2,0.47000000000000003,8.530000000000001,-0.04239410400000001,9219.68,26.3,68.51,46.3,0.325,0.057034903,0.0,28.21,3.18,0.811,20.5,-22.9,65.4,78.0,10.396000000000003,-4.501,81.4
2022-12-03 16:21:59.999999+00:00,4996,0.11,0.12000000000000001,0.0,8595,11305,0.48000000000000004,635.0,-0.067618828,4538,36.2,0.44,8.3,-0.04169337499999999,9220.26,26.3,68.51,46.3,0.328,0.056092177,0.0,28.18,3.17,0.8120000000000002,20.5,-22.8,65.4,78.0,10.318,-4.449,81.4
2022-12-03 16:23:00+00:00,5004,0.07,0.17,0.0,8598,11312,0.51,635.8,-0.054207773,4535,36.2,0.51,8.0,-0.041004228999999996,9220.0,26.3,68.51,46.2,0.323,0.055165034,0.0,28.17,3.18,0.815,20.5,-22.5,65.4,78.0,10.375,-4.328999999999999,81.4
2022-12-03 16:24:00+00:00,5007,0.12000000000000001,0.09,0.0,8595,11311,0.54,635.7,-0.041018387999999996,4533,36.2,0.49,8.59,-0.04032647300000001,9219.449999999999,26.3,68.51,46.2,0.329,0.054253215,0.0,28.21,3.18,0.815,20.5,-22.5,65.4,78.0,10.417,-4.21,81.4
2022-12-03 16:25:00+00:00,5004,0.08,0.12000000000000001,0.0,8596,11312,0.51,635.6,-0.04034039799999999,4533,36.1,0.48000000000000004,8.239999999999998,-0.03965992,9220.640000000001,26.3,68.5,46.3,0.326,0.053356468000000004,0.0,28.2,3.17,0.815,20.5,-22.8,65.4,78.0,10.402000000000001,-4.114999999999999,81.4
2022-12-03 16:25:59.999999+00:00,4992,0.11,0.13,0.0,8597,11310,0.51,635.9,-0.05196700299999999,4535,36.1,0.45,8.58,-0.039004384,9219.5,26.3,68.49,46.3,0.328,0.052474542999999985,0.0,28.18,3.18,0.81,20.5,-22.5,65.4,78.0,10.432,-4.123999999999999,81.4
2022-12-03 16:26:59.999999+00:00,5000,0.1,0.13,0.0,8601,11310,0.54,635.5,-0.014227879,4536,36.1,0.46,9.450000000000001,-0.03835968299999999,9219.740000000002,26.2,68.51,46.2,0.328,0.05160719499999999,0.0,28.18,3.18,0.815,20.5,-22.7,65.4,78.0,10.368,-4.061999999999999,81.4
2022-12-03 16:28:00+00:00,5001,0.13,0.14,0.0,8599,11310,0.5,635.0,-0.03857948399999999,4536,36.1,0.53,8.71,-0.037725639,9219.81,26.3,68.49,46.2,0.33099999999999996,0.050754183,0.0,28.18,3.18,0.816,20.5,-22.6,65.4,78.0,10.462000000000002,-3.9769999999999994,81.4
2022-12-03 16:28:59.999999+00:00,4999,0.08,0.18,0.0,8602,11314,0.56,635.8,-0.025648418,4533,36.1,0.47000000000000003,9.6,-0.037102075,9221.11,26.3,68.49,46.2,0.325,-0.048431835999999985,0.0,28.2,3.17,0.811,20.5,-22.6,65.4,78.0,10.222,-4.1259999999999994,81.4
2022-12-03 16:30:00+00:00,5001,0.16,0.13,0.0,8588,11301,0.52,633.9,-0.025224477999999998,4532,36.2,0.57,9.02,-0.03648881700000001,9221.33,26.3,68.49,46.3,0.328,0.05071579700000001,0.0,28.18,3.17,0.811,20.5,-23.3,65.4,78.0,10.147999999999998,-4.262999999999999,81.4
2022-12-03 16:31:00+00:00,4999,0.09,0.11,0.0,8595,11309,0.52,635.3,-0.024807544,4532,36.2,0.46,9.11,-0.035885696,9220.61,26.2,68.49,46.2,0.324,0.04987752,0.0,28.2,3.17,0.815,20.5,-22.5,65.4,78.0,10.364000000000003,-4.537,81.4
2022-12-03 16:32:00+00:00,4999,0.14,0.14,0.0,8595,11306,0.57,634.3,-0.04898427899999999,4535,36.2,0.49,8.729999999999999,-0.035292543999999995,9220.129999999997,26.2,68.49,46.2,0.326,0.049053098,0.0,28.2,3.17,0.815,20.5,-23.0,65.4,78.0,10.458,-4.227999999999999,81.4
2022-12-03 16:32:59.999999+00:00,4999,0.11,0.15000000000000002,0.0,8589,11299,0.55,633.6,-0.048174621,4536,36.1,0.43000000000000005,8.82,-0.034709196,9221.34,26.2,68.49,46.2,0.33099999999999996,0.04824230299999999,0.0,28.2,3.17,0.816,20.5,-23.3,65.4,77.9,10.137999999999998,-4.587,81.4
2022-12-03 16:34:00+00:00,5003,0.12000000000000001,0.2,0.0,8582,11300,0.54,632.8,-0.071965124,4538,36.1,0.54,8.98,-0.034135491,9221.379999999996,26.3,68.48,46.2,0.33199999999999996,0.047444909,0.0,28.18,3.18,0.8120000000000002,20.5,-23.4,65.4,77.9,10.199,-4.820999999999999,81.4
2022-12-03 16:34:59.999999+00:00,5005,0.12000000000000001,0.15000000000000002,0.0,8584,11296,0.54,632.8,-0.083069006,4534,36.1,0.46,9.860000000000001,-0.045864656,9220.31,26.3,68.49,46.3,0.33199999999999996,0.046660696,0.0,28.18,3.18,0.815,20.5,-23.5,65.3,77.9,10.32,-4.889,81.4
2022-12-03 16:35:59.999998+00:00,5004,0.11,0.11,0.0,8585,11294,0.54,632.7,-0.09398935300000001,4532,36.1,0.44,9.139999999999999,-0.045106563,9221.25,26.3,68.5,46.2,0.327,0.045889444999999994,0.0,28.2,3.18,0.815,20.5,-23.4,65.3,77.8,10.140999999999998,-4.956,81.3
2022-12-03 16:36:59.999998+00:00,5004,0.08,0.14,0.0,8584,11296,0.57,633.1,-0.09243581000000001,4528,36.1,0.5,9.47,-0.056654387999999986,9220.799999999997,26.3,68.48,46.2,0.326,0.04513094199999999,0.0,28.2,3.19,0.811,20.5,-23.4,65.2,77.8,10.349,-4.962,81.3
2022-12-03 16:37:59.999999+00:00,4995,0.1,0.13,0.0,8581,11293,0.59,632.4,-0.09090794500000002,4532,36.1,0.45,8.69,-0.055717952,9219.84,26.3,68.49,46.3,0.325,0.04438497600000001,0.0,28.2,3.18,0.815,20.5,-23.5,65.2,77.8,10.167,-5.039,81.3
2022-12-03 16:38:59.999999+00:00,4995,0.12000000000000001,0.12000000000000001,0.0,8584,11296,0.56,633.2,-0.113992111,4528,36.1,0.39,8.280000000000001,-0.05479699400000002,9220.54,26.3,68.48,46.2,0.329,0.04365133999999998,0.0,28.2,3.17,0.814,20.5,-23.2,65.2,77.8,9.753,-5.123999999999999,81.3
2022-12-03 16:40:00+00:00,5002,0.08,0.15000000000000002,0.0,8582,11296,0.53,633.2,-0.07522777899999998,4531,36.1,0.53,8.18,-0.06618464699999999,9219.19,26.3,68.48,46.2,0.32999999999999996,-0.05541727700000001,0.0,28.21,3.18,0.814,20.5,-23.3,65.1,77.8,10.155000000000001,-4.955,81.3
2022-12-03 16:40:59.999999+00:00,4998,0.09,0.15000000000000002,0.0,8589,11300,0.56,633.7,-0.07398434499999999,4529,36.1,0.41000000000000003,8.629999999999999,-0.052797297000000014,9220.12,26.3,68.49,46.2,0.325,0.04384581799999999,0.0,28.21,3.18,0.815,20.5,-23.2,65.2,77.8,9.967,-4.886,81.3
2022-12-03 16:41:59.999999+00:00,5003,0.1,0.09,0.0,8588,11295,0.59,633.2,-0.072761463,4533,36.1,0.49,9.729999999999999,-0.05192461499999999,9219.469999999996,26.3,68.48,46.2,0.33199999999999996,0.04312109399999999,0.0,28.22,3.18,0.815,20.5,-23.5,65.2,77.8,10.135,-4.702,81.3
2022-12-03 16:43:00+00:00,4995,0.11,0.11,0.0,8590,11301,0.56,634.0,-0.071558794,4527,36.1,0.44,7.7700000000000005,-0.051066357,9220.08,26.3,68.48,46.2,0.326,0.04240834799999999,0.0,28.21,3.18,0.816,20.5,-22.9,65.2,77.8,10.047,-4.901,81.3
2022-12-03 16:44:00+00:00,4996,0.14,0.13,0.0,8589,11297,0.57,633.2,-0.04578922700000001,4534,36.1,0.44,7.75,-0.050222285,9219.42,26.3,68.47,46.2,0.323,0.041707384,0.0,28.22,3.17,0.815,20.5,-23.1,65.2,77.8,10.029,-4.677,81.3
2022-12-03 16:44:59.999999+00:00,5001,0.14,0.16,0.0,8590,11299,0.52,634.0,-0.04503238,4535,36.1,0.44,8.780000000000001,-0.04939216400000001,9221.859999999999,26.3,68.48,46.2,0.328,0.041018005999999996,0.0,28.21,3.18,0.815,20.5,-22.9,65.2,77.8,9.917000000000002,-4.659999999999999,81.3
2022-12-03 16:45:59.999999+00:00,4991,0.16,0.14,0.0,8592,11305,0.49,634.4,-0.056581431999999994,4534,36.1,0.41000000000000003,8.68,-0.036282376000000005,9218.6,26.3,68.48,46.2,0.32999999999999996,0.040340021999999996,0.0,28.2,3.17,0.815,20.5,-22.9,65.3,77.8,10.161,-4.610999999999999,81.3
2022-12-03 16:46:59.999999+00:00,4991,0.12000000000000001,0.11,0.0,8595,11304,0.55,634.5,-0.04335281299999999,4528,36.1,0.48000000000000004,8.44,-0.035682668,9219.129999999997,26.3,68.48,46.2,0.32999999999999996,0.03967324500000001,0.0,28.18,3.18,0.815,20.5,-22.9,65.3,77.8,10.199,-4.456,81.3
2022-12-03 16:47:59.999999+00:00,4994,0.1,0.13,0.0,8594,11307,0.51,635.1,-0.04263623800000001,4535,36.1,0.51,8.229999999999999,-0.035092872,9219.6,26.3,68.48,46.2,0.326,0.039017488999999995,0.0,28.2,3.18,0.815,20.5,-22.7,65.3,77.8,10.279,-4.137,81.3
2022-12-03 16:49:00+00:00,5004,0.13,0.13,0.0,8598,11309,0.54,635.7,-0.04193150699999999,4539,36.2,0.45,8.639999999999999,-0.03451282399999999,9218.9,26.4,68.46,46.2,0.327,0.038372572,0.0,28.21,3.17,0.815,20.5,-22.5,65.3,77.9,10.245999999999999,-4.142999999999999,81.3
2022-12-03 16:49:59.999999+00:00,4998,0.08,0.1,0.0,8600,11308,0.53,635.4,-0.028945035999999997,4537,36.2,0.5,7.99,-0.021648976,9219.629999999997,26.4,68.48,46.2,0.329,0.037738314,0.0,28.2,3.18,0.815,20.5,-22.4,65.4,77.9,10.261000000000001,-4.0169999999999995,81.3
2022-12-03 16:50:59.999999+00:00,4999,0.08,0.1,0.0,8597,11309,0.54,635.3,-0.028466604999999992,4535,36.1,0.46,9.15,-0.033584529999999994,9219.719999999998,26.4,68.46,46.2,0.327,0.037114540999999994,0.0,28.2,3.18,0.816,20.5,-22.6,65.3,77.9,10.456000000000001,-3.9949999999999997,81.3
2022-12-03 16:52:00+00:00,5003,0.11,0.14,0.0,8598,11308,0.52,635.5,0.008884082000000001,4533,36.1,0.47000000000000003,8.739999999999998,-0.020736024999999998,9219.44,26.4,68.46,46.2,0.325,0.03650107700000001,0.0,28.18,3.17,0.815,20.5,-22.4,65.4,77.9,10.357000000000003,-4.012,81.3
2022-12-03 16:52:59.999999+00:00,4999,0.11,0.15000000000000002,0.0,8599,11311,0.49,635.6,0.008737238,4538,36.1,0.55,9.120000000000001,-0.020393280999999996,9219.91,26.4,68.46,46.2,0.329,0.035897753,0.0,28.22,3.18,0.811,20.5,-22.5,65.4,77.9,10.199,-4.069,81.3
2022-12-03 16:53:59.999999+00:00,4993,0.07,0.12000000000000001,0.0,8601,11311,0.57,635.5,-0.028287344000000002,4534,36.1,0.43000000000000005,9.06,-0.020056201999999995,9219.459999999995,26.4,68.47,46.2,0.324,0.03530440199999999,0.0,28.2,3.18,0.815,20.5,-22.5,65.4,77.9,10.3,-4.092,81.4
2022-12-03 16:54:59.999999+00:00,5001,0.07,0.17,0.0,8599,11310,0.48000000000000004,635.7,-0.003233008,4533,36.1,0.56,8.34,-0.019724695,9219.75,26.4,68.47,46.2,0.32,0.03472085799999999,0.0,28.21,3.18,0.815,20.5,-22.4,65.4,78.0,10.344000000000001,-3.9979999999999998,81.4
2022-12-03 16:56:00+00:00,5000,0.11,0.16,0.0,8594,11306,0.52,634.9,0.021407207000000004,4537,36.1,0.49,8.360000000000001,-0.019398666999999994,9220.4,26.4,68.46,46.2,0.321,0.03414695999999999,0.0,28.2,3.18,0.815,20.5,-22.9,65.4,77.9,10.129,-4.109999999999999,81.4
2022-12-03 16:57:00+00:00,4994,0.07,0.16,0.0,8592,11306,0.5,634.6,-0.015826795999999997,4537,36.1,0.46,8.4,-0.019078026999999997,9220.640000000001,26.4,68.46,46.2,0.328,0.03358254699999999,0.0,28.21,3.18,0.815,20.5,-22.9,65.4,78.0,10.049,-4.331,81.4
2022-12-03 16:57:59.999999+00:00,5004,0.12000000000000001,0.11,0.0,8591,11304,0.53,634.3,-0.015565195999999998,4534,36.1,0.49,8.360000000000001,-0.018762688,9220.18,26.4,68.45,46.2,0.327,0.03302746399999999,0.0,28.21,3.18,0.815,20.5,-23.0,65.4,77.9,10.113,-4.468,81.4
2022-12-03 16:59:00+00:00,5002,0.07,0.16,0.0,8589,11303,0.52,634.1,-0.027601309000000004,4533,36.1,0.47000000000000003,8.61,-0.018452561,9220.25,26.4,68.47,46.2,0.328,0.032481555,0.0,28.2,3.18,0.815,20.5,-22.9,65.4,77.9,10.108,-4.681,81.3
2022-12-03 17:00:00+00:00,4996,0.07,0.16,0.0,8595,11303,0.52,634.2,-0.014851701,4535,36.1,0.47000000000000003,8.61,-0.030440949000000002,9220.31,26.4,68.45,46.2,0.327,0.03194467,0.0,28.18,3.18,0.816,20.5,-22.9,65.3,77.9,10.054,-4.6659999999999995,81.3
2022-12-03 17:00:59.999999+00:00,4998,0.13,0.13,0.0,8592,11306,0.56,634.5,-0.026899606,4534,36.1,0.46,8.77,-0.029937792,9220.869999999999,26.4,68.47,46.2,0.321,0.03141665899999999,0.0,28.2,3.18,0.816,20.5,-23.0,65.3,77.9,9.901000000000002,-4.704,81.3
2022-12-03 17:01:59.999999+00:00,4999,0.1,0.14,0.0,8595,11306,0.54,634.7,-0.026454985,4530,36.1,0.48000000000000004,8.5,-0.029442952999999997,9219.65,26.4,68.45,46.2,0.329,0.030897375000000005,0.0,28.21,3.18,0.814,20.5,-22.9,65.3,77.9,10.024000000000001,-4.690999999999999,81.3
2022-12-03 17:02:59.999999+00:00,5001,0.11,0.1,0.0,8597,11310,0.5,634.7,-0.026017712,4535,36.1,0.49,8.27,-0.016662904,9219.69,26.4,68.46,46.2,0.329,0.030386674999999995,0.0,28.21,3.18,0.815,20.5,-22.9,65.4,77.9,10.251000000000001,-4.538,81.3
2022-12-03 17:03:59.999999+00:00,5008,0.09,0.1,0.0,8590,11304,0.54,634.3,-0.0010008909999999998,4540,36.1,0.43000000000000005,8.58,-0.028680873,9220.43,26.4,68.45,46.2,0.324,0.029884415999999997,0.0,28.21,3.18,0.815,20.5,-23.0,65.3,77.9,10.202,-4.4239999999999995,81.3
2022-12-03 17:05:00+00:00,5006,0.09,0.15000000000000002,0.0,8592,11305,0.52,634.8,-0.025571123999999997,4533,36.1,0.47000000000000003,8.44,-0.028206808999999996,9220.94,26.4,68.45,46.2,0.327,0.02939045899999999,0.0,28.2,3.18,0.815,20.5,-22.8,65.3,77.9,10.0,-4.586,81.3
2022-12-03 17:06:00+00:00,5005,0.14,0.08,0.0,8596,11307,0.53,634.6,-0.012855071999999999,4533,36.1,0.43000000000000005,8.55,-0.027740579999999997,9220.43,26.4,68.45,46.2,0.32999999999999996,0.028904665999999996,0.0,28.2,3.18,0.816,20.5,-22.9,65.3,77.9,9.974,-4.737,81.3
2022-12-03 17:06:59.999999+00:00,4991,0.08,0.11,0.0,8592,11307,0.49,634.8,-0.02493598,4529,36.1,0.5,7.87,-0.014988669999999999,9220.33,26.4,68.45,46.2,0.326,0.028426902999999996,0.0,28.2,3.18,0.816,20.5,-22.9,65.4,77.9,10.057,-4.6,81.3
2022-12-03 17:08:00+00:00,5003,0.11,0.12000000000000001,0.0,8594,11304,0.54,634.3,-0.012230426999999999,4538,36.1,0.48000000000000004,8.81,-0.027034312000000008,9220.740000000002,26.4,68.44000000000001,46.2,0.324,0.027957037000000004,0.0,28.2,3.18,0.814,20.5,-23.0,65.3,77.8,9.894,-4.812999999999999,81.3
2022-12-03 17:09:00+00:00,5003,0.11,0.12000000000000001,0.0,8594,11304,0.54,634.3,-0.012028271,4538,36.1,0.48000000000000004,8.81,-0.026587463999999995,9220.740000000002,26.4,68.44000000000001,46.2,0.324,0.027494937000000004,0.0,28.2,3.18,0.814,20.5,-23.0,65.3,77.8,9.894,-4.812999999999999,81.3
2022-12-03 17:10:00+00:00,5002,0.09,0.17,0.0,8593,11302,0.51,634.3,-0.036416233,4538,36.1,0.42000000000000004,8.16,-0.026148000999999997,9220.730000000001,26.4,68.45,46.2,0.324,0.027040475,0.0,28.2,3.17,0.816,20.5,-23.1,65.3,77.8,9.961,-4.788,81.3
2022-12-03 17:10:59.999999+00:00,5002,0.09,0.17,0.0,8593,11302,0.51,633.8,-0.035814312,4533,36.1,0.42000000000000004,8.16,-0.025715803,9220.730000000001,26.4,68.45,46.2,0.33499999999999996,0.026593524999999996,0.0,28.21,3.17,0.816,20.5,-23.1,65.3,77.8,9.961,-4.788,81.3
2022-12-03 17:11:59.999999+00:00,4998,0.11,0.14,0.0,8593,11301,0.53,633.9,-0.03522234,4538,36.2,0.44,9.290000000000001,-0.025290748000000002,9220.1,26.4,68.44000000000001,46.2,0.33499999999999996,0.026153963,0.0,28.2,3.17,0.815,20.5,-23.1,65.3,77.9,10.119,-4.819999999999999,81.3
2022-12-03 17:12:59.999999+00:00,4998,0.11,0.14,0.0,8593,11301,0.53,633.9,-0.034640153,4538,36.2,0.44,9.290000000000001,-0.024872719,9220.1,26.4,68.44000000000001,46.2,0.33099999999999996,0.025721665999999997,0.0,28.2,3.17,0.815,20.5,-23.1,65.3,77.9,10.119,-4.819999999999999,81.3
2022-12-03 17:13:59.999999+00:00,4998,0.07,0.12000000000000001,0.0,8585,11299,0.57,633.4,-0.0217742,4537,36.2,0.5,9.129999999999999,-0.0244616,9220.43,26.4,68.44000000000001,46.2,0.33199999999999996,0.025296513999999996,0.0,28.21,3.18,0.814,20.5,-23.3,65.3,77.9,10.213999999999999,-4.731,81.3
2022-12-03 17:15:00+00:00,5003,0.08,0.14,0.0,8583,11297,0.56,633.2,-0.04600107199999999,4534,36.2,0.5,9.18,-0.024057276000000002,9221.129999999997,26.3,68.44000000000001,46.2,0.328,0.02487839,0.0,28.22,3.17,0.814,20.5,-23.3,65.3,77.9,10.253,-4.860999999999999,81.3
2022-12-03 17:16:00+00:00,5006,0.1,0.15000000000000002,0.0,8581,11296,0.52,632.7,-0.020653947000000002,4539,36.2,0.46,7.9,-0.023659634999999995,9221.17,26.4,68.43,46.2,0.33199999999999996,0.024467177000000003,0.0,28.22,3.17,0.814,20.5,-23.5,65.3,77.8,10.011000000000001,-5.243,81.3
2022-12-03 17:16:59.999999+00:00,5006,0.1,0.15000000000000002,0.0,8581,11296,0.52,632.7,-0.020312559999999993,4539,36.2,0.46,7.9,-0.023268566999999997,9221.17,26.4,68.43,46.2,0.33199999999999996,0.024062760999999995,0.0,28.22,3.17,0.814,20.5,-23.5,65.3,77.8,10.011000000000001,-5.243,81.3
2022-12-03 17:17:59.999999+00:00,4998,0.07,0.16,0.0,8582,11291,0.6,632.5,-0.05685698,4539,36.2,0.43000000000000005,9.239999999999998,-0.035177351,9220.719999999998,26.4,68.46,46.2,0.327,0.023665028999999994,0.0,28.2,3.19,0.814,20.5,-23.5,65.2,77.8,9.899000000000001,-5.446,81.3
2022-12-03 17:18:59.999999+00:00,4998,0.07,0.16,0.0,8582,11291,0.6,632.5,-0.055917195,4539,36.2,0.43000000000000005,9.239999999999998,-0.034595907,9220.719999999998,26.4,68.46,46.2,0.327,0.023273872000000004,0.0,28.2,3.19,0.814,20.5,-23.5,65.2,77.8,9.899000000000001,-5.446,81.3
2022-12-03 17:19:59.999999+00:00,5003,0.09,0.11,0.0,8579,11289,0.55,631.8,-0.05499294400000001,4533,36.1,0.49,8.139999999999999,-0.034024073999999994,9222.29,26.4,68.42,46.2,0.33099999999999996,0.022889180000000002,0.0,28.21,3.18,0.814,20.5,-24.1,65.2,77.8,9.765,-5.404,81.3
2022-12-03 17:20:59.999999+00:00,5003,0.09,0.11,0.0,8579,11289,0.55,631.8,-0.05408397000000001,4533,36.1,0.49,8.139999999999999,-0.033461692999999994,9222.29,26.4,68.42,46.2,0.33099999999999996,0.022510846,0.0,28.21,3.18,0.814,20.5,-24.1,65.2,77.8,9.765,-5.404,81.3
2022-12-03 17:21:59.999998+00:00,5007,0.09,0.09,0.0,8566,11277,0.52,630.6,-0.10236357400000001,4537,36.1,0.41000000000000003,8.229999999999999,-0.045201994999999995,9222.99,26.4,68.43,46.2,0.33199999999999996,0.022138765999999997,0.0,28.2,3.19,0.814,20.5,-24.3,65.1,77.8,9.738999999999999,-5.6259999999999994,81.2
2022-12-03 17:22:59.999999+00:00,5007,0.09,0.09,0.0,8566,11277,0.52,630.6,-0.10067161400000002,4537,36.1,0.41000000000000003,8.229999999999999,-0.044454854999999995,9222.99,26.4,68.43,46.2,0.33199999999999996,0.021772836,0.0,28.2,3.19,0.814,20.5,-24.3,65.1,77.8,9.738999999999999,-5.6259999999999994,81.2
2022-12-03 17:23:59.999999+00:00,5000,0.1,0.1,0.0,8572,11281,0.56,630.8,-0.148181174,4533,36.1,0.44,8.58,-0.056013452,9223.240000000002,26.4,68.42,46.2,0.33099999999999996,0.021412953999999998,0.0,28.22,3.19,0.813,20.5,-24.3,65.0,77.7,9.264000000000001,-6.554999999999999,81.1
2022-12-03 17:25:00+00:00,5000,0.1,0.1,0.0,8572,11281,0.56,630.8,-0.14573189800000003,4533,36.1,0.44,8.58,-0.05508761000000001,9223.240000000002,26.4,68.42,46.2,0.33099999999999996,0.021059020999999997,0.0,28.22,3.19,0.813,20.5,-24.3,65.0,77.7,9.264000000000001,-6.554999999999999,81.1
2022-12-03 17:25:59.999999+00:00,4999,0.08,0.13,0.0,8570,11279,0.6699999999999999,630.3,-0.143323107,4532,36.1,0.42000000000000004,8.450000000000001,-0.054177071,9222.54,26.4,68.42,46.2,0.33399999999999996,0.020710937999999998,0.0,28.2,3.18,0.813,20.5,-24.2,65.0,77.7,9.133000000000001,-6.320999999999999,81.1
2022-12-03 17:26:59.999998+00:00,5009,0.12000000000000001,0.14,0.0,8574,11283,0.57,631.0,-0.116367353,4536,36.0,0.39,8.83,-0.05328158199999999,9223.03,26.4,68.42,46.2,0.33399999999999996,0.020368608999999992,0.0,28.21,3.19,0.813,20.5,-24.1,65.0,77.6,9.295000000000002,-6.13,81.1
2022-12-03 17:27:59.999999+00:00,4996,0.08,0.19,0.0,8579,11285,0.56,631.4,-0.102150537,4532,36.1,0.43000000000000005,8.08,-0.052400894999999996,9222.369999999999,26.4,68.44000000000001,46.2,0.328,0.020031938000000006,0.0,28.21,3.18,0.813,20.5,-23.9,65.0,77.6,9.404000000000003,-5.917,81.0
2022-12-03 17:29:00+00:00,5007,0.1,0.09,0.0,8578,11286,0.5800000000000001,631.5,-0.100462098,4536,36.1,0.42000000000000004,9.129999999999999,-0.05153476399999999,9222.27,26.4,68.42,46.2,0.326,0.019700831,0.0,28.21,3.19,0.814,20.5,-23.8,65.0,77.6,9.359000000000002,-5.6739999999999995,81.0
2022-12-03 17:29:59.999998+00:00,5006,0.08,0.14,0.0,8577,11285,0.51,630.8,-0.086508179,4530,36.1,0.46,8.61,-0.05068294999999999,9222.359999999999,26.4,68.43,46.2,0.33599999999999997,0.019375197999999996,0.0,28.2,3.18,0.814,20.5,-24.1,65.0,77.6,9.513000000000003,-5.427999999999999,81.0
2022-12-03 17:30:59.999998+00:00,4996,0.09,0.11,0.0,8575,11284,0.54,630.9,-0.09737168099999996,4536,36.1,0.42000000000000004,8.02,-0.06213860400000001,9223.219999999998,26.4,68.42,46.2,0.329,0.019054945999999996,0.0,28.22,3.18,0.814,20.5,-24.0,64.9,77.6,9.402000000000001,-5.611999999999999,81.1
2022-12-03 17:32:00+00:00,5006,0.12000000000000001,0.12000000000000001,0.0,8576,11286,0.57,631.6,-0.08346884300000001,4529,36.0,0.49,8.15,-0.04881813100000001,9221.76,26.4,68.43,46.2,0.33199999999999996,0.018739989,0.0,28.22,3.18,0.814,20.5,-23.8,65.0,77.6,9.422,-5.601999999999999,81.0
2022-12-03 17:32:59.999999+00:00,5006,0.12000000000000001,0.12000000000000001,0.0,8576,11286,0.57,631.6,-0.08208919299999998,4529,36.0,0.49,8.15,-0.04801122,9221.76,26.4,68.43,46.2,0.33199999999999996,0.018430236999999995,0.0,28.22,3.18,0.814,20.5,-23.8,65.0,77.6,9.422,-5.601999999999999,81.0
2022-12-03 17:34:00+00:00,5006,0.13,0.11,0.0,8576,11286,0.56,631.6,-0.08073234600000002,4529,36.0,0.46,8.229999999999999,-0.047217646,9221.76,26.4,68.43,46.2,0.33199999999999996,0.018125605,0.0,28.22,3.18,0.814,20.5,-23.8,65.0,77.6,9.422,-5.601999999999999,81.0
2022-12-03 17:35:00+00:00,4997,0.1,0.15000000000000002,0.0,8587,11292,0.54,632.5,-0.079397927,4531,36.0,0.47000000000000003,8.290000000000001,-0.04643718899999999,9222.949999999999,26.4,68.42,46.2,0.33299999999999996,0.017826008,0.0,28.2,3.18,0.813,20.5,-23.6,65.0,77.6,9.508000000000001,-5.5,81.0
2022-12-03 17:35:59.999999+00:00,4990,0.14,0.11,0.0,8588,11297,0.5800000000000001,633.1,-0.04120539999999999,4532,36.0,0.48000000000000004,7.94,-0.045669632,9220.9,26.4,68.43,46.2,0.329,0.017531362999999998,0.0,28.2,3.18,0.813,20.5,-23.1,65.0,77.7,9.612,-4.913,81.0
2022-12-03 17:37:00+00:00,4990,0.14,0.11,0.0,8588,11297,0.5800000000000001,633.1,-0.040524318999999996,4532,36.0,0.48000000000000004,7.94,-0.044914762000000004,9220.9,26.4,68.43,46.2,0.329,0.017241589000000005,0.0,28.2,3.18,0.813,20.5,-23.1,65.0,77.7,9.612,-4.913,81.0
2022-12-03 17:37:59.999999+00:00,4998,0.1,0.14,0.0,8595,11305,0.57,635.1,-0.00297433,4536,36.0,0.46,9.27,-0.044172368999999996,9221.01,26.4,68.42,46.2,0.33499999999999996,0.016956604,0.0,28.21,3.18,0.814,20.5,-22.7,65.0,77.7,9.697000000000001,-4.737,81.0
2022-12-03 17:38:59.999999+00:00,5005,0.11,0.15000000000000002,0.0,8594,11305,0.53,634.4,-0.0029251679999999997,4528,36.0,0.51,8.92,-0.031148858999999994,9220.359999999999,26.5,68.41000000000001,46.2,0.326,0.016676329,0.0,28.18,3.18,0.814,20.5,-22.8,65.1,77.7,9.759,-4.344999999999999,81.2
2022-12-03 17:39:59.999999+00:00,5005,0.11,0.15000000000000002,0.0,8594,11305,0.53,634.4,-0.0028768179999999993,4528,36.0,0.51,8.92,-0.030634002000000004,9220.359999999999,26.5,68.41000000000001,46.2,0.326,0.016400687,0.0,28.18,3.18,0.814,20.5,-22.8,65.1,77.7,9.759,-4.344999999999999,81.2
2022-12-03 17:41:00+00:00,5012,0.07,0.12000000000000001,0.0,8599,11312,0.52,635.3,0.009464120999999999,4547,36.1,0.47000000000000003,8.61,-0.017834265999999998,9218.93,26.4,68.43,46.2,0.328,0.016129602,0.0,28.2,3.19,0.814,20.5,-22.6,65.2,77.8,9.674000000000001,-4.577,81.2
2022-12-03 17:41:59.999999+00:00,5012,0.07,0.12000000000000001,0.0,8599,11312,0.52,635.3,0.00930769,4547,36.1,0.47000000000000003,8.61,-0.017539485,9218.93,26.4,68.43,46.2,0.328,0.015862997,0.0,28.2,3.19,0.814,20.5,-22.6,65.2,77.8,9.674000000000001,-4.577,81.2
2022-12-03 17:42:59.999999+00:00,5001,0.15000000000000002,0.15000000000000002,0.0,8597,11317,0.53,636.6,0.046034008999999994,4547,36.1,0.5,8.65,-0.004956188,9221.04,26.5,68.43,46.2,0.32999999999999996,0.015600798,0.0,28.18,3.18,0.813,20.5,-22.6,65.3,77.8,10.62,-4.497,81.3
2022-12-03 17:44:00+00:00,5001,0.15000000000000002,0.15000000000000002,0.0,8597,11317,0.53,636.6,0.04527311599999999,4547,36.1,0.5,8.65,-0.004874267,9221.04,26.5,68.43,46.2,0.32999999999999996,0.015342933999999999,0.0,28.18,3.18,0.813,20.5,-22.6,65.3,77.8,10.62,-4.497,81.3
2022-12-03 17:44:59.999999+00:00,5003,0.08,0.14,0.0,8605,11313,0.57,636.1,0.05681818899999999,4544,36.1,0.51,8.57,-0.004793701,9220.91,26.5,68.41000000000001,46.2,0.33099999999999996,0.015089331999999997,0.0,28.2,3.18,0.814,20.5,-22.3,65.3,78.0,10.474,-4.137,81.3
2022-12-03 17:46:00+00:00,5003,0.08,0.14,0.0,8605,11313,0.57,636.1,0.05587904499999999,4544,36.1,0.51,8.57,-0.004714465999999999,9220.91,26.5,68.41000000000001,46.2,0.33099999999999996,0.014839920999999999,0.0,28.2,3.18,0.814,20.5,-22.3,65.3,78.0,10.474,-4.137,81.3
2022-12-03 17:47:00+00:00,5000,0.17,0.12000000000000001,0.0,8590,11299,0.56,633.4,0.018075259,4537,36.1,0.48000000000000004,9.42,-0.004636541,9222.58,26.5,68.42,46.2,0.33099999999999996,0.014594632999999994,0.0,28.21,3.19,0.814,20.5,-23.1,65.3,77.9,10.192,-4.294,81.3
2022-12-03 17:47:59.999999+00:00,5000,0.17,0.12000000000000001,0.0,8590,11299,0.56,633.4,0.017776495,4537,36.1,0.48000000000000004,9.42,-0.004559903999999999,9222.58,26.5,68.42,46.2,0.327,0.014353399999999999,0.0,28.21,3.19,0.814,20.5,-23.1,65.3,77.9,10.192,-4.294,81.3
2022-12-03 17:48:59.999999+00:00,4992,0.1,0.11,0.0,8590,11300,0.5,633.4,0.017482668,4537,36.2,0.47000000000000003,9.25,-0.004484533999999999,9219.949999999999,26.5,68.41000000000001,46.2,0.327,0.014116152999999996,0.0,28.21,3.18,0.814,20.5,-23.1,65.3,77.9,9.979000000000001,-4.567999999999999,81.3
2022-12-03 17:50:00+00:00,4992,0.1,0.11,0.0,8590,11300,0.5,633.5,0.017193697999999997,4535,36.2,0.47000000000000003,9.25,-0.004410409,9219.949999999999,26.5,68.41000000000001,46.2,0.33099999999999996,0.013882829000000001,0.0,28.22,3.18,0.814,20.5,-23.1,65.3,77.9,9.979000000000001,-4.567999999999999,81.3
2022-12-03 17:50:59.999999+00:00,4996,0.1,0.21000000000000002,0.0,8594,11301,0.53,633.8,-0.007677272,4533,36.1,0.38,9.15,-0.004337509999999999,9220.41,26.5,68.42,46.2,0.326,0.013653359999999998,0.0,28.22,3.18,0.814,20.5,-22.8,65.3,77.9,9.962000000000002,-4.677,81.3
2022-12-03 17:51:59.999999+00:00,4996,0.1,0.21000000000000002,0.0,8594,11301,0.53,633.8,-0.007550374999999999,4533,36.1,0.38,9.15,-0.0042658159999999995,9220.41,26.5,68.42,46.2,0.326,0.013427685,0.0,28.22,3.18,0.814,20.5,-22.8,65.3,77.9,9.962000000000002,-4.677,81.3
2022-12-03 17:53:00+00:00,4990,0.08,0.16,0.20383013000000003,8597,11309,0.53,634.9,0.0048678129999999995,4535,36.1,0.55,9.350000000000001,-0.004195305999999999,9220.31,26.4,68.41000000000001,46.2,0.326,0.013205739999999999,0.0,28.21,3.18,0.814,20.5,-22.7,65.3,77.9,9.967,-4.489,81.3
2022-12-03 17:54:00+00:00,4990,0.08,0.16,0.20012391899999998,8597,11309,0.53,634.9,0.004787354,4535,36.1,0.55,9.350000000000001,-0.0041259619999999995,9220.31,26.4,68.41000000000001,46.2,0.326,0.012987462999999998,0.0,28.21,3.18,0.814,20.5,-22.7,65.3,77.9,9.967,-4.489,81.3
2022-12-03 17:55:00+00:00,5000,0.12000000000000001,0.16,0.0,8597,11309,0.5,635.2,0.017001611999999996,4539,36.1,0.53,9.0,-0.016351153,9220.09,26.4,68.41000000000001,46.2,0.328,0.012772793999999999,0.0,28.21,3.18,0.813,20.5,-22.6,65.2,77.9,9.922,-4.464999999999999,81.3
2022-12-03 17:55:59.999999+00:00,5000,0.12000000000000001,0.16,0.0,8597,11309,0.5,635.2,0.016720594,4539,36.1,0.53,9.0,-0.016080886000000003,9220.09,26.4,68.41000000000001,46.2,0.328,0.012561674,0.0,28.21,3.18,0.813,20.5,-22.6,65.2,77.9,9.922,-4.464999999999999,81.3
2022-12-03 17:56:59.999999+00:00,4999,0.11,0.13,0.0,8600,11309,0.59,635.4,0.065617774,4534,36.1,0.46,9.01,-0.0035216979999999998,9220.640000000001,26.4,68.42,46.2,0.321,0.012354042999999997,0.0,28.21,3.18,0.813,20.5,-22.6,65.3,78.0,9.847999999999999,-4.353999999999999,81.3
2022-12-03 17:58:00+00:00,4999,0.11,0.13,0.0,8600,11309,0.59,635.4,0.06453318299999998,4534,36.1,0.46,9.01,-0.003463488,9220.640000000001,26.4,68.42,46.2,0.321,0.012149843999999998,0.0,28.21,3.18,0.813,20.5,-22.6,65.3,78.0,9.847999999999999,-4.353999999999999,81.3
2022-12-03 17:58:59.999999+00:00,5001,0.07,0.1,0.0,8605,11314,0.48000000000000004,636.2,0.014292964999999996,4535,36.1,0.49,8.620000000000001,-0.0034062399999999996,9221.5,26.5,68.41000000000001,46.2,0.32999999999999996,0.01194902,0.0,28.24,3.18,0.813,20.5,-22.4,65.3,77.9,9.747000000000002,-4.424999999999999,81.3
2022-12-03 18:00:00+00:00,5001,0.07,0.1,0.0,8605,11314,0.48000000000000004,636.2,0.014056717999999994,4535,36.1,0.49,8.620000000000001,-0.003349939,9221.5,26.5,68.41000000000001,46.2,0.32999999999999996,0.011751515,0.0,28.24,3.18,0.813,20.5,-22.4,65.3,77.9,9.747000000000002,-4.424999999999999,81.3
2022-12-03 18:01:00+00:00,4994,0.11,0.15000000000000002,0.0,8596,11306,0.49,636.2,-0.02305579,4535,36.1,0.49,9.08,0.008998820999999997,9220.93,26.5,68.43,46.2,0.32999999999999996,0.011557275,0.0,28.24,3.19,0.813,20.5,-22.9,65.4,78.0,10.188,-4.052,81.3
2022-12-03 18:01:59.999999+00:00,4994,0.11,0.15000000000000002,0.0,8596,11306,0.49,634.2,-0.022674703000000004,4535,36.1,0.49,9.08,0.008850080000000001,9220.93,26.5,68.43,46.2,0.32999999999999996,0.011366245999999998,0.0,28.2,3.19,0.813,20.5,-22.9,65.4,78.0,10.188,-4.052,81.3
2022-12-03 18:02:59.999999+00:00,4992,0.1,0.15000000000000002,0.0,8603,11314,0.52,635.3,0.0022868629999999997,4539,36.2,0.48000000000000004,9.030000000000001,0.008703797000000001,9219.959999999995,26.5,68.41000000000001,46.2,0.329,0.011178374,0.0,28.21,3.19,0.813,20.5,-22.5,65.4,77.9,10.93,-3.9189999999999996,81.3
2022-12-03 18:04:00+00:00,4992,0.1,0.15000000000000002,0.0,8603,11314,0.52,635.3,0.0022490629999999995,4539,36.2,0.48000000000000004,9.030000000000001,0.008559933,9219.959999999995,26.5,68.41000000000001,46.2,0.329,0.010993607999999998,0.0,28.21,3.19,0.813,20.5,-22.5,65.4,77.9,10.93,-3.9189999999999996,81.3
2022-12-03 18:04:59.999999+00:00,4994,0.09,0.21000000000000002,0.0,8596,11306,0.56,633.6,-0.034668277,4536,36.2,0.51,9.42,0.008418446000000001,9221.43,26.5,68.41000000000001,46.2,0.33399999999999996,0.010811895,0.0,28.21,3.17,0.814,20.5,-22.9,65.4,78.0,10.82,-3.682,81.4
2022-12-03 18:05:59.999999+00:00,4994,0.09,0.21000000000000002,0.0,8596,11306,0.56,633.6,-0.034095247,4536,36.2,0.51,9.42,0.008279299,9221.43,26.5,68.41000000000001,46.2,0.33399999999999996,0.010633186,0.0,28.21,3.17,0.814,20.5,-22.9,65.4,78.0,10.82,-3.682,81.4
2022-12-03 18:06:59.999999+00:00,5001,0.14,0.21000000000000002,0.0,8593,11304,0.57,633.6,-0.04582507799999999,4534,36.30000000000001,0.49,9.9,0.008142451,9220.5,26.5,68.41000000000001,46.2,0.327,0.010457431,0.0,28.2,3.18,0.813,20.5,-22.8,65.4,78.0,10.994,-4.014999999999999,81.4
2022-12-03 18:08:00+00:00,5001,0.14,0.21000000000000002,0.0,8593,11304,0.57,633.6,-0.045067639000000013,4534,36.30000000000001,0.49,9.9,0.008007865000000001,9220.5,26.5,68.41000000000001,46.2,0.327,0.010284581,0.0,28.2,3.18,0.813,20.5,-22.8,65.4,78.0,10.994,-4.014999999999999,81.4
2022-12-03 18:09:00+00:00,4999,0.11,0.15000000000000002,0.0,8593,11305,0.56,634.2,-0.068909496,4531,36.30000000000001,0.47000000000000003,9.61,0.007875503,9220.98,26.5,68.41000000000001,46.2,0.329,0.010114588,0.0,28.2,3.18,0.8120000000000002,20.5,-22.9,65.4,78.0,11.012,-3.828,81.4
2022-12-03 18:10:00+00:00,4999,0.11,0.15000000000000002,0.0,8593,11305,0.56,634.2,-0.06777049600000001,4531,36.30000000000001,0.47000000000000003,9.61,0.00774533,9220.98,26.5,68.41000000000001,46.2,0.329,0.009947405000000001,0.0,28.2,3.18,0.8120000000000002,20.5,-22.9,65.4,78.0,11.012,-3.828,81.4
2022-12-03 18:11:00+00:00,5004,0.12000000000000001,0.14,0.0,8597,11310,0.5,634.9,-0.029770156999999995,4536,36.2,0.49,9.129999999999999,0.007617307999999999,9220.66,26.5,68.41000000000001,46.2,0.326,0.009782985000000001,0.0,28.2,3.19,0.814,20.5,-22.7,65.4,78.0,11.149,-3.549,81.4
2022-12-03 18:11:59.999999+00:00,5004,0.12000000000000001,0.14,0.0,8597,11310,0.5,634.9,-0.029278087999999997,4536,36.2,0.49,9.129999999999999,0.007491402000000001,9220.66,26.5,68.41000000000001,46.2,0.326,0.009621281999999998,0.0,28.2,3.19,0.814,20.5,-22.7,65.4,78.0,11.149,-3.549,81.4
2022-12-03 18:13:00+00:00,5000,0.15000000000000002,0.14,0.0,8599,11311,0.54,634.9,-0.004207375999999999,4544,36.2,0.42000000000000004,8.97,-0.0049258109999999996,9221.03,26.5,68.41000000000001,46.2,0.33099999999999996,0.009462253,0.0,28.21,3.18,0.813,20.5,-22.6,65.3,78.0,11.189,-3.48,81.4
2022-12-03 18:14:00+00:00,5000,0.15000000000000002,0.14,0.0,8599,11311,0.54,634.9,-0.004137832999999999,4544,36.2,0.42000000000000004,8.97,-0.004844392999999999,9221.03,26.5,68.41000000000001,46.2,0.33099999999999996,0.009305852000000003,0.0,28.21,3.18,0.813,20.5,-22.6,65.3,78.0,11.189,-3.48,81.4
2022-12-03 18:14:59.999999+00:00,5001,0.16,0.15000000000000002,0.0,8597,11313,0.54,635.4,0.032810726,4538,36.2,0.47000000000000003,9.48,0.007529068,9220.77,26.5,68.42,46.2,0.325,0.009152036000000002,0.0,28.21,3.17,0.814,20.5,-22.5,65.4,78.0,11.09,-3.4309999999999996,81.4
2022-12-03 18:15:59.999998+00:00,4994,0.17,0.11,0.0,8602,11311,0.54,635.3,0.019975011999999997,4535,36.2,0.47000000000000003,8.739999999999998,0.007404621000000001,9220.33,26.5,68.41000000000001,46.2,0.325,0.009000762999999998,0.0,28.2,3.18,0.813,20.5,-22.3,65.4,78.0,10.874000000000002,-3.695,81.4
2022-12-03 18:16:59.999999+00:00,5005,0.15000000000000002,0.11,0.0,8603,11315,0.52,635.5,0.056525011999999986,4538,36.2,0.44,8.139999999999999,0.00728223,9220.740000000002,26.4,68.42,46.2,0.328,0.00885199,0.0,28.2,3.18,0.814,20.5,-22.5,65.4,78.0,10.483000000000002,-3.881,81.4
2022-12-03 18:17:59.999999+00:00,4998,0.07,0.19,0.0,8604,11316,0.52,635.8,0.055590714,4540,36.2,0.45,9.129999999999999,0.007161863,9221.799999999997,26.4,68.41000000000001,46.2,0.33099999999999996,0.008705676,0.0,28.2,3.17,0.814,20.5,-22.3,65.4,78.0,10.329000000000002,-3.9699999999999998,81.4
2022-12-03 18:19:00+00:00,4997,0.13,0.16,0.0,8600,11315,0.49,635.7,0.005498306,4540,36.2,0.53,9.0,0.0070434849999999995,9220.77,26.4,68.41000000000001,46.2,0.33299999999999996,0.008561781000000001,0.0,28.21,3.18,0.813,20.5,-22.8,65.4,78.0,10.450000000000001,-4.136,81.4
2022-12-03 18:19:59.999999+00:00,5006,0.1,0.17,0.0,8596,11311,0.55,635.1,-0.006885964,4541,36.2,0.47000000000000003,9.3,0.006927063999999999,9220.98,26.4,68.42,46.2,0.326,0.008420264,0.0,28.22,3.18,0.813,20.5,-22.5,65.4,77.9,10.824,-3.985,81.4
2022-12-03 18:20:59.999999+00:00,5006,0.07,0.12000000000000001,0.0,8596,11311,0.53,635.1,-0.006772146,4541,36.1,0.48000000000000004,8.57,0.006812566999999999,9221.66,26.4,68.42,46.2,0.326,0.008281086,0.0,28.22,3.18,0.813,20.5,-22.6,65.4,78.0,11.109,-3.753,81.4
2022-12-03 18:22:00+00:00,5004,0.11,0.18,0.0,8603,11319,0.48000000000000004,635.7,-0.031246987,4543,36.1,0.45,8.56,0.006699962,9221.629999999997,26.4,68.41000000000001,46.2,0.328,0.008144207999999997,0.0,28.22,3.18,0.813,20.5,-22.2,65.4,78.0,11.296000000000001,-3.603,81.4
2022-12-03 18:22:59.999999+00:00,4999,0.1,0.13,0.0,8601,11313,0.52,634.8,-0.0061437309999999995,4536,36.1,0.47000000000000003,8.33,0.006589219000000001,9219.89,26.3,68.42,46.2,0.328,0.008009593,0.0,28.21,3.18,0.814,20.5,-22.8,65.4,78.0,11.38,-3.4389999999999996,81.4
2022-12-03 18:23:59.999999+00:00,5004,0.12000000000000001,0.1,0.0,8598,11314,0.5,635.3,-0.01833557,4543,36.1,0.48000000000000004,8.350000000000001,0.006480306,9222.369999999999,26.4,68.41000000000001,46.2,0.33199999999999996,0.007877203,0.0,28.22,3.18,0.814,20.5,-22.6,65.4,78.0,11.321,-3.408,81.4
2022-12-03 18:24:59.999998+00:00,5003,0.16,0.14,0.0,8602,11318,0.52,635.9,-0.030325890999999997,4538,36.1,0.5,9.030000000000001,0.0063731939999999996,9220.77,26.3,68.4,46.2,0.33199999999999996,0.007747002,0.0,28.2,3.19,0.813,20.5,-22.4,65.4,78.0,11.432,-3.429,81.4
2022-12-03 18:26:00+00:00,5002,0.11,0.13,0.0,8604,11313,0.5,635.4,-0.029824636999999998,4546,36.1,0.52,8.48,-0.006025536999999999,9220.83,26.3,68.41000000000001,46.2,0.327,0.007618951999999999,0.0,28.2,3.18,0.813,20.5,-22.4,65.3,78.0,11.354000000000003,-3.3789999999999996,81.4
2022-12-03 18:26:59.999999+00:00,4991,0.1,0.14,0.0,8602,11316,0.52,635.1,-0.017038279,4540,36.1,0.5,8.67,0.006367446999999999,9221.34,26.3,68.41000000000001,46.2,0.33299999999999996,0.007493019,0.0,28.21,3.17,0.813,20.5,-22.5,65.4,78.0,11.441,-3.299,81.4
2022-12-03 18:27:59.999999+00:00,4998,0.09,0.13,0.0,8610,11322,0.48000000000000004,636.7,-0.004463266,4541,36.1,0.44,9.43,0.006262199999999999,9220.33,26.3,68.41000000000001,46.2,0.326,0.007369167,0.0,28.2,3.18,0.814,20.5,-22.1,65.4,78.0,11.42,-3.4339999999999997,81.4
2022-12-03 18:29:00+00:00,4996,0.11,0.19,0.0,8605,11319,0.54,636.1,-0.004389493,4540,36.1,0.53,8.75,0.006158693,9220.15,26.3,68.4,46.2,0.33199999999999996,0.007247363,0.0,28.2,3.17,0.813,20.5,-22.4,65.4,78.0,11.413,-3.088,81.4
2022-12-03 18:30:00+00:00,5001,0.09,0.16,0.0,8608,11323,0.53,636.5,0.007976449000000002,4544,36.1,0.48000000000000004,10.360000000000001,0.006056896,9221.730000000001,26.4,68.41000000000001,46.2,0.326,0.007127571999999999,0.0,28.21,3.18,0.817,20.4,-22.2,65.4,78.1,11.362000000000002,-3.151,81.4
2022-12-03 18:30:59.999999+00:00,4988,0.11,0.15000000000000002,0.0,8617,11361,0.5,644.7,0.007844607,4587,36.1,0.54,9.16,0.005956782,9219.33,26.3,68.41000000000001,46.2,0.328,0.007009761,0.0,28.17,3.17,0.809,20.5,-21.9,65.4,78.1,11.566000000000003,-2.963,81.5
2022-12-03 18:32:00+00:00,4992,0.13,0.17,0.0,8625,11377,0.48000000000000004,647.7,-0.016871833,4591,36.1,0.52,8.77,0.0304451,9221.15,26.3,68.42,46.1,0.33299999999999996,-0.09145321,0.0,28.17,3.18,0.8120000000000002,20.4,-20.7,65.6,78.2,11.968,-4.168999999999999,81.5
2022-12-03 18:32:59.999999+00:00,4998,0.18,0.19,0.0,8645,11394,0.51,649.9,0.007993817,4600,36.1,0.49,9.860000000000001,0.029941875000000003,9218.16,26.4,68.41000000000001,46.1,0.33099999999999996,0.008405520000000003,0.0,28.18,3.17,0.817,20.5,-19.9,65.6,78.3,13.623000000000001,-3.9139999999999997,81.6
2022-12-03 18:33:59.999999+00:00,4993,0.1,0.17,0.0,8665,11414,0.56,653.5,0.106208795,4605,36.1,0.52,11.77,0.041740356999999985,9219.02,26.4,68.39,46.1,0.329,-0.09008052100000001,0.0,28.17,3.17,0.816,20.5,-18.8,65.7,78.5,14.158000000000001,-2.4339999999999997,81.7
2022-12-03 18:35:00+00:00,4993,0.1,0.17,0.0,8665,11414,0.56,653.5,0.10445327800000001,4605,36.1,0.52,11.77,0.04105043299999999,9219.02,26.4,68.39,46.1,0.329,-0.08859158700000004,0.0,28.17,3.17,0.816,20.5,-18.8,65.7,78.5,14.158000000000001,-2.4339999999999997,81.7
2022-12-03 18:35:59.999999+00:00,5012,0.1,0.22,0.552391376,8676,11433,0.63,655.7,0.21336727300000002,4611,36.2,0.52,12.44,0.05266530199999999,9219.92,26.3,68.41000000000001,46.1,0.329,-0.08712726300000001,0.0,28.17,3.18,0.813,20.5,-18.0,65.8,78.7,14.39,-1.7849999999999997,81.9
2022-12-03 18:36:59.999999+00:00,5012,0.1,0.22,0.5428996960000001,8676,11433,0.63,655.7,0.209840541,4611,36.2,0.52,12.44,0.051794801,9219.92,26.3,68.41000000000001,46.1,0.329,-0.08568714300000002,0.0,28.17,3.18,0.813,20.5,-18.0,65.8,78.7,14.39,-1.7849999999999997,81.9
2022-12-03 18:38:00+00:00,5006,0.12000000000000001,0.24000000000000002,0.6740309109999999,8686,11441,0.62,657.4,0.25554565599999995,4620,36.2,0.51,10.350000000000001,0.07552546599999999,9220.140000000001,26.3,68.41000000000001,46.1,0.33299999999999996,-0.08427082699999999,0.0,28.18,3.18,0.814,20.5,-17.5,66.0,79.1,15.194,-0.884,82.2
2022-12-03 18:38:59.999999+00:00,5006,0.12000000000000001,0.24000000000000002,0.6623196949999999,8686,11441,0.62,657.4,0.25132176100000003,4620,36.2,0.51,10.350000000000001,0.074277111,9220.140000000001,26.3,68.41000000000001,46.1,0.33299999999999996,-0.08287792100000001,0.0,28.18,3.18,0.814,20.5,-17.5,66.0,79.1,15.194,-0.884,82.2
2022-12-03 18:39:59.999999+00:00,5007,0.13,0.24000000000000002,0.43480713500000007,8689,11447,0.6699999999999999,658.2,0.271754459,4618,36.2,0.53,10.54,0.085342779,9221.41,26.3,68.41000000000001,46.1,0.33599999999999997,-0.081508038,0.0,28.22,3.18,0.813,20.5,-17.4,66.1,79.2,15.229999999999999,-0.6959999999999998,82.2
2022-12-03 18:40:59.999999+00:00,5010,0.11,0.4,0.5456367689999999,8693,11454,0.59,659.3,0.34102298100000006,4622,36.1,0.52,11.53,0.108518931,9220.57,26.3,68.4,46.1,0.33399999999999996,-0.08016079699999999,0.0,28.22,3.19,0.813,20.5,-16.8,66.3,79.3,15.084,-0.4290000000000001,82.6
2022-12-03 18:41:59.999998+00:00,5010,0.11,0.4,0.5366179799999999,8693,11454,0.59,659.3,0.335386237,4622,36.1,0.52,11.53,0.10672523000000003,9220.57,26.3,68.4,46.1,0.33399999999999996,-0.07883582599999998,0.0,28.22,3.19,0.813,20.5,-16.8,66.3,79.3,15.084,-0.4290000000000001,82.6
2022-12-03 18:42:59.999999+00:00,5001,0.09,0.23,0.8727747250000001,8697,11460,0.62,660.5,0.366722828,4622,36.1,0.49,11.29,0.129547953,9220.719999999998,26.3,68.4,46.1,0.33099999999999996,-0.077532754,0.0,28.22,3.17,0.813,20.5,-16.7,66.5,79.4,15.02,-0.41000000000000003,82.7
2022-12-03 18:43:59.999999+00:00,5001,0.09,0.23,0.8576853540000001,8697,11460,0.62,660.5,0.36066129399999997,4622,36.1,0.49,11.29,0.127406665,9220.719999999998,26.3,68.4,46.1,0.33099999999999996,-0.07625122099999998,0.0,28.22,3.17,0.813,20.5,-16.7,66.5,79.4,15.02,-0.41000000000000003,82.7
2022-12-03 18:45:00+00:00,5005,0.09,0.32,0.821250041,8698,11462,0.65,660.9,0.37928672700000005,4621,36.1,0.51,10.57,0.137594158,9219.18,26.3,68.41000000000001,46.1,0.329,-0.07499087,0.0,28.22,3.17,0.814,20.5,-16.6,66.6,79.4,15.015000000000002,-0.375,82.8
2022-12-03 18:46:00+00:00,5005,0.09,0.32,0.807302736,8698,11462,0.65,660.9,0.373017525,4621,36.1,0.51,10.57,0.135319874,9219.18,26.3,68.41000000000001,46.1,0.329,-0.07375135199999999,0.0,28.22,3.17,0.814,20.5,-16.6,66.6,79.4,15.015000000000002,-0.375,82.8
2022-12-03 18:47:00+00:00,4994,0.1,0.27,0.8853001279999999,8700,11465,0.6599999999999999,660.9,0.4160255000000001,4621,36.2,0.53,11.38,0.133083182,9218.75,26.3,68.41000000000001,46.1,0.329,-0.170879428,0.26543038100000005,28.22,3.18,0.814,20.5,-16.3,66.6,79.5,14.962000000000002,-0.41100000000000003,82.9
2022-12-03 18:47:59.999999+00:00,4994,0.1,0.27,0.8702756070000001,8700,11465,0.6599999999999999,660.9,0.409149045,4627,36.2,0.53,11.38,0.13088346,9218.75,26.3,68.41000000000001,46.1,0.33899999999999997,-0.168054975,0.261043102,28.22,3.18,0.814,20.5,-16.3,66.6,79.5,14.962000000000002,-0.41100000000000003,82.9
2022-12-03 18:49:00+00:00,4999,0.09,0.31,0.940467639,8704,11465,0.62,661.1,0.4392664170000001,4620,36.2,0.53,12.67,0.153306874,9218.79,26.3,68.41000000000001,46.1,0.32999999999999996,-0.165277207,0.2763977610000001,28.22,3.19,0.8120000000000002,20.5,-16.3,66.8,79.6,14.896000000000003,-0.446,83.0
2022-12-03 18:49:59.999999+00:00,4997,0.11,0.32,0.9091100659999999,8706,11468,0.64,661.4,0.4197124260000001,4614,36.2,0.51,13.29,0.150772876,9219.39,26.3,68.41000000000001,46.1,0.33399999999999996,-0.16254535200000003,0.33083746799999997,28.21,3.19,0.814,20.5,-16.1,66.8,79.6,14.917,-0.224,83.1
2022-12-03 18:50:59.999999+00:00,5003,0.09,0.4,0.6604400489999999,8704,11466,0.57,661.3,0.412775031,4622,36.30000000000001,0.53,11.06,0.148280762,9219.57,26.3,68.42,46.1,0.33199999999999996,-0.159858652,0.384377344,28.21,3.19,0.813,20.5,-16.1,66.8,79.6,14.792,-0.252,83.1
2022-12-03 18:51:59.999999+00:00,4997,0.07,0.32,0.8549738380000002,8712,11468,0.56,661.6,0.40595230300000007,4620,36.2,0.47000000000000003,11.33,0.158123229,9219.459999999995,26.2,68.41000000000001,46.1,0.32999999999999996,-0.15721636000000005,0.456701686,28.22,3.18,0.813,20.5,-16.1,66.9,79.5,14.687000000000001,-0.402,83.2
2022-12-03 18:53:00+00:00,4999,0.1,0.39,0.638787756,8702,11467,0.5800000000000001,661.0,0.39924234799999997,4622,36.2,0.49,11.0,0.16780301,9219.1,26.2,68.4,46.1,0.33299999999999996,-0.15461774300000003,0.4294834760000001,28.2,3.18,0.8120000000000002,20.5,-16.4,67.0,79.6,14.626000000000001,-0.399,83.2
2022-12-03 18:53:59.999999+00:00,4999,0.1,0.39,0.628229281,8702,11467,0.5800000000000001,661.0,0.3926433,4622,36.2,0.49,11.0,0.165029407,9219.1,26.2,68.4,46.1,0.33299999999999996,-0.152062078,0.4223845760000001,28.2,3.18,0.8120000000000002,20.5,-16.4,67.0,79.6,14.626000000000001,-0.399,83.2
2022-12-03 18:55:00+00:00,4997,0.11,0.2800000000000001,0.8752631949999999,8686,11447,0.59,657.3,0.39844671700000006,4619,36.2,0.45,12.49,0.15000826000000003,9220.56,26.2,68.4,46.1,0.328,-0.14954865500000003,0.395733591,28.21,3.17,0.813,20.5,-17.5,66.9,79.5,14.392000000000001,-0.8610000000000001,83.3
2022-12-03 18:56:00+00:00,4997,0.11,0.2800000000000001,0.860337514,8686,11447,0.59,657.3,0.39186082100000014,4619,36.2,0.45,12.49,0.14752878400000002,9220.56,26.2,68.4,46.1,0.328,-0.14707677599999996,0.38919254,28.21,3.17,0.813,20.5,-17.5,66.9,79.5,14.392000000000001,-0.8610000000000001,83.3
2022-12-03 18:56:59.999999+00:00,5005,0.08,0.2,0.5576057870000001,8690,11449,0.59,658.2,0.348503617,4619,36.2,0.5,11.850000000000001,0.132796904,9220.25,26.2,68.4,46.1,0.33499999999999996,-0.144645755,0.363090184,28.21,3.18,0.813,20.5,-17.0,66.8,79.4,14.004,-2.0949999999999998,83.3
2022-12-03 18:58:00+00:00,5005,0.08,0.2,0.548389163,8690,11449,0.59,658.2,0.3427432269999999,4619,36.2,0.5,11.850000000000001,0.13060191399999999,9220.25,26.2,68.4,46.1,0.33499999999999996,-0.142254916,0.35708869300000007,28.21,3.18,0.813,20.5,-17.0,66.8,79.4,14.004,-2.0949999999999998,83.3
