column,tau,dimension,homology_dimension,birth,death,persistence,is_infinite,embedding_points_original,embedding_points_used,max_points_limit
Lab1_G1_N3,3,4,2,1.9098161458969116,1.9217153787612915,0.011899232864379883,False,1430,400,400
Lab1_G1_N3,3,4,2,1.747768759727478,1.7991846799850464,0.05141592025756836,False,1430,400,400
Lab1_G1_N3,3,4,2,1.6120703220367432,1.6261497735977173,0.014079451560974121,False,1430,400,400
Lab1_G1_N3,3,4,2,1.58353590965271,1.7346765995025635,0.15114068984985352,False,1430,400,400
Lab1_G1_N3,3,4,2,1.569074034690857,1.65394926071167,0.08487522602081299,False,1430,400,400
Lab1_G1_N3,3,4,2,1.5397429466247559,1.6401084661483765,0.1003655195236206,False,1430,400,400
Lab1_G1_N3,3,4,2,1.4946675300598145,1.5098421573638916,0.015174627304077148,False,1430,400,400
Lab1_G1_N3,3,4,2,1.4946675300598145,1.5248658657073975,0.030198335647583008,False,1430,400,400
Lab1_G1_N3,3,4,2,1.4481897354125977,1.5544776916503906,0.10628795623779297,False,1430,400,400
Lab1_G1_N3,3,4,2,1.3837932348251343,1.5098421573638916,0.12604892253875732,False,1430,400,400
Lab1_G1_N3,3,4,2,1.3672202825546265,1.4946675300598145,0.127447247505188,False,1430,400,400
Lab1_G1_N3,3,4,2,1.3672202825546265,1.4163575172424316,0.049137234687805176,False,1430,400,400
Lab1_G1_N3,3,4,2,1.350443959236145,1.4946675300598145,0.14422357082366943,False,1430,400,400
Lab1_G1_N3,3,4,2,1.316249966621399,1.3672202825546265,0.05097031593322754,False,1430,400,400
Lab1_G1_N3,3,4,2,1.298815369606018,1.3672202825546265,0.0684049129486084,False,1430,400,400
Lab1_G1_N3,3,4,2,1.298815369606018,1.316249966621399,0.01743459701538086,False,1430,400,400
Lab1_G1_N3,3,4,2,1.298815369606018,1.3672202825546265,0.0684049129486084,False,1430,400,400
Lab1_G1_N3,3,4,2,1.2632246017456055,1.3334565162658691,0.07023191452026367,False,1430,400,400
Lab1_G1_N3,3,4,2,1.2632246017456055,1.3334565162658691,0.07023191452026367,False,1430,400,400
Lab1_G1_N3,3,4,2,1.2632246017456055,1.3672202825546265,0.103995680809021,False,1430,400,400
Lab1_G1_N3,3,4,2,1.2450478076934814,1.2811435461044312,0.03609573841094971,False,1430,400,400
Lab1_G1_N3,3,4,2,1.2450478076934814,1.2632246017456055,0.018176794052124023,False,1430,400,400
Lab1_G1_N3,3,4,2,1.2450478076934814,1.298815369606018,0.05376756191253662,False,1430,400,400
Lab1_G1_N3,3,4,2,1.2450478076934814,1.2811435461044312,0.03609573841094971,False,1430,400,400
Lab1_G1_N3,3,4,2,1.2450478076934814,1.2811435461044312,0.03609573841094971,False,1430,400,400
Lab1_G1_N3,3,4,2,1.2450478076934814,1.2811435461044312,0.03609573841094971,False,1430,400,400
Lab1_G1_N3,3,4,2,1.2266016006469727,1.2450478076934814,0.01844620704650879,False,1430,400,400
Lab1_G1_N3,3,4,2,1.2266016006469727,1.316249966621399,0.08964836597442627,False,1430,400,400
Lab1_G1_N3,3,4,2,1.2266016006469727,1.2450478076934814,0.01844620704650879,False,1430,400,400
Lab1_G1_N3,3,4,2,1.188850998878479,1.316249966621399,0.12739896774291992,False,1430,400,400
Lab1_G1_N3,3,4,2,1.188850998878479,1.2266016006469727,0.03775060176849365,False,1430,400,400
Lab1_G1_N3,3,4,2,1.188850998878479,1.298815369606018,0.10996437072753906,False,1430,400,400
Lab1_G1_N3,3,4,2,1.1695187091827393,1.188850998878479,0.019332289695739746,False,1430,400,400
Lab1_G1_N3,3,4,2,1.1695187091827393,1.2632246017456055,0.09370589256286621,False,1430,400,400
Lab1_G1_N3,3,4,2,1.1695187091827393,1.188850998878479,0.019332289695739746,False,1430,400,400
Lab1_G1_N3,3,4,2,1.1695187091827393,1.3837932348251343,0.21427452564239502,False,1430,400,400
Lab1_G1_N3,3,4,2,1.1695187091827393,1.3334565162658691,0.16393780708312988,False,1430,400,400
Lab1_G1_N3,3,4,2,1.1695187091827393,1.188850998878479,0.019332289695739746,False,1430,400,400
Lab1_G1_N3,3,4,2,1.1498615741729736,1.2811435461044312,0.13128197193145752,False,1430,400,400
Lab1_G1_N3,3,4,2,1.1498615741729736,1.2266016006469727,0.07674002647399902,False,1430,400,400
Lab1_G1_N3,3,4,2,1.1498615741729736,1.2266016006469727,0.07674002647399902,False,1430,400,400
Lab1_G1_N3,3,4,2,1.1498615741729736,1.188850998878479,0.03898942470550537,False,1430,400,400
Lab1_G1_N3,3,4,2,1.1298624277114868,1.1498615741729736,0.019999146461486816,False,1430,400,400
Lab1_G1_N3,3,4,2,1.1298624277114868,1.1498615741729736,0.019999146461486816,False,1430,400,400
Lab1_G1_N3,3,4,2,1.1298624277114868,1.1498615741729736,0.019999146461486816,False,1430,400,400
Lab1_G1_N3,3,4,2,1.1298624277114868,1.3837932348251343,0.25393080711364746,False,1430,400,400
Lab1_G1_N3,3,4,2,1.109502911567688,1.1298624277114868,0.020359516143798828,False,1430,400,400
Lab1_G1_N3,3,4,2,1.109502911567688,1.2450478076934814,0.13554489612579346,False,1430,400,400
Lab1_G1_N3,3,4,2,1.109502911567688,1.2266016006469727,0.11709868907928467,False,1430,400,400
Lab1_G1_N3,3,4,2,1.109502911567688,1.2266016006469727,0.11709868907928467,False,1430,400,400
Lab1_G1_N3,3,4,2,1.109502911567688,1.2266016006469727,0.11709868907928467,False,1430,400,400
Lab1_G1_N3,3,4,2,1.0887627601623535,1.109502911567688,0.020740151405334473,False,1430,400,400
Lab1_G1_N3,3,4,2,1.0887627601623535,1.1695187091827393,0.08075594902038574,False,1430,400,400
Lab1_G1_N3,3,4,2,1.0887627601623535,1.2811435461044312,0.19238078594207764,False,1430,400,400
Lab1_G1_N3,3,4,2,1.0887627601623535,1.109502911567688,0.020740151405334473,False,1430,400,400
Lab1_G1_N3,3,4,2,1.0887627601623535,1.109502911567688,0.020740151405334473,False,1430,400,400
Lab1_G1_N3,3,4,2,1.0460493564605713,1.0676196813583374,0.021570324897766113,False,1430,400,400
Lab1_G1_N3,3,4,2,1.0460493564605713,1.0887627601623535,0.04271340370178223,False,1430,400,400
Lab1_G1_N3,3,4,2,1.0240248441696167,1.0460493564605713,0.02202451229095459,False,1430,400,400
Lab1_G1_N3,3,4,2,1.0240248441696167,1.0676196813583374,0.0435948371887207,False,1430,400,400
Lab1_G1_N3,3,4,2,1.0015159845352173,1.0240248441696167,0.022508859634399414,False,1430,400,400
Lab1_G1_N3,3,4,2,0.9784895777702332,1.0460493564605713,0.06755977869033813,False,1430,400,400
Lab1_G1_N3,3,4,2,0.9549080729484558,1.0676196813583374,0.11271160840988159,False,1430,400,400
Lab1_G1_N3,3,4,2,0.9307292699813843,1.0240248441696167,0.09329557418823242,False,1430,400,400
Lab1_G1_N3,3,4,2,0.9307292699813843,1.0015159845352173,0.07078671455383301,False,1430,400,400
Lab1_G1_N3,3,4,2,0.9307292699813843,1.0015159845352173,0.07078671455383301,False,1430,400,400
Lab1_G1_N3,3,4,2,0.9059053063392639,1.0015159845352173,0.09561067819595337,False,1430,400,400
Lab1_G1_N3,3,4,2,0.9059053063392639,0.9307292699813843,0.02482396364212036,False,1430,400,400
Lab1_G1_N3,3,4,2,0.9059053063392639,0.9307292699813843,0.02482396364212036,False,1430,400,400
Lab1_G1_N3,3,4,2,0.88038170337677,0.9059053063392639,0.025523602962493896,False,1430,400,400
Lab1_G1_N3,3,4,2,0.826974630355835,0.8540957570075989,0.027121126651763916,False,1430,400,400
Lab1_G1_N3,3,4,2,0.7989333868026733,0.826974630355835,0.02804124355316162,False,1430,400,400
Lab1_G2_Fн9,3,5,2,2.2624144554138184,2.360117197036743,0.0977027416229248,False,1427,400,400
Lab1_G2_Fн9,3,5,2,2.0161116123199463,2.1251683235168457,0.10905671119689941,False,1427,400,400
Lab1_G2_Fн9,3,5,2,1.900808334350586,1.9400043487548828,0.039196014404296875,False,1427,400,400
Lab1_G2_Fн9,3,5,2,1.86078679561615,1.900808334350586,0.040021538734436035,False,1427,400,400
Lab1_G2_Fн9,3,5,2,1.8198853731155396,1.86078679561615,0.04090142250061035,False,1427,400,400
Lab1_G2_Fн9,3,5,2,1.8198853731155396,1.86078679561615,0.04090142250061035,False,1427,400,400
Lab1_G2_Fн9,3,5,2,1.7780433893203735,1.8198853731155396,0.041841983795166016,False,1427,400,400
Lab1_G2_Fн9,3,5,2,1.7780433893203735,1.86078679561615,0.08274340629577637,False,1427,400,400
Lab1_G2_Fн9,3,5,2,1.7351926565170288,1.900808334350586,0.16561567783355713,False,1427,400,400
Lab1_G2_Fн9,3,5,2,1.7351926565170288,1.7780433893203735,0.04285073280334473,False,1427,400,400
Lab1_G2_Fн9,3,5,2,1.7351926565170288,1.7780433893203735,0.04285073280334473,False,1427,400,400
Lab1_G2_Fн9,3,5,2,1.6912565231323242,1.8198853731155396,0.12862884998321533,False,1427,400,400
Lab1_G2_Fн9,3,5,2,1.6912565231323242,1.7351926565170288,0.04393613338470459,False,1427,400,400
Lab1_G2_Fн9,3,5,2,1.6912565231323242,1.7780433893203735,0.08678686618804932,False,1427,400,400
Lab1_G2_Fн9,3,5,2,1.6912565231323242,1.9400043487548828,0.2487478256225586,False,1427,400,400
Lab1_G2_Fн9,3,5,2,1.6912565231323242,1.7780433893203735,0.08678686618804932,False,1427,400,400
Lab1_G2_Fн9,3,5,2,1.6461483240127563,1.6912565231323242,0.04510819911956787,False,1427,400,400
Lab1_G2_Fн9,3,5,2,1.6461483240127563,1.6912565231323242,0.04510819911956787,False,1427,400,400
Lab1_G2_Fн9,3,5,2,1.6461483240127563,1.8198853731155396,0.1737370491027832,False,1427,400,400
Lab1_G2_Fн9,3,5,2,1.6461483240127563,1.6912565231323242,0.04510819911956787,False,1427,400,400
Lab1_G2_Fн9,3,5,2,1.6461483240127563,1.6912565231323242,0.04510819911956787,False,1427,400,400
Lab1_G2_Fн9,3,5,2,1.5997685194015503,1.6461483240127563,0.046379804611206055,False,1427,400,400
Lab1_G2_Fн9,3,5,2,1.5520035028457642,1.6912565231323242,0.13925302028656006,False,1427,400,400
Lab1_G2_Fн9,3,5,2,1.5520035028457642,1.5997685194015503,0.04776501655578613,False,1427,400,400
Lab1_G2_Fн9,3,5,2,1.5520035028457642,1.6461483240127563,0.09414482116699219,False,1427,400,400
Lab1_G2_Fн9,3,5,2,1.5520035028457642,1.6461483240127563,0.09414482116699219,False,1427,400,400
Lab1_G2_Fн9,3,5,2,1.5520035028457642,1.7780433893203735,0.22603988647460938,False,1427,400,400
Lab1_G2_Fн9,3,5,2,1.5520035028457642,1.5997685194015503,0.04776501655578613,False,1427,400,400
Lab1_G2_Fн9,3,5,2,1.5027209520339966,1.5520035028457642,0.04928255081176758,False,1427,400,400
Lab1_G2_Fн9,3,5,2,1.5027209520339966,1.6461483240127563,0.14342737197875977,False,1427,400,400
Lab1_G2_Fн9,3,5,2,1.5027209520339966,1.5520035028457642,0.04928255081176758,False,1427,400,400
Lab1_G2_Fн9,3,5,2,1.5027209520339966,1.5997685194015503,0.09704756736755371,False,1427,400,400
Lab1_G2_Fн9,3,5,2,1.5027209520339966,1.5520035028457642,0.04928255081176758,False,1427,400,400
Lab1_G2_Fн9,3,5,2,1.5027209520339966,1.6461483240127563,0.14342737197875977,False,1427,400,400
Lab1_G2_Fн9,3,5,2,1.4517663717269897,1.5027209520339966,0.050954580307006836,False,1427,400,400
Lab1_G2_Fн9,3,5,2,1.4517663717269897,1.5027209520339966,0.050954580307006836,False,1427,400,400
Lab1_G2_Fн9,3,5,2,1.4517663717269897,1.6461483240127563,0.1943819522857666,False,1427,400,400
Lab1_G2_Fн9,3,5,2,1.4517663717269897,1.5520035028457642,0.10023713111877441,False,1427,400,400
Lab1_G2_Fн9,3,5,2,1.4517663717269897,1.5027209520339966,0.050954580307006836,False,1427,400,400
Lab1_G2_Fн9,3,5,2,1.4517663717269897,1.5027209520339966,0.050954580307006836,False,1427,400,400
Lab1_G2_Fн9,3,5,2,1.4517663717269897,1.5027209520339966,0.050954580307006836,False,1427,400,400
Lab1_G2_Fн9,3,5,2,1.4517663717269897,1.5027209520339966,0.050954580307006836,False,1427,400,400
Lab1_G2_Fн9,3,5,2,1.4517663717269897,1.5027209520339966,0.050954580307006836,False,1427,400,400
Lab1_G2_Fн9,3,5,2,1.4517663717269897,1.5997685194015503,0.14800214767456055,False,1427,400,400
Lab1_G2_Fн9,3,5,2,1.4517663717269897,1.5027209520339966,0.050954580307006836,False,1427,400,400
Lab1_G2_Fн9,3,5,2,1.4517663717269897,1.5027209520339966,0.050954580307006836,False,1427,400,400
Lab1_G2_Fн9,3,5,2,1.3989570140838623,1.5520035028457642,0.15304648876190186,False,1427,400,400
Lab1_G2_Fн9,3,5,2,1.3989570140838623,1.4517663717269897,0.05280935764312744,False,1427,400,400
Lab1_G2_Fн9,3,5,2,1.3989570140838623,1.5027209520339966,0.10376393795013428,False,1427,400,400
Lab1_G2_Fн9,3,5,2,1.3989570140838623,1.5027209520339966,0.10376393795013428,False,1427,400,400
Lab1_G2_Fн9,3,5,2,1.3440744876861572,1.4517663717269897,0.10769188404083252,False,1427,400,400
Lab1_G2_Fн9,3,5,2,1.3440744876861572,1.4517663717269897,0.10769188404083252,False,1427,400,400
Lab1_G2_Fн9,3,5,2,1.286853313446045,1.3989570140838623,0.11210370063781738,False,1427,400,400
Lab1_G2_Fн9,3,5,2,1.2269665002822876,1.286853313446045,0.059886813163757324,False,1427,400,400
Lab1_G2_Fн9,3,5,2,1.2269665002822876,1.286853313446045,0.059886813163757324,False,1427,400,400
Lab1_G2_Fн9,3,5,2,1.2269665002822876,1.286853313446045,0.059886813163757324,False,1427,400,400
Lab1_G2_Fн9,3,5,2,1.2269665002822876,1.3989570140838623,0.1719905138015747,False,1427,400,400
Lab1_G2_Fн9,3,5,2,1.2269665002822876,1.286853313446045,0.059886813163757324,False,1427,400,400
Lab1_G2_Fн9,3,5,2,1.2269665002822876,1.286853313446045,0.059886813163757324,False,1427,400,400
Lab1_G2_Fн9,3,5,2,1.2269665002822876,1.3989570140838623,0.1719905138015747,False,1427,400,400
Lab1_G2_Fн9,3,5,2,1.2269665002822876,1.286853313446045,0.059886813163757324,False,1427,400,400
Lab1_G2_Fн9,3,5,2,1.2269665002822876,1.286853313446045,0.059886813163757324,False,1427,400,400
Lab1_G2_Fн9,3,5,2,1.2269665002822876,1.3440744876861572,0.11710798740386963,False,1427,400,400
Lab1_G2_Fн9,3,5,2,1.1640026569366455,1.2269665002822876,0.06296384334564209,False,1427,400,400
Lab1_G2_Fн9,3,5,2,1.1640026569366455,1.2269665002822876,0.06296384334564209,False,1427,400,400
Lab1_G2_Fн9,3,5,2,1.1640026569366455,1.2269665002822876,0.06296384334564209,False,1427,400,400
Lab1_G2_Fн9,3,5,2,1.1640026569366455,1.2269665002822876,0.06296384334564209,False,1427,400,400
Lab1_G2_Fн9,3,5,2,1.0974321365356445,1.1640026569366455,0.06657052040100098,False,1427,400,400
Lab1_G2_Fн9,3,5,2,1.0974321365356445,1.2269665002822876,0.12953436374664307,False,1427,400,400
Lab1_G2_Fн9,3,5,2,1.0974321365356445,1.1640026569366455,0.06657052040100098,False,1427,400,400
Lab1_G2_Fн9,3,5,2,1.0974321365356445,1.1640026569366455,0.06657052040100098,False,1427,400,400
Lab1_G2_Fн9,3,5,2,1.0974321365356445,1.1640026569366455,0.06657052040100098,False,1427,400,400
Lab1_G2_Fн9,3,5,2,1.0974321365356445,1.2269665002822876,0.12953436374664307,False,1427,400,400
Lab1_G2_Fн9,3,5,2,1.026553750038147,1.0974321365356445,0.07087838649749756,False,1427,400,400
Lab1_G2_Fн9,3,5,2,1.026553750038147,1.0974321365356445,0.07087838649749756,False,1427,400,400
Lab1_G2_Fн9,3,5,2,0.950404167175293,1.026553750038147,0.076149582862854,False,1427,400,400
Lab1_G2_Fн9,3,5,2,0.950404167175293,1.026553750038147,0.076149582862854,False,1427,400,400
Lab1_G2_Fн9,3,5,2,0.950404167175293,1.026553750038147,0.076149582862854,False,1427,400,400
Lab1_G2_Fн9,3,5,2,0.8675963282585144,0.950404167175293,0.08280783891677856,False,1427,400,400
Lab1_G2_Fc3,3,7,2,2.1116783618927,2.131141185760498,0.01946282386779785,False,1421,400,400
Lab1_G2_Fc3,3,7,2,2.0622177124023438,2.1600067615509033,0.09778904914855957,False,1421,400,400
Lab1_G2_Fc3,3,7,2,2.042097806930542,2.131141185760498,0.08904337882995605,False,1421,400,400
Lab1_G2_Fc3,3,7,2,1.9383695125579834,1.9595545530319214,0.02118504047393799,False,1421,400,400
Lab1_G2_Fc3,3,7,2,1.9383695125579834,1.9700615406036377,0.0316920280456543,False,1421,400,400
Lab1_G2_Fc3,3,7,2,1.8843653202056885,1.8952893018722534,0.010923981666564941,False,1421,400,400
Lab1_G2_Fc3,3,7,2,1.8287670612335205,1.9061505794525146,0.07738351821899414,False,1421,400,400
Lab1_G2_Fc3,3,7,2,1.8060485124588013,1.8952893018722534,0.08924078941345215,False,1421,400,400
Lab1_G2_Fc3,3,7,2,1.794581413269043,1.8400211334228516,0.045439720153808594,False,1421,400,400
Lab1_G2_Fc3,3,7,2,1.794581413269043,1.8733776807785034,0.07879626750946045,False,1421,400,400
Lab1_G2_Fc3,3,7,2,1.794581413269043,1.8400211334228516,0.045439720153808594,False,1421,400,400
Lab1_G2_Fc3,3,7,2,1.794581413269043,1.8512067794799805,0.0566253662109375,False,1421,400,400
Lab1_G2_Fc3,3,7,2,1.7830406427383423,1.8287670612335205,0.04572641849517822,False,1421,400,400
Lab1_G2_Fc3,3,7,2,1.7830406427383423,1.8060485124588013,0.023007869720458984,False,1421,400,400
Lab1_G2_Fc3,3,7,2,1.771424651145935,1.8287670612335205,0.05734241008758545,False,1421,400,400
Lab1_G2_Fc3,3,7,2,1.771424651145935,1.8843653202056885,0.11294066905975342,False,1421,400,400
Lab1_G2_Fc3,3,7,2,1.7479610443115234,1.8174432516098022,0.06948220729827881,False,1421,400,400
Lab1_G2_Fc3,3,7,2,1.7361103296279907,1.8843653202056885,0.14825499057769775,False,1421,400,400
Lab1_G2_Fc3,3,7,2,1.712162733078003,1.8287670612335205,0.11660432815551758,False,1421,400,400
Lab1_G2_Fc3,3,7,2,1.687875509262085,1.8060485124588013,0.11817300319671631,False,1421,400,400
Lab1_G2_Fc3,3,7,2,1.687875509262085,1.7479610443115234,0.06008553504943848,False,1421,400,400
Lab1_G2_Fc3,3,7,2,1.6755999326705933,1.7241780757904053,0.04857814311981201,False,1421,400,400
Lab1_G2_Fc3,3,7,2,1.6507748365402222,1.8174432516098022,0.16666841506958008,False,1421,400,400
Lab1_G2_Fc3,3,7,2,1.638221263885498,1.6507748365402222,0.012553572654724121,False,1421,400,400
Lab1_G2_Fc3,3,7,2,1.638221263885498,1.687875509262085,0.049654245376586914,False,1421,400,400
Lab1_G2_Fc3,3,7,2,1.6255706548690796,1.712162733078003,0.08659207820892334,False,1421,400,400
Lab1_G2_Fc3,3,7,2,1.6255706548690796,1.638221263885498,0.012650609016418457,False,1421,400,400
Lab1_G2_Fc3,3,7,2,1.6255706548690796,1.638221263885498,0.012650609016418457,False,1421,400,400
Lab1_G2_Fc3,3,7,2,1.6128209829330444,1.6255706548690796,0.012749671936035156,False,1421,400,400
Lab1_G2_Fc3,3,7,2,1.5999696254730225,1.6755999326705933,0.0756303071975708,False,1421,400,400
Lab1_G2_Fc3,3,7,2,1.5999696254730225,1.6128209829330444,0.012851357460021973,False,1421,400,400
Lab1_G2_Fc3,3,7,2,1.5999696254730225,1.6755999326705933,0.0756303071975708,False,1421,400,400
Lab1_G2_Fc3,3,7,2,1.5999696254730225,1.6255706548690796,0.02560102939605713,False,1421,400,400
Lab1_G2_Fc3,3,7,2,1.587014079093933,1.687875509262085,0.10086143016815186,False,1421,400,400
Lab1_G2_Fc3,3,7,2,1.587014079093933,1.5999696254730225,0.012955546379089355,False,1421,400,400
Lab1_G2_Fc3,3,7,2,1.587014079093933,1.638221263885498,0.05120718479156494,False,1421,400,400
Lab1_G2_Fc3,3,7,2,1.587014079093933,1.5999696254730225,0.012955546379089355,False,1421,400,400
Lab1_G2_Fc3,3,7,2,1.587014079093933,1.7000625133514404,0.11304843425750732,False,1421,400,400
Lab1_G2_Fc3,3,7,2,1.573952078819275,1.6128209829330444,0.03886890411376953,False,1421,400,400
Lab1_G2_Fc3,3,7,2,1.573952078819275,1.6255706548690796,0.05161857604980469,False,1421,400,400
Lab1_G2_Fc3,3,7,2,1.573952078819275,1.6755999326705933,0.10164785385131836,False,1421,400,400
Lab1_G2_Fc3,3,7,2,1.560780644416809,1.6255706548690796,0.06479001045227051,False,1421,400,400
Lab1_G2_Fc3,3,7,2,1.560780644416809,1.6128209829330444,0.05204033851623535,False,1421,400,400
Lab1_G2_Fc3,3,7,2,1.560780644416809,1.573952078819275,0.01317143440246582,False,1421,400,400
Lab1_G2_Fc3,3,7,2,1.560780644416809,1.6255706548690796,0.06479001045227051,False,1421,400,400
Lab1_G2_Fc3,3,7,2,1.560780644416809,1.573952078819275,0.01317143440246582,False,1421,400,400
Lab1_G2_Fc3,3,7,2,1.5474971532821655,1.560780644416809,0.013283491134643555,False,1421,400,400
Lab1_G2_Fc3,3,7,2,1.5474971532821655,1.560780644416809,0.013283491134643555,False,1421,400,400
Lab1_G2_Fc3,3,7,2,1.5474971532821655,1.560780644416809,0.013283491134643555,False,1421,400,400
Lab1_G2_Fc3,3,7,2,1.534098744392395,1.587014079093933,0.052915334701538086,False,1421,400,400
Lab1_G2_Fc3,3,7,2,1.534098744392395,1.573952078819275,0.03985333442687988,False,1421,400,400
Lab1_G2_Fc3,3,7,2,1.534098744392395,1.560780644416809,0.026681900024414062,False,1421,400,400
Lab1_G2_Fc3,3,7,2,1.5205821990966797,1.5999696254730225,0.07938742637634277,False,1421,400,400
Lab1_G2_Fc3,3,7,2,1.5205821990966797,1.573952078819275,0.053369879722595215,False,1421,400,400
Lab1_G2_Fc3,3,7,2,1.5205821990966797,1.573952078819275,0.053369879722595215,False,1421,400,400
Lab1_G2_Fc3,3,7,2,1.5205821990966797,1.573952078819275,0.053369879722595215,False,1421,400,400
Lab1_G2_Fc3,3,7,2,1.5205821990966797,1.573952078819275,0.053369879722595215,False,1421,400,400
Lab1_G2_Fc3,3,7,2,1.5205821990966797,1.560780644416809,0.040198445320129395,False,1421,400,400
Lab1_G2_Fc3,3,7,2,1.5205821990966797,1.638221263885498,0.11763906478881836,False,1421,400,400
Lab1_G2_Fc3,3,7,2,1.5069444179534912,1.587014079093933,0.0800696611404419,False,1421,400,400
Lab1_G2_Fc3,3,7,2,1.5069444179534912,1.534098744392395,0.02715432643890381,False,1421,400,400
Lab1_G2_Fc3,3,7,2,1.5069444179534912,1.560780644416809,0.05383622646331787,False,1421,400,400
Lab1_G2_Fc3,3,7,2,1.5069444179534912,1.7000625133514404,0.19311809539794922,False,1421,400,400
Lab1_G2_Fc3,3,7,2,1.5069444179534912,1.560780644416809,0.05383622646331787,False,1421,400,400
Lab1_G2_Fc3,3,7,2,1.5069444179534912,1.587014079093933,0.0800696611404419,False,1421,400,400
Lab1_G2_Fc3,3,7,2,1.4931820631027222,1.638221263885498,0.14503920078277588,False,1421,400,400
Lab1_G2_Fc3,3,7,2,1.4931820631027222,1.5069444179534912,0.013762354850769043,False,1421,400,400
Lab1_G2_Fc3,3,7,2,1.4931820631027222,1.5069444179534912,0.013762354850769043,False,1421,400,400
Lab1_G2_Fc3,3,7,2,1.4931820631027222,1.573952078819275,0.08077001571655273,False,1421,400,400
Lab1_G2_Fc3,3,7,2,1.4931820631027222,1.5069444179534912,0.013762354850769043,False,1421,400,400
Lab1_G2_Fc3,3,7,2,1.4931820631027222,1.7000625133514404,0.20688045024871826,False,1421,400,400
Lab1_G2_Fc3,3,7,2,1.4931820631027222,1.6128209829330444,0.11963891983032227,False,1421,400,400
Lab1_G2_Fc3,3,7,2,1.4931820631027222,1.560780644416809,0.06759858131408691,False,1421,400,400
Lab1_G2_Fc3,3,7,2,1.4792916774749756,1.5069444179534912,0.027652740478515625,False,1421,400,400
Lab1_G2_Fc3,3,7,2,1.4792916774749756,1.534098744392395,0.054807066917419434,False,1421,400,400
Lab1_G2_Fc3,3,7,2,1.4792916774749756,1.5474971532821655,0.06820547580718994,False,1421,400,400
Lab1_G2_Fc3,3,7,2,1.4792916774749756,1.573952078819275,0.09466040134429932,False,1421,400,400
Lab1_G2_Fc3,3,7,2,1.465269684791565,1.4792916774749756,0.014021992683410645,False,1421,400,400
Lab1_G2_Fc3,3,7,2,1.465269684791565,1.5474971532821655,0.08222746849060059,False,1421,400,400
Lab1_G2_Fc3,3,7,2,1.465269684791565,1.587014079093933,0.12174439430236816,False,1421,400,400
Lab1_G2_Fc3,3,7,2,1.465269684791565,1.4792916774749756,0.014021992683410645,False,1421,400,400
Lab1_G2_Fc3,3,7,2,1.451112151145935,1.5205821990966797,0.06947004795074463,False,1421,400,400
Lab1_G2_Fc3,3,7,2,1.451112151145935,1.4792916774749756,0.028179526329040527,False,1421,400,400
Lab1_G2_Fc3,3,7,2,1.451112151145935,1.465269684791565,0.014157533645629883,False,1421,400,400
Lab1_G2_Fc3,3,7,2,1.451112151145935,1.5999696254730225,0.1488574743270874,False,1421,400,400
Lab1_G2_Fc3,3,7,2,1.451112151145935,1.4931820631027222,0.04206991195678711,False,1421,400,400
Lab1_G2_Fc3,3,7,2,1.451112151145935,1.4931820631027222,0.04206991195678711,False,1421,400,400
Lab1_G2_Fc3,3,7,2,1.4368151426315308,1.465269684791565,0.02845454216003418,False,1421,400,400
Lab1_G2_Fc3,3,7,2,1.4368151426315308,1.451112151145935,0.014297008514404297,False,1421,400,400
Lab1_G2_Fc3,3,7,2,1.4223743677139282,1.5069444179534912,0.08457005023956299,False,1421,400,400
Lab1_G2_Fc3,3,7,2,1.4223743677139282,1.4368151426315308,0.014440774917602539,False,1421,400,400
Lab1_G2_Fc3,3,7,2,1.4223743677139282,1.5205821990966797,0.09820783138275146,False,1421,400,400
Lab1_G2_Fc3,3,7,2,1.4223743677139282,1.4792916774749756,0.05691730976104736,False,1421,400,400
Lab1_G2_Fc3,3,7,2,1.4077855348587036,1.465269684791565,0.05748414993286133,False,1421,400,400
Lab1_G2_Fc3,3,7,2,1.4077855348587036,1.4223743677139282,0.01458883285522461,False,1421,400,400
Lab1_G2_Fc3,3,7,2,1.4077855348587036,1.5474971532821655,0.13971161842346191,False,1421,400,400
Lab1_G2_Fc3,3,7,2,1.393043875694275,1.4077855348587036,0.014741659164428711,False,1421,400,400
Lab1_G2_Fc3,3,7,2,1.393043875694275,1.4368151426315308,0.04377126693725586,False,1421,400,400
Lab1_G2_Fc3,3,7,2,1.393043875694275,1.4077855348587036,0.014741659164428711,False,1421,400,400
Lab1_G2_Fc3,3,7,2,1.393043875694275,1.4077855348587036,0.014741659164428711,False,1421,400,400
Lab1_G2_Fc3,3,7,2,1.393043875694275,1.465269684791565,0.07222580909729004,False,1421,400,400
Lab1_G2_Fc3,3,7,2,1.393043875694275,1.4792916774749756,0.08624780178070068,False,1421,400,400
Lab1_G2_Fc3,3,7,2,1.37814462184906,1.4368151426315308,0.0586705207824707,False,1421,400,400
Lab1_G2_Fc3,3,7,2,1.37814462184906,1.393043875694275,0.014899253845214844,False,1421,400,400
Lab1_G2_Fc3,3,7,2,1.37814462184906,1.5205821990966797,0.14243757724761963,False,1421,400,400
Lab1_G2_Fc3,3,7,2,1.37814462184906,1.4368151426315308,0.0586705207824707,False,1421,400,400
Lab1_G2_Fc3,3,7,2,1.37814462184906,1.4077855348587036,0.029640913009643555,False,1421,400,400
Lab1_G2_Fc3,3,7,2,1.37814462184906,1.393043875694275,0.014899253845214844,False,1421,400,400
Lab1_G2_Fc3,3,7,2,1.3630825281143188,1.451112151145935,0.08802962303161621,False,1421,400,400
Lab1_G2_Fc3,3,7,2,1.3630825281143188,1.4368151426315308,0.07373261451721191,False,1421,400,400
Lab1_G2_Fc3,3,7,2,1.3630825281143188,1.37814462184906,0.015062093734741211,False,1421,400,400
Lab1_G2_Fc3,3,7,2,1.3478519916534424,1.451112151145935,0.10326015949249268,False,1421,400,400
Lab1_G2_Fc3,3,7,2,1.3478519916534424,1.451112151145935,0.10326015949249268,False,1421,400,400
Lab1_G2_Fc3,3,7,2,1.3478519916534424,1.4077855348587036,0.05993354320526123,False,1421,400,400
Lab1_G2_Fc3,3,7,2,1.3478519916534424,1.4077855348587036,0.05993354320526123,False,1421,400,400
Lab1_G2_Fc3,3,7,2,1.3478519916534424,1.3630825281143188,0.015230536460876465,False,1421,400,400
Lab1_G2_Fc3,3,7,2,1.3478519916534424,1.37814462184906,0.030292630195617676,False,1421,400,400
Lab1_G2_Fc3,3,7,2,1.3478519916534424,1.3630825281143188,0.015230536460876465,False,1421,400,400
Lab1_G2_Fc3,3,7,2,1.3478519916534424,1.3630825281143188,0.015230536460876465,False,1421,400,400
Lab1_G2_Fc3,3,7,2,1.3478519916534424,1.37814462184906,0.030292630195617676,False,1421,400,400
Lab1_G2_Fc3,3,7,2,1.3478519916534424,1.37814462184906,0.030292630195617676,False,1421,400,400
Lab1_G2_Fc3,3,7,2,1.3324475288391113,1.3478519916534424,0.015404462814331055,False,1421,400,400
Lab1_G2_Fc3,3,7,2,1.3324475288391113,1.37814462184906,0.04569709300994873,False,1421,400,400
Lab1_G2_Fc3,3,7,2,1.3324475288391113,1.3630825281143188,0.03063499927520752,False,1421,400,400
Lab1_G2_Fc3,3,7,2,1.3324475288391113,1.4223743677139282,0.0899268388748169,False,1421,400,400
Lab1_G2_Fc3,3,7,2,1.3168628215789795,1.3630825281143188,0.046219706535339355,False,1421,400,400
Lab1_G2_Fc3,3,7,2,1.3168628215789795,1.4077855348587036,0.09092271327972412,False,1421,400,400
Lab1_G2_Fc3,3,7,2,1.3168628215789795,1.3630825281143188,0.046219706535339355,False,1421,400,400
Lab1_G2_Fc3,3,7,2,1.3168628215789795,1.3478519916534424,0.03098917007446289,False,1421,400,400
Lab1_G2_Fc3,3,7,2,1.3168628215789795,1.3630825281143188,0.046219706535339355,False,1421,400,400
Lab1_G2_Fc3,3,7,2,1.3168628215789795,1.37814462184906,0.061281800270080566,False,1421,400,400
Lab1_G2_Fc3,3,7,2,1.3010914325714111,1.3324475288391113,0.031356096267700195,False,1421,400,400
Lab1_G2_Fc3,3,7,2,1.2851264476776123,1.3010914325714111,0.015964984893798828,False,1421,400,400
Lab1_G2_Fc3,3,7,2,1.26896071434021,1.393043875694275,0.12408316135406494,False,1421,400,400
Lab1_G2_Fc3,3,7,2,1.26896071434021,1.3324475288391113,0.06348681449890137,False,1421,400,400
Lab1_G2_Fc3,3,7,2,1.26896071434021,1.3168628215789795,0.04790210723876953,False,1421,400,400
Lab1_G2_Fc3,3,7,2,1.26896071434021,1.3010914325714111,0.03213071823120117,False,1421,400,400
Lab1_G2_Fc3,3,7,2,1.2525863647460938,1.26896071434021,0.01637434959411621,False,1421,400,400
Lab1_G2_Fc3,3,7,2,1.2525863647460938,1.2851264476776123,0.032540082931518555,False,1421,400,400
Lab1_G2_Fc3,3,7,2,1.2359950542449951,1.2525863647460938,0.016591310501098633,False,1421,400,400
Lab1_G2_Fc3,3,7,2,1.2359950542449951,1.3168628215789795,0.08086776733398438,False,1421,400,400
Lab1_G2_Fc3,3,7,2,1.2359950542449951,1.2851264476776123,0.04913139343261719,False,1421,400,400
Lab1_G2_Fc3,3,7,2,1.2359950542449951,1.3010914325714111,0.06509637832641602,False,1421,400,400
Lab1_G2_Fc3,3,7,2,1.2359950542449951,1.2525863647460938,0.016591310501098633,False,1421,400,400
Lab1_G2_Fc3,3,7,2,1.2359950542449951,1.3010914325714111,0.06509637832641602,False,1421,400,400
Lab1_G2_Fc3,3,7,2,1.2191780805587769,1.26896071434021,0.049782633781433105,False,1421,400,400
Lab1_G2_Fc3,3,7,2,1.2021257877349854,1.2851264476776123,0.08300065994262695,False,1421,400,400
Lab1_G2_Fc3,3,7,2,1.1848280429840088,1.26896071434021,0.08413267135620117,False,1421,400,400
Lab1_G2_Fc3,3,7,2,1.1848280429840088,1.2359950542449951,0.05116701126098633,False,1421,400,400
Lab1_G2_Fc3,3,7,2,1.1848280429840088,1.2191780805587769,0.034350037574768066,False,1421,400,400
Lab1_G2_Fc3,3,7,2,1.1672741174697876,1.2525863647460938,0.08531224727630615,False,1421,400,400
Lab1_G2_Fc3,3,7,2,1.1494520902633667,1.1672741174697876,0.0178220272064209,False,1421,400,400
Lab1_G2_Fc3,3,7,2,1.1313493251800537,1.2525863647460938,0.12123703956604004,False,1421,400,400
Lab1_G2_Fc3,3,7,2,1.1313493251800537,1.1494520902633667,0.01810276508331299,False,1421,400,400
Lab1_G2_Fc3,3,7,2,1.1313493251800537,1.1848280429840088,0.05347871780395508,False,1421,400,400
Lab1_G2_Fc3,3,7,2,1.1313493251800537,1.1848280429840088,0.05347871780395508,False,1421,400,400
Lab1_G2_Fc3,3,7,2,1.1129522323608398,1.2021257877349854,0.08917355537414551,False,1421,400,400
Lab1_G2_Fc3,3,7,2,1.1129522323608398,1.1672741174697876,0.054321885108947754,False,1421,400,400
Lab1_G2_Fc3,3,7,2,1.1129522323608398,1.1672741174697876,0.054321885108947754,False,1421,400,400
Lab1_G2_Fc3,3,7,2,1.0942457914352417,1.1129522323608398,0.018706440925598145,False,1421,400,400
Lab1_G2_Fc3,3,7,2,1.0942457914352417,1.1129522323608398,0.018706440925598145,False,1421,400,400
Lab1_G2_Fc3,3,7,2,1.05583918094635,1.07521390914917,0.019374728202819824,False,1421,400,400
Lab1_G2_Fc3,3,7,2,1.05583918094635,1.1313493251800537,0.07551014423370361,False,1421,400,400
Lab1_G1_N1,26,5,2,0.8998010754585266,0.9149460196495056,0.015144944190979004,False,1335,400,400
Lab1_G1_N1,26,5,2,0.7993811368942261,0.8000971078872681,0.0007159709930419922,False,1335,400,400
Lab1_G1_N1,26,5,2,0.7761214375495911,0.8337409496307373,0.05761951208114624,False,1335,400,400
Lab1_G1_N1,26,5,2,0.7687084078788757,0.7871099710464478,0.01840156316757202,False,1335,400,400
Lab1_G1_N1,26,5,2,0.7642261385917664,0.770939826965332,0.006713688373565674,False,1335,400,400
Lab1_G1_N1,26,5,2,0.7604706883430481,0.7798014879226685,0.01933079957962036,False,1335,400,400
Lab1_G1_N1,26,5,2,0.7544231414794922,0.7900144457817078,0.035591304302215576,False,1335,400,400
Lab1_G1_N1,26,5,2,0.7529036402702332,0.767217218875885,0.014313578605651855,False,1335,400,400
Lab1_G1_N1,26,5,2,0.7521427273750305,0.767217218875885,0.015074491500854492,False,1335,400,400
Lab1_G1_N1,26,5,2,0.7490914463996887,0.767217218875885,0.01812577247619629,False,1335,400,400
Lab1_G1_N1,26,5,2,0.7460276484489441,0.7513810992240906,0.005353450775146484,False,1335,400,400
Lab1_G1_N1,26,5,2,0.7452597618103027,0.7513810992240906,0.006121337413787842,False,1335,400,400
Lab1_G1_N1,26,5,2,0.7414082288742065,0.7856537103652954,0.04424548149108887,False,1335,400,400
Lab1_G1_N1,26,5,2,0.7297317981719971,0.7506186366081238,0.02088683843612671,False,1335,400,400
Lab1_G1_N1,26,5,2,0.7273740172386169,0.7943512797355652,0.06697726249694824,False,1335,400,400
Lab1_G1_N1,26,5,2,0.714667797088623,0.7551817297935486,0.04051393270492554,False,1335,400,400
Lab1_G1_N1,26,5,2,0.7138661742210388,0.714667797088623,0.0008016228675842285,False,1335,400,400
Lab1_G1_N1,26,5,2,0.7114558219909668,0.7521427273750305,0.04068690538406372,False,1335,400,400
Lab1_G1_N1,26,5,2,0.7114558219909668,0.7513810992240906,0.03992527723312378,False,1335,400,400
Lab1_G1_N1,26,5,2,0.7106505036354065,0.73286372423172,0.022213220596313477,False,1335,400,400
Lab1_G1_N1,26,5,2,0.7049878835678101,0.7513810992240906,0.04639321565628052,False,1335,400,400
Lab1_G1_N1,26,5,2,0.6959963440895081,0.7009151577949524,0.004918813705444336,False,1335,400,400
Lab1_G1_N1,26,5,2,0.6918706893920898,0.7460276484489441,0.05415695905685425,False,1335,400,400
Lab1_G1_N1,26,5,2,0.6893834471702576,0.7066104412078857,0.017226994037628174,False,1335,400,400
Lab1_G1_N1,26,5,2,0.6708617806434631,0.681867241859436,0.0110054612159729,False,1335,400,400
Lab1_G1_N1,26,5,2,0.6614065170288086,0.6827064156532288,0.021299898624420166,False,1335,400,400
Lab1_G1_N1,26,5,2,0.6535686254501343,0.6614065170288086,0.007837891578674316,False,1335,400,400
Lab1_G1_N1,26,5,2,0.6509350538253784,0.7194589376449585,0.06852388381958008,False,1335,400,400
Lab1_G1_N1,26,5,2,0.6500548124313354,0.6518141031265259,0.0017592906951904297,False,1335,400,400
Lab1_G1_N1,26,5,2,0.648290753364563,0.6674390435218811,0.019148290157318115,False,1335,400,400
Lab1_G1_N1,26,5,2,0.6456356048583984,0.6935238838195801,0.04788827896118164,False,1335,400,400
Lab1_G1_N1,26,5,2,0.6456356048583984,0.6561916470527649,0.010556042194366455,False,1335,400,400
Lab1_G1_N1,26,5,2,0.64296954870224,0.6447481513023376,0.0017786026000976562,False,1335,400,400
Lab1_G1_N1,26,5,2,0.641185998916626,0.6579345464706421,0.016748547554016113,False,1335,400,400
Lab1_G1_N1,26,5,2,0.6349040865898132,0.6420783996582031,0.007174313068389893,False,1335,400,400
Lab1_G1_N1,26,5,2,0.6349040865898132,0.6588042378425598,0.023900151252746582,False,1335,400,400
Lab1_G1_N1,26,5,2,0.6330978274345398,0.6385012865066528,0.005403459072113037,False,1335,400,400
Lab1_G1_N1,26,5,2,0.6312863826751709,0.6951732039451599,0.06388682126998901,False,1335,400,400
Lab1_G1_N1,26,5,2,0.6303787231445312,0.6420783996582031,0.011699676513671875,False,1335,400,400
Lab1_G1_N1,26,5,2,0.623069703578949,0.6665805578231812,0.04351085424423218,False,1335,400,400
Lab1_G1_N1,26,5,2,0.591966986656189,0.609129011631012,0.017162024974822998,False,1335,400,400
Lab1_G1_N1,26,5,2,0.5890580415725708,0.6110061407089233,0.02194809913635254,False,1335,400,400
Lab1_G1_N1,26,5,2,0.5722948312759399,0.600609302520752,0.02831447124481201,False,1335,400,400
Lab1_G1_N1,26,5,2,0.562200665473938,0.6034625768661499,0.041261911392211914,False,1335,400,400
Lab1_G1_N1,26,5,2,0.5339940786361694,0.5762829780578613,0.042288899421691895,False,1335,400,400
Lab1_G1_N1,26,5,2,0.5253458619117737,0.5742923617362976,0.048946499824523926,False,1335,400,400
Lab1_G1_N1,26,5,2,0.5154431462287903,0.5498430728912354,0.03439992666244507,False,1335,400,400
Lab1_G1_N1,26,5,2,0.498501718044281,0.5064782500267029,0.007976531982421875,False,1335,400,400
Lab1_G1_N1,26,5,2,0.49504387378692627,0.5350652933120728,0.040021419525146484,False,1335,400,400
Lab1_G1_N1,26,5,2,0.4463868737220764,0.4476677477359772,0.0012808740139007568,False,1335,400,400
Lab1_G1_N2,14,6,2,0.9998606443405151,1.0280001163482666,0.028139472007751465,False,1369,400,400
Lab1_G1_N2,14,6,2,0.9886069297790527,0.9911501407623291,0.002543210983276367,False,1369,400,400
Lab1_G1_N2,14,6,2,0.8076560497283936,0.8162685632705688,0.008612513542175293,False,1369,400,400
Lab1_G1_N2,14,6,2,0.7773007154464722,0.7912108302116394,0.013910114765167236,False,1369,400,400
Lab1_G1_N2,14,6,2,0.7638698220252991,0.76788729429245,0.004017472267150879,False,1369,400,400
Lab1_G1_N2,14,6,2,0.7278672456741333,0.76788729429245,0.04002004861831665,False,1369,400,400
Lab1_G1_N2,14,6,2,0.7146815657615662,0.750198483467102,0.03551691770553589,False,1369,400,400
Lab1_G1_N2,14,6,2,0.7146815657615662,0.7449601292610168,0.030278563499450684,False,1369,400,400
Lab1_G1_N2,14,6,2,0.707996666431427,0.750198483467102,0.04220181703567505,False,1369,400,400
Lab1_G1_N2,14,6,2,0.7020453214645386,0.76788729429245,0.06584197282791138,False,1369,400,400
Lab1_G1_N2,14,6,2,0.685106635093689,0.7449601292610168,0.05985349416732788,False,1369,400,400
Lab1_G1_N2,14,6,2,0.662270188331604,0.6639575362205505,0.0016873478889465332,False,1369,400,400
Lab1_G1_N2,14,6,2,0.6563304662704468,0.7119365334510803,0.055606067180633545,False,1369,400,400
Lab1_G1_N2,14,6,2,0.6499061584472656,0.6698296666145325,0.019923508167266846,False,1369,400,400
Lab1_G1_N2,14,6,2,0.6085638999938965,0.6108577847480774,0.002293884754180908,False,1369,400,400
Lab1_G1_N2,14,6,2,0.598366379737854,0.611772894859314,0.013406515121459961,False,1369,400,400
Lab1_G1_N2,14,6,2,0.5922580361366272,0.5993005633354187,0.007042527198791504,False,1369,400,400
Lab1_G1_N2,14,6,2,0.5870398283004761,0.6230987906455994,0.03605896234512329,False,1369,400,400
Lab1_G1_N2,14,6,2,0.5860860347747803,0.6122300028800964,0.026143968105316162,False,1369,400,400
Lab1_G1_N2,14,6,2,0.5827355980873108,0.6113155484199524,0.0285799503326416,False,1369,400,400
Lab1_G1_N2,14,6,2,0.5827355980873108,0.6149652004241943,0.032229602336883545,False,1369,400,400
Lab1_G1_N2,14,6,2,0.577431321144104,0.5865631103515625,0.009131789207458496,False,1369,400,400
Lab1_G1_N2,14,6,2,0.5511592626571655,0.5798483490943909,0.028689086437225342,False,1369,400,400
Lab1_G1_N2,14,6,2,0.5470840930938721,0.550651490688324,0.0035673975944519043,False,1369,400,400
Lab1_G1_N2,14,6,2,0.5409137606620789,0.6076439023017883,0.06673014163970947,False,1369,400,400
Lab1_G1_N2,14,6,2,0.5362394452095032,0.5572161078453064,0.020976662635803223,False,1369,400,400
Lab1_G1_N2,14,6,2,0.5251709222793579,0.5475951433181763,0.02242422103881836,False,1369,400,400
Lab1_G1_N2,14,6,2,0.5251709222793579,0.5336248874664307,0.008453965187072754,False,1369,400,400
Lab1_G1_N2,14,6,2,0.5198173522949219,0.5491254329681396,0.029308080673217773,False,1369,400,400
Lab1_G1_N2,14,6,2,0.5182004570960999,0.526235044002533,0.008034586906433105,False,1369,400,400
Lab1_G1_N2,14,6,2,0.5067380666732788,0.5133193731307983,0.006581306457519531,False,1369,400,400
Lab1_G1_N2,14,6,2,0.50618577003479,0.5320500135421753,0.025864243507385254,False,1369,400,400
Lab1_G1_N2,14,6,2,0.5006292462348938,0.550143301486969,0.049514055252075195,False,1369,400,400
Lab1_G1_N2,14,6,2,0.41912350058555603,0.4224472939968109,0.003323793411254883,False,1369,400,400
Lab1_G1_N2,14,6,2,0.417786568403244,0.42640164494514465,0.008615076541900635,False,1369,400,400
Lab1_G1_N2,14,6,2,0.4117167294025421,0.42310890555381775,0.011392176151275635,False,1369,400,400
Lab1_G1_N2,14,6,2,0.39151865243911743,0.39859914779663086,0.007080495357513428,False,1369,400,400
Lab1_G1_N2,14,6,2,0.3625860810279846,0.3664230704307556,0.003836989402770996,False,1369,400,400
Lab1_G1_N2,14,6,2,0.3394773602485657,0.3563609719276428,0.01688361167907715,False,1369,400,400
Lab1_G2_3F2,3,5,2,2.062784433364868,2.0754785537719727,0.012694120407104492,False,1427,400,400
Lab1_G2_3F2,3,5,2,1.9038639068603516,1.9448118209838867,0.040947914123535156,False,1427,400,400
Lab1_G2_3F2,3,5,2,1.8760687112808228,1.9038639068603516,0.02779519557952881,False,1427,400,400
Lab1_G2_3F2,3,5,2,1.8047090768814087,1.8620156049728394,0.057306528091430664,False,1427,400,400
Lab1_G2_3F2,3,5,2,1.7900958061218262,1.8047090768814087,0.01461327075958252,False,1427,400,400
Lab1_G2_3F2,3,5,2,1.775362253189087,1.931259036064148,0.15589678287506104,False,1427,400,400
Lab1_G2_3F2,3,5,2,1.7605053186416626,1.7900958061218262,0.029590487480163574,False,1427,400,400
Lab1_G2_3F2,3,5,2,1.7455220222473145,1.7605053186416626,0.014983296394348145,False,1427,400,400
Lab1_G2_3F2,3,5,2,1.7455220222473145,1.775362253189087,0.02984023094177246,False,1427,400,400
Lab1_G2_3F2,3,5,2,1.6842564344406128,1.7151628732681274,0.03090643882751465,False,1427,400,400
Lab1_G2_3F2,3,5,2,1.668588638305664,1.6842564344406128,0.01566779613494873,False,1427,400,400
Lab1_G2_3F2,3,5,2,1.652772307395935,1.7151628732681274,0.06239056587219238,False,1427,400,400
Lab1_G2_3F2,3,5,2,1.652772307395935,1.6997798681259155,0.04700756072998047,False,1427,400,400
Lab1_G2_3F2,3,5,2,1.6206765174865723,1.652772307395935,0.03209578990936279,False,1427,400,400
Lab1_G2_3F2,3,5,2,1.554498314857483,1.571304202079773,0.01680588722229004,False,1427,400,400
Lab1_G2_3F2,3,5,2,1.5203293561935425,1.554498314857483,0.03416895866394043,False,1427,400,400
Lab1_G2_3F2,3,5,2,1.5029536485671997,1.5203293561935425,0.017375707626342773,False,1427,400,400
Lab1_G2_3F2,3,5,2,1.5029536485671997,1.5375087261199951,0.03455507755279541,False,1427,400,400
Lab1_G2_3F2,3,5,2,1.4853745698928833,1.6206765174865723,0.13530194759368896,False,1427,400,400
Lab1_G2_3F2,3,5,2,1.4853745698928833,1.5029536485671997,0.017579078674316406,False,1427,400,400
Lab1_G2_3F2,3,5,2,1.4675850868225098,1.554498314857483,0.08691322803497314,False,1427,400,400
Lab1_G2_3F2,3,5,2,1.4495772123336792,1.5203293561935425,0.07075214385986328,False,1427,400,400
Lab1_G2_3F2,3,5,2,1.4128730297088623,1.4313427209854126,0.018469691276550293,False,1427,400,400
Lab1_G2_3F2,3,5,2,1.4128730297088623,1.5203293561935425,0.10745632648468018,False,1427,400,400
Lab1_G2_3F2,3,5,2,1.3941587209701538,1.4128730297088623,0.018714308738708496,False,1427,400,400
Lab1_G2_3F2,3,5,2,1.3941587209701538,1.5375087261199951,0.1433500051498413,False,1427,400,400
Lab1_G2_3F2,3,5,2,1.3751896619796753,1.3941587209701538,0.018969058990478516,False,1427,400,400
Lab1_G2_3F2,3,5,2,1.3751896619796753,1.3941587209701538,0.018969058990478516,False,1427,400,400
Lab1_G2_3F2,3,5,2,1.3751896619796753,1.4313427209854126,0.056153059005737305,False,1427,400,400
Lab1_G2_3F2,3,5,2,1.3559552431106567,1.4495772123336792,0.09362196922302246,False,1427,400,400
Lab1_G2_3F2,3,5,2,1.3559552431106567,1.3751896619796753,0.019234418869018555,False,1427,400,400
Lab1_G2_3F2,3,5,2,1.3364441394805908,1.3559552431106567,0.019511103630065918,False,1427,400,400
Lab1_G2_3F2,3,5,2,1.3364441394805908,1.4128730297088623,0.07642889022827148,False,1427,400,400
Lab1_G2_3F2,3,5,2,1.3364441394805908,1.3751896619796753,0.03874552249908447,False,1427,400,400
Lab1_G2_3F2,3,5,2,1.3364441394805908,1.4853745698928833,0.14893043041229248,False,1427,400,400
Lab1_G2_3F2,3,5,2,1.3166438341140747,1.5203293561935425,0.20368552207946777,False,1427,400,400
Lab1_G2_3F2,3,5,2,1.2965412139892578,1.3364441394805908,0.03990292549133301,False,1427,400,400
Lab1_G2_3F2,3,5,2,1.2965412139892578,1.3364441394805908,0.03990292549133301,False,1427,400,400
Lab1_G2_3F2,3,5,2,1.2965412139892578,1.3364441394805908,0.03990292549133301,False,1427,400,400
Lab1_G2_3F2,3,5,2,1.2965412139892578,1.3364441394805908,0.03990292549133301,False,1427,400,400
Lab1_G2_3F2,3,5,2,1.276121973991394,1.3166438341140747,0.040521860122680664,False,1427,400,400
Lab1_G2_3F2,3,5,2,1.276121973991394,1.3559552431106567,0.0798332691192627,False,1427,400,400
Lab1_G2_3F2,3,5,2,1.2553706169128418,1.2965412139892578,0.041170597076416016,False,1427,400,400
Lab1_G2_3F2,3,5,2,1.2553706169128418,1.276121973991394,0.020751357078552246,False,1427,400,400
Lab1_G2_3F2,3,5,2,1.234270453453064,1.2553706169128418,0.021100163459777832,False,1427,400,400
Lab1_G2_3F2,3,5,2,1.234270453453064,1.2553706169128418,0.021100163459777832,False,1427,400,400
Lab1_G2_3F2,3,5,2,1.2128032445907593,1.234270453453064,0.021467208862304688,False,1427,400,400
Lab1_G2_3F2,3,5,2,1.2128032445907593,1.3166438341140747,0.10384058952331543,False,1427,400,400
Lab1_G2_3F2,3,5,2,1.2128032445907593,1.2553706169128418,0.04256737232208252,False,1427,400,400
Lab1_G2_3F2,3,5,2,1.2128032445907593,1.234270453453064,0.021467208862304688,False,1427,400,400
Lab1_G2_3F2,3,5,2,1.2128032445907593,1.276121973991394,0.06331872940063477,False,1427,400,400
Lab1_G2_3F2,3,5,2,1.1909492015838623,1.234270453453064,0.04332125186920166,False,1427,400,400
Lab1_G2_3F2,3,5,2,1.1909492015838623,1.276121973991394,0.08517277240753174,False,1427,400,400
Lab1_G2_3F2,3,5,2,1.1909492015838623,1.276121973991394,0.08517277240753174,False,1427,400,400
Lab1_G2_3F2,3,5,2,1.1909492015838623,1.234270453453064,0.04332125186920166,False,1427,400,400
Lab1_G2_3F2,3,5,2,1.1909492015838623,1.2128032445907593,0.021854043006896973,False,1427,400,400
Lab1_G2_3F2,3,5,2,1.1909492015838623,1.3751896619796753,0.184240460395813,False,1427,400,400
Lab1_G2_3F2,3,5,2,1.1909492015838623,1.2965412139892578,0.10559201240539551,False,1427,400,400
Lab1_G2_3F2,3,5,2,1.1686865091323853,1.1909492015838623,0.02226269245147705,False,1427,400,400
Lab1_G2_3F2,3,5,2,1.1686865091323853,1.2128032445907593,0.04411673545837402,False,1427,400,400
Lab1_G2_3F2,3,5,2,1.1686865091323853,1.2553706169128418,0.08668410778045654,False,1427,400,400
Lab1_G2_3F2,3,5,2,1.1686865091323853,1.234270453453064,0.06558394432067871,False,1427,400,400
Lab1_G2_3F2,3,5,2,1.1686865091323853,1.234270453453064,0.06558394432067871,False,1427,400,400
Lab1_G2_3F2,3,5,2,1.1686865091323853,1.1909492015838623,0.02226269245147705,False,1427,400,400
Lab1_G2_3F2,3,5,2,1.1686865091323853,1.1909492015838623,0.02226269245147705,False,1427,400,400
Lab1_G2_3F2,3,5,2,1.1686865091323853,1.2128032445907593,0.04411673545837402,False,1427,400,400
Lab1_G2_3F2,3,5,2,1.145991325378418,1.1686865091323853,0.022695183753967285,False,1427,400,400
Lab1_G2_3F2,3,5,2,1.145991325378418,1.1686865091323853,0.022695183753967285,False,1427,400,400
Lab1_G2_3F2,3,5,2,1.145991325378418,1.1686865091323853,0.022695183753967285,False,1427,400,400
Lab1_G2_3F2,3,5,2,1.145991325378418,1.1686865091323853,0.022695183753967285,False,1427,400,400
Lab1_G2_3F2,3,5,2,1.1228376626968384,1.145991325378418,0.02315366268157959,False,1427,400,400
Lab1_G2_3F2,3,5,2,1.1228376626968384,1.234270453453064,0.11143279075622559,False,1427,400,400
Lab1_G2_3F2,3,5,2,1.0991963148117065,1.234270453453064,0.13507413864135742,False,1427,400,400
Lab1_G2_3F2,3,5,2,1.0991963148117065,1.145991325378418,0.046795010566711426,False,1427,400,400
Lab1_G2_3F2,3,5,2,1.0991963148117065,1.145991325378418,0.046795010566711426,False,1427,400,400
Lab1_G2_3F2,3,5,2,1.0991963148117065,1.1686865091323853,0.06949019432067871,False,1427,400,400
Lab1_G2_3F2,3,5,2,1.0991963148117065,1.1228376626968384,0.023641347885131836,False,1427,400,400
Lab1_G2_3F2,3,5,2,1.0991963148117065,1.1228376626968384,0.023641347885131836,False,1427,400,400
Lab1_G2_3F2,3,5,2,1.0750352144241333,1.0991963148117065,0.024161100387573242,False,1427,400,400
Lab1_G2_3F2,3,5,2,1.0750352144241333,1.1686865091323853,0.09365129470825195,False,1427,400,400
Lab1_G2_3F2,3,5,2,1.0750352144241333,1.145991325378418,0.07095611095428467,False,1427,400,400
Lab1_G2_3F2,3,5,2,1.02500581741333,1.0991963148117065,0.07419049739837646,False,1427,400,400
Lab1_G2_3F2,3,5,2,1.02500581741333,1.0750352144241333,0.05002939701080322,False,1427,400,400
Lab1_G2_3F2,3,5,2,0.999052107334137,1.0991963148117065,0.10014420747756958,False,1427,400,400
Lab1_G2_3F2,3,5,2,0.999052107334137,1.0750352144241333,0.07598310708999634,False,1427,400,400
Lab1_G2_3F2,3,5,2,0.9724059104919434,1.0750352144241333,0.10262930393218994,False,1427,400,400
Lab1_G2_3F2,3,5,2,0.9724059104919434,1.0503184795379639,0.07791256904602051,False,1427,400,400
Lab1_G2_3F2,3,5,2,0.9724059104919434,0.999052107334137,0.026646196842193604,False,1427,400,400
Lab1_G1_T4ср,51,5,2,1.382167935371399,1.402539610862732,0.020371675491333008,False,1235,400,400
Lab1_G1_T4ср,51,5,2,0.6526116728782654,0.6846705079078674,0.03205883502960205,False,1235,400,400
Lab1_G1_T4ср,51,5,2,0.6294746398925781,0.6395413875579834,0.010066747665405273,False,1235,400,400
Lab1_G1_T4ср,51,5,2,0.5891412496566772,0.6049173474311829,0.015776097774505615,False,1235,400,400
Lab1_G1_T4ср,51,5,2,0.5854544639587402,0.5913422703742981,0.005887806415557861,False,1235,400,400
Lab1_G1_T4ср,51,5,2,0.5791330933570862,0.6763981580734253,0.09726506471633911,False,1235,400,400
Lab1_G1_T4ср,51,5,2,0.574817419052124,0.5826740860939026,0.007856667041778564,False,1235,400,400
Lab1_G1_T4ср,51,5,2,0.5210764408111572,0.5319740772247314,0.010897636413574219,False,1235,400,400
Lab1_G1_T4ср,51,5,2,0.5150160193443298,0.6178439855575562,0.10282796621322632,False,1235,400,400
Lab1_G1_T4ср,51,5,2,0.4729365110397339,0.4824551045894623,0.009518593549728394,False,1235,400,400
Lab1_G1_T4ср,51,5,2,0.4639229476451874,0.47476428747177124,0.010841339826583862,False,1235,400,400
Lab1_G1_T4ср,51,5,2,0.4627546966075897,0.5103704333305359,0.04761573672294617,False,1235,400,400
Lab1_G1_T4ср,51,5,2,0.4589962065219879,0.4687979519367218,0.009801745414733887,False,1235,400,400
Lab1_G1_T4ср,51,5,2,0.447773277759552,0.47613051533699036,0.028357237577438354,False,1235,400,400
Lab1_G1_T4ср,51,5,2,0.44753143191337585,0.447773277759552,0.00024184584617614746,False,1235,400,400
Lab1_G1_T4ср,51,5,2,0.43076765537261963,0.458524227142334,0.027756571769714355,False,1235,400,400
Lab1_G1_T4ср,51,5,2,0.38848036527633667,0.39947205781936646,0.010991692543029785,False,1235,400,400
Lab1_G1_T4ср,51,5,2,0.3313268721103668,0.3349018692970276,0.0035749971866607666,False,1235,400,400
Lab1_G3_T606,24,9,2,2.6928510665893555,2.8276073932647705,0.13475632667541504,False,1247,400,400
Lab1_G3_T606,24,9,2,2.6159121990203857,2.7470359802246094,0.13112378120422363,False,1247,400,400
Lab1_G3_T606,24,9,2,2.392987012863159,2.3986666202545166,0.005679607391357422,False,1247,400,400
Lab1_G3_T606,24,9,2,2.155775308609009,2.1867241859436035,0.030948877334594727,False,1247,400,400
Lab1_G3_T606,24,9,2,2.0071001052856445,2.007807493209839,0.0007073879241943359,False,1247,400,400
Lab1_G3_T606,24,9,2,1.9049659967422485,1.959423542022705,0.05445754528045654,False,1247,400,400
Lab1_G3_T606,24,9,2,1.8548086881637573,1.936166763305664,0.08135807514190674,False,1247,400,400
Lab1_G3_T606,24,9,2,1.8479963541030884,1.8558385372161865,0.007842183113098145,False,1247,400,400
Lab1_G3_T606,24,9,2,1.8279893398284912,1.8489502668380737,0.02096092700958252,False,1247,400,400
Lab1_G3_T606,24,9,2,1.7899348735809326,1.7956629991531372,0.00572812557220459,False,1247,400,400
Lab1_G3_T606,24,9,2,1.7598730325698853,1.7929506301879883,0.03307759761810303,False,1247,400,400
Lab1_G3_T606,24,9,2,1.7367453575134277,1.7424365282058716,0.005691170692443848,False,1247,400,400
Lab1_G3_T606,24,9,2,1.7236324548721313,1.7274645566940308,0.003832101821899414,False,1247,400,400
Lab1_G3_T606,24,9,2,1.705951452255249,1.7825417518615723,0.07659029960632324,False,1247,400,400
Lab1_G3_T606,24,9,2,1.6907925605773926,1.6983790397644043,0.007586479187011719,False,1247,400,400
Lab1_G3_T606,24,9,2,1.6892645359039307,1.729994535446167,0.04072999954223633,False,1247,400,400
Lab1_G3_T606,24,9,2,1.6550706624984741,1.7279988527297974,0.07292819023132324,False,1247,400,400
Lab1_G3_T606,24,9,2,1.6347066164016724,1.6653605699539185,0.030653953552246094,False,1247,400,400
Lab1_G3_T606,24,9,2,1.623036503791809,1.694597840309143,0.07156133651733398,False,1247,400,400
Lab1_G3_T606,24,9,2,1.6142865419387817,1.6579872369766235,0.0437006950378418,False,1247,400,400
Lab1_G3_T606,24,9,2,1.6059237718582153,1.6375234127044678,0.03159964084625244,False,1247,400,400
Lab1_G3_T606,24,9,2,1.6026458740234375,1.6655117273330688,0.06286585330963135,False,1247,400,400
Lab1_G3_T606,24,9,2,1.595444917678833,1.61247718334198,0.017032265663146973,False,1247,400,400
Lab1_G3_T606,24,9,2,1.5943101644515991,1.6184890270233154,0.02417886257171631,False,1247,400,400
Lab1_G3_T606,24,9,2,1.5863265991210938,1.6155977249145508,0.02927112579345703,False,1247,400,400
Lab1_G3_T606,24,9,2,1.5684871673583984,1.6217974424362183,0.053310275077819824,False,1247,400,400
Lab1_G3_T606,24,9,2,1.5680893659591675,1.6915690898895264,0.12347972393035889,False,1247,400,400
Lab1_G3_T606,24,9,2,1.5668227672576904,1.6464744806289673,0.07965171337127686,False,1247,400,400
Lab1_G3_T606,24,9,2,1.5606350898742676,1.61247718334198,0.0518420934677124,False,1247,400,400
Lab1_G3_T606,24,9,2,1.5457234382629395,1.5492501258850098,0.0035266876220703125,False,1247,400,400
Lab1_G3_T606,24,9,2,1.5373307466506958,1.6310014724731445,0.09367072582244873,False,1247,400,400
Lab1_G3_T606,24,9,2,1.5151233673095703,1.5534449815750122,0.038321614265441895,False,1247,400,400
Lab1_G3_T606,24,9,2,1.5049073696136475,1.5570683479309082,0.05216097831726074,False,1247,400,400
Lab1_G3_T606,24,9,2,1.4914677143096924,1.6093761920928955,0.11790847778320312,False,1247,400,400
Lab1_G3_T606,24,9,2,1.4906105995178223,1.5866073369979858,0.09599673748016357,False,1247,400,400
Lab1_G3_T606,24,9,2,1.4888609647750854,1.572196364402771,0.08333539962768555,False,1247,400,400
Lab1_G3_T606,24,9,2,1.4845715761184692,1.4993175268173218,0.014745950698852539,False,1247,400,400
Lab1_G3_T606,24,9,2,1.4777679443359375,1.4860620498657227,0.008294105529785156,False,1247,400,400
Lab1_G3_T606,24,9,2,1.4676247835159302,1.488340139389038,0.02071535587310791,False,1247,400,400
Lab1_G3_T606,24,9,2,1.4655883312225342,1.4888609647750854,0.02327263355255127,False,1247,400,400
Lab1_G3_T606,24,9,2,1.4655883312225342,1.524465560913086,0.05887722969055176,False,1247,400,400
Lab1_G3_T606,24,9,2,1.4520968198776245,1.4564385414123535,0.004341721534729004,False,1247,400,400
Lab1_G3_T606,24,9,2,1.4418820142745972,1.5056750774383545,0.06379306316375732,False,1247,400,400
Lab1_G3_T606,24,9,2,1.4298758506774902,1.5167491436004639,0.08687329292297363,False,1247,400,400
Lab1_G3_T606,24,9,2,1.4259480237960815,1.4469784498214722,0.021030426025390625,False,1247,400,400
Lab1_G3_T606,24,9,2,1.4227620363235474,1.4815876483917236,0.05882561206817627,False,1247,400,400
Lab1_G3_T606,24,9,2,1.419255018234253,1.4776899814605713,0.05843496322631836,False,1247,400,400
Lab1_G3_T606,24,9,2,1.407067894935608,1.4561522006988525,0.04908430576324463,False,1247,400,400
Lab1_G3_T606,24,9,2,1.4069492816925049,1.428655982017517,0.021706700325012207,False,1247,400,400
Lab1_G3_T606,24,9,2,1.4026885032653809,1.4191349744796753,0.016446471214294434,False,1247,400,400
Lab1_G3_T606,24,9,2,1.396608829498291,1.4109247922897339,0.014315962791442871,False,1247,400,400
Lab1_G3_T606,24,9,2,1.3962427377700806,1.4337830543518066,0.037540316581726074,False,1247,400,400
Lab1_G3_T606,24,9,2,1.3920820951461792,1.4344561100006104,0.04237401485443115,False,1247,400,400
Lab1_G3_T606,24,9,2,1.3894152641296387,1.4350087642669678,0.0455935001373291,False,1247,400,400
Lab1_G3_T606,24,9,2,1.3751100301742554,1.4159845113754272,0.040874481201171875,False,1247,400,400
Lab1_G3_T606,24,9,2,1.3688713312149048,1.3848567008972168,0.01598536968231201,False,1247,400,400
Lab1_G3_T606,24,9,2,1.3665225505828857,1.4708976745605469,0.10437512397766113,False,1247,400,400
Lab1_G3_T606,24,9,2,1.3627705574035645,1.4503639936447144,0.0875934362411499,False,1247,400,400
Lab1_G3_T606,24,9,2,1.359386682510376,1.3888810873031616,0.029494404792785645,False,1247,400,400
Lab1_G3_T606,24,9,2,1.357845664024353,1.3731470108032227,0.015301346778869629,False,1247,400,400
Lab1_G3_T606,24,9,2,1.3574341535568237,1.3584893941879272,0.0010552406311035156,False,1247,400,400
Lab1_G3_T606,24,9,2,1.354914903640747,1.3562321662902832,0.0013172626495361328,False,1247,400,400
Lab1_G3_T606,24,9,2,1.350691318511963,1.4082330465316772,0.057541728019714355,False,1247,400,400
Lab1_G3_T606,24,9,2,1.3475821018218994,1.4046512842178345,0.05706918239593506,False,1247,400,400
Lab1_G3_T606,24,9,2,1.3348270654678345,1.4369022846221924,0.10207521915435791,False,1247,400,400
Lab1_G3_T606,24,9,2,1.3309617042541504,1.3822795152664185,0.051317811012268066,False,1247,400,400
Lab1_G3_T606,24,9,2,1.32431161403656,1.465508222579956,0.141196608543396,False,1247,400,400
Lab1_G3_T606,24,9,2,1.2341253757476807,1.2451106309890747,0.010985255241394043,False,1247,400,400
Lab1_G3_T606,24,9,2,1.2227014303207397,1.309934139251709,0.08723270893096924,False,1247,400,400
Lab1_G3_T606,24,9,2,1.200291633605957,1.2161297798156738,0.015838146209716797,False,1247,400,400
Lab1_G3_T606,24,9,2,1.194359302520752,1.2042591571807861,0.00989985466003418,False,1247,400,400
Lab1_G3_T606,24,9,2,1.1872060298919678,1.1948938369750977,0.007687807083129883,False,1247,400,400
Lab1_G3_T606,24,9,2,1.1389539241790771,1.157984972000122,0.019031047821044922,False,1247,400,400
Lab1_G3_T606,24,9,2,1.1294313669204712,1.1317600011825562,0.002328634262084961,False,1247,400,400
Lab1_G3_T606,24,9,2,1.12566077709198,1.135686993598938,0.010026216506958008,False,1247,400,400
Lab1_G3_T606,24,9,2,1.1204396486282349,1.1386960744857788,0.018256425857543945,False,1247,400,400
Lab1_G3_T606,24,9,2,1.1032829284667969,1.1322554349899292,0.028972506523132324,False,1247,400,400
Lab1_G3_T606,24,9,2,1.1002129316329956,1.1201881170272827,0.01997518539428711,False,1247,400,400
Lab1_G3_T606,24,9,2,1.0308300256729126,1.0688520669937134,0.03802204132080078,False,1247,400,400
Lab1_G3_T606,24,9,2,0.9761678576469421,1.0030258893966675,0.026858031749725342,False,1247,400,400
Lab1_Qtg,15,7,2,0.9556550979614258,0.9690937995910645,0.013438701629638672,False,1349,400,400
Lab1_Qtg,15,7,2,0.8932376503944397,0.9065042734146118,0.01326662302017212,False,1349,400,400
Lab1_Qtg,15,7,2,0.8876513838768005,0.9010002613067627,0.013348877429962158,False,1349,400,400
Lab1_Qtg,15,7,2,0.8695341348648071,0.880901038646698,0.01136690378189087,False,1349,400,400
Lab1_Qtg,15,7,2,0.8603324294090271,0.8695341348648071,0.00920170545578003,False,1349,400,400
Lab1_Qtg,15,7,2,0.7929364442825317,0.799185037612915,0.006248593330383301,False,1349,400,400
Lab1_Qtg,15,7,2,0.7841047048568726,0.7866382002830505,0.0025334954261779785,False,1349,400,400
Lab1_Qtg,15,7,2,0.7609241008758545,0.762230396270752,0.001306295394897461,False,1349,400,400
Lab1_Qtg,15,7,2,0.7609241008758545,0.764836311340332,0.003912210464477539,False,1349,400,400
Lab1_Qtg,15,7,2,0.7583047151565552,0.7777349352836609,0.019430220127105713,False,1349,400,400
Lab1_Qtg,15,7,2,0.7530386447906494,0.762230396270752,0.009191751480102539,False,1349,400,400
Lab1_Qtg,15,7,2,0.7343100309371948,0.8224969506263733,0.08818691968917847,False,1349,400,400
Lab1_Qtg,15,7,2,0.6448637843132019,0.6510054469108582,0.00614166259765625,False,1349,400,400
Lab1_Qtg,15,7,2,0.6417708992958069,0.6750136613845825,0.033242762088775635,False,1349,400,400
Lab1_Qtg,15,7,2,0.6371033787727356,0.6433191895484924,0.006215810775756836,False,1349,400,400
Lab1_Qtg,15,7,2,0.6324014663696289,0.6494754552841187,0.017073988914489746,False,1349,400,400
Lab1_Qtg,15,7,2,0.6276642680168152,0.6494754552841187,0.021811187267303467,False,1349,400,400
Lab1_Qtg,15,7,2,0.6132333278656006,0.6212918758392334,0.008058547973632812,False,1349,400,400
Lab1_Qtg,15,7,2,0.6017699837684631,0.6244862079620361,0.022716224193572998,False,1349,400,400
Lab1_Qtg,15,7,2,0.5967897176742554,0.606709361076355,0.00991964340209961,False,1349,400,400
Lab1_Qtg,15,7,2,0.5934463739395142,0.6371033787727356,0.043657004833221436,False,1349,400,400
Lab1_Qtg,15,7,2,0.5934463739395142,0.6244862079620361,0.031039834022521973,False,1349,400,400
Lab1_Qtg,15,7,2,0.5900840163230896,0.5967897176742554,0.0067057013511657715,False,1349,400,400
Lab1_Qtg,15,7,2,0.5883956551551819,0.5900840163230896,0.0016883611679077148,False,1349,400,400
Lab1_Qtg,15,7,2,0.5867024064064026,0.6034209132194519,0.016718506813049316,False,1349,400,400
Lab1_Qtg,15,7,2,0.5867024064064026,0.5900840163230896,0.0033816099166870117,False,1349,400,400
Lab1_Qtg,15,7,2,0.5798800587654114,0.5815931558609009,0.001713097095489502,False,1349,400,400
Lab1_Qtg,15,7,2,0.5729764699935913,0.5764386057853699,0.0034621357917785645,False,1349,400,400
Lab1_Qtg,15,7,2,0.569493293762207,0.5867024064064026,0.017209112644195557,False,1349,400,400
Lab1_Qtg,15,7,2,0.5659887194633484,0.578161895275116,0.012173175811767578,False,1349,400,400
Lab1_Qtg,15,7,2,0.5642282366752625,0.5867024064064026,0.022474169731140137,False,1349,400,400
Lab1_Qtg,15,7,2,0.5642282366752625,0.5867024064064026,0.022474169731140137,False,1349,400,400
Lab1_Qtg,15,7,2,0.560690701007843,0.5712375640869141,0.010546863079071045,False,1349,400,400
Lab1_Qtg,15,7,2,0.5553421974182129,0.5659887194633484,0.010646522045135498,False,1349,400,400
Lab1_Qtg,15,7,2,0.5553421974182129,0.5642282366752625,0.00888603925704956,False,1349,400,400
Lab1_Qtg,15,7,2,0.5535478591918945,0.5624622702598572,0.008914411067962646,False,1349,400,400
Lab1_Qtg,15,7,2,0.5499416589736938,0.569493293762207,0.019551634788513184,False,1349,400,400
Lab1_Qtg,15,7,2,0.546311616897583,0.560690701007843,0.01437908411026001,False,1349,400,400
Lab1_Qtg,15,7,2,0.5408209562301636,0.5499416589736938,0.009120702743530273,False,1349,400,400
Lab1_Qtg,15,7,2,0.5408209562301636,0.5589135885238647,0.018092632293701172,False,1349,400,400
Lab1_Qtg,15,7,2,0.5408209562301636,0.5499416589736938,0.009120702743530273,False,1349,400,400
Lab1_Qtg,15,7,2,0.5389782786369324,0.551747739315033,0.012769460678100586,False,1349,400,400
Lab1_Qtg,15,7,2,0.5352739095687866,0.5426573753356934,0.007383465766906738,False,1349,400,400
Lab1_Qtg,15,7,2,0.5334120988845825,0.5444875359535217,0.011075437068939209,False,1349,400,400
Lab1_Qtg,15,7,2,0.5334120988845825,0.5589135885238647,0.025501489639282227,False,1349,400,400
Lab1_Qtg,15,7,2,0.5334120988845825,0.537129282951355,0.003717184066772461,False,1349,400,400
Lab1_Qtg,15,7,2,0.5296688079833984,0.5712375640869141,0.041568756103515625,False,1349,400,400
Lab1_Qtg,15,7,2,0.5258988738059998,0.5499416589736938,0.024042785167694092,False,1349,400,400
Lab1_Qtg,15,7,2,0.5240037441253662,0.5747101306915283,0.05070638656616211,False,1349,400,400
Lab1_Qtg,15,7,2,0.5240037441253662,0.5352739095687866,0.01127016544342041,False,1349,400,400
Lab1_Qtg,15,7,2,0.5221017003059387,0.546311616897583,0.024209916591644287,False,1349,400,400
Lab1_Qtg,15,7,2,0.5201927423477173,0.5277872085571289,0.007594466209411621,False,1349,400,400
Lab1_Qtg,15,7,2,0.5182767510414124,0.551747739315033,0.033470988273620605,False,1349,400,400
Lab1_Qtg,15,7,2,0.5163536071777344,0.5277872085571289,0.011433601379394531,False,1349,400,400
Lab1_Qtg,15,7,2,0.5124857425689697,0.5553421974182129,0.042856454849243164,False,1349,400,400
Lab1_Qtg,15,7,2,0.5124857425689697,0.5144233107566833,0.001937568187713623,False,1349,400,400
Lab1_Qtg,15,7,2,0.5105408430099487,0.5296688079833984,0.019127964973449707,False,1349,400,400
Lab1_Qtg,15,7,2,0.5066285729408264,0.5105408430099487,0.0039122700691223145,False,1349,400,400
Lab1_Qtg,15,7,2,0.5007029175758362,0.5124857425689697,0.011782824993133545,False,1349,400,400
Lab1_Qtg,15,7,2,0.49671316146850586,0.5105408430099487,0.013827681541442871,False,1349,400,400
Lab1_Qtg,15,7,2,0.49470624327659607,0.5085884928703308,0.013882249593734741,False,1349,400,400
Lab1_Qtg,15,7,2,0.49269112944602966,0.5026859045028687,0.00999477505683899,False,1349,400,400
Lab1_Qtg,15,7,2,0.48863598704338074,0.5046610832214355,0.01602509617805481,False,1349,400,400
Lab1_Qtg,15,7,2,0.4845468997955322,0.49671316146850586,0.012166261672973633,False,1349,400,400
Lab1_Qtg,15,7,2,0.48248937726020813,0.4865957498550415,0.004106372594833374,False,1349,400,400
Lab1_Qtg,15,7,2,0.4783477783203125,0.5182767510414124,0.039928972721099854,False,1349,400,400
Lab1_Qtg,15,7,2,0.47626346349716187,0.5105408430099487,0.034277379512786865,False,1349,400,400
Lab1_Qtg,15,7,2,0.47626346349716187,0.49066776037216187,0.014404296875,False,1349,400,400
Lab1_Qtg,15,7,2,0.4720672070980072,0.4804230332374573,0.008355826139450073,False,1349,400,400
Lab1_Qtg,15,7,2,0.46995505690574646,0.537129282951355,0.06717422604560852,False,1349,400,400
Lab1_Qtg,15,7,2,0.46995505690574646,0.48248937726020813,0.01253432035446167,False,1349,400,400
Lab1_Qtg,15,7,2,0.46570196747779846,0.4783477783203125,0.012645810842514038,False,1349,400,400
Lab1_Qtg,15,7,2,0.46570196747779846,0.4783477783203125,0.012645810842514038,False,1349,400,400
Lab1_Qtg,15,7,2,0.4635607898235321,0.49671316146850586,0.033152371644973755,False,1349,400,400
Lab1_Qtg,15,7,2,0.46140968799591064,0.5201927423477173,0.05878305435180664,False,1349,400,400
Lab1_Qtg,15,7,2,0.46140968799591064,0.49066776037216187,0.02925807237625122,False,1349,400,400
Lab1_Qtg,15,7,2,0.46140968799591064,0.46570196747779846,0.004292279481887817,False,1349,400,400
Lab1_Qtg,15,7,2,0.45924851298332214,0.4804230332374573,0.021174520254135132,False,1349,400,400
Lab1_Qtg,15,7,2,0.45489534735679626,0.5007029175758362,0.04580757021903992,False,1349,400,400
Lab1_Qtg,15,7,2,0.44828635454177856,0.49671316146850586,0.048426806926727295,False,1349,400,400
Lab1_Qtg,15,7,2,0.4460615813732147,0.45924851298332214,0.013186931610107422,False,1349,400,400
Lab1_Qtg,15,7,2,0.4460615813732147,0.49470624327659607,0.04864466190338135,False,1349,400,400
Lab1_Qtg,15,7,2,0.4415784478187561,0.46570196747779846,0.02412351965904236,False,1349,400,400
Lab1_Qtg,15,7,2,0.4415784478187561,0.46570196747779846,0.02412351965904236,False,1349,400,400
Lab1_Qtg,15,7,2,0.4415784478187561,0.44382569193840027,0.002247244119644165,False,1349,400,400
Lab1_Qtg,15,7,2,0.3863006830215454,0.3939509391784668,0.007650256156921387,False,1349,400,400
Lab1_G2_2F2,2,6,2,1.2572734355926514,1.2728923559188843,0.01561892032623291,False,1429,400,400
Lab1_G2_2F2,2,6,2,1.1927542686462402,1.2572734355926514,0.06451916694641113,False,1429,400,400
Lab1_G2_2F2,2,6,2,1.1676409244537354,1.1927542686462402,0.025113344192504883,False,1429,400,400
Lab1_G2_2F2,2,6,2,1.1591488122940063,1.2010087966918945,0.041859984397888184,False,1429,400,400
Lab1_G2_2F2,2,6,2,1.1505941152572632,1.2334743738174438,0.08288025856018066,False,1429,400,400
Lab1_G2_2F2,2,6,2,1.1505941152572632,1.1591488122940063,0.008554697036743164,False,1429,400,400
Lab1_G2_2F2,2,6,2,1.1419752836227417,1.1591488122940063,0.01717352867126465,False,1429,400,400
Lab1_G2_2F2,2,6,2,1.1332910060882568,1.1505941152572632,0.017303109169006348,False,1429,400,400
Lab1_G2_2F2,2,6,2,1.1332910060882568,1.2334743738174438,0.10018336772918701,False,1429,400,400
Lab1_G2_2F2,2,6,2,1.1332910060882568,1.1591488122940063,0.02585780620574951,False,1429,400,400
Lab1_G2_2F2,2,6,2,1.1245396137237549,1.1419752836227417,0.017435669898986816,False,1429,400,400
Lab1_G2_2F2,2,6,2,1.1157195568084717,1.1332910060882568,0.017571449279785156,False,1429,400,400
Lab1_G2_2F2,2,6,2,1.1157195568084717,1.1332910060882568,0.017571449279785156,False,1429,400,400
Lab1_G2_2F2,2,6,2,1.1157195568084717,1.1505941152572632,0.034874558448791504,False,1429,400,400
Lab1_G2_2F2,2,6,2,1.1157195568084717,1.1245396137237549,0.008820056915283203,False,1429,400,400
Lab1_G2_2F2,2,6,2,1.1157195568084717,1.1591488122940063,0.04342925548553467,False,1429,400,400
Lab1_G2_2F2,2,6,2,1.1068291664123535,1.1505941152572632,0.04376494884490967,False,1429,400,400
Lab1_G2_2F2,2,6,2,1.0978668928146362,1.1068291664123535,0.008962273597717285,False,1429,400,400
Lab1_G2_2F2,2,6,2,1.0978668928146362,1.1068291664123535,0.008962273597717285,False,1429,400,400
Lab1_G2_2F2,2,6,2,1.0888307094573975,1.1157195568084717,0.02688884735107422,False,1429,400,400
Lab1_G2_2F2,2,6,2,1.0888307094573975,1.1068291664123535,0.017998456954956055,False,1429,400,400
Lab1_G2_2F2,2,6,2,1.079719066619873,1.1505941152572632,0.07087504863739014,False,1429,400,400
Lab1_G2_2F2,2,6,2,1.070529818534851,1.1505941152572632,0.08006429672241211,False,1429,400,400
Lab1_G2_2F2,2,6,2,1.070529818534851,1.1068291664123535,0.03629934787750244,False,1429,400,400
Lab1_G2_2F2,2,6,2,1.051910400390625,1.1157195568084717,0.06380915641784668,False,1429,400,400
Lab1_G2_2F2,2,6,2,1.0424760580062866,1.1068291664123535,0.0643531084060669,False,1429,400,400
Lab1_G2_2F2,2,6,2,1.0424760580062866,1.070529818534851,0.028053760528564453,False,1429,400,400
Lab1_G2_2F2,2,6,2,1.0424760580062866,1.051910400390625,0.009434342384338379,False,1429,400,400
Lab1_G2_2F2,2,6,2,1.0424760580062866,1.051910400390625,0.009434342384338379,False,1429,400,400
Lab1_G2_2F2,2,6,2,1.0424760580062866,1.0978668928146362,0.05539083480834961,False,1429,400,400
Lab1_G2_2F2,2,6,2,1.0424760580062866,1.079719066619873,0.037243008613586426,False,1429,400,400
Lab1_G2_2F2,2,6,2,1.032955527305603,1.070529818534851,0.03757429122924805,False,1429,400,400
Lab1_G2_2F2,2,6,2,1.032955527305603,1.051910400390625,0.018954873085021973,False,1429,400,400
Lab1_G2_2F2,2,6,2,1.032955527305603,1.070529818534851,0.03757429122924805,False,1429,400,400
Lab1_G2_2F2,2,6,2,1.032955527305603,1.0424760580062866,0.009520530700683594,False,1429,400,400
Lab1_G2_2F2,2,6,2,1.032955527305603,1.1068291664123535,0.07387363910675049,False,1429,400,400
Lab1_G2_2F2,2,6,2,1.0233464241027832,1.051910400390625,0.028563976287841797,False,1429,400,400
Lab1_G2_2F2,2,6,2,1.0233464241027832,1.0612609386444092,0.03791451454162598,False,1429,400,400
Lab1_G2_2F2,2,6,2,1.0233464241027832,1.032955527305603,0.009609103202819824,False,1429,400,400
Lab1_G2_2F2,2,6,2,1.0233464241027832,1.1068291664123535,0.08348274230957031,False,1429,400,400
Lab1_G2_2F2,2,6,2,1.0136462450027466,1.051910400390625,0.03826415538787842,False,1429,400,400
Lab1_G2_2F2,2,6,2,1.0136462450027466,1.0233464241027832,0.009700179100036621,False,1429,400,400
Lab1_G2_2F2,2,6,2,1.003852367401123,1.032955527305603,0.02910315990447998,False,1429,400,400
Lab1_G2_2F2,2,6,2,1.003852367401123,1.070529818534851,0.06667745113372803,False,1429,400,400
Lab1_G2_2F2,2,6,2,1.003852367401123,1.032955527305603,0.02910315990447998,False,1429,400,400
Lab1_G2_2F2,2,6,2,1.003852367401123,1.0136462450027466,0.009793877601623535,False,1429,400,400
Lab1_G2_2F2,2,6,2,1.003852367401123,1.032955527305603,0.02910315990447998,False,1429,400,400
Lab1_G2_2F2,2,6,2,1.003852367401123,1.079719066619873,0.07586669921875,False,1429,400,400
Lab1_G2_2F2,2,6,2,1.003852367401123,1.1068291664123535,0.10297679901123047,False,1429,400,400
Lab1_G2_2F2,2,6,2,0.9939619302749634,1.0888307094573975,0.09486877918243408,False,1429,400,400
Lab1_G2_2F2,2,6,2,0.9939619302749634,1.0612609386444092,0.0672990083694458,False,1429,400,400
Lab1_G2_2F2,2,6,2,0.9839721322059631,0.9939619302749634,0.009989798069000244,False,1429,400,400
Lab1_G2_2F2,2,6,2,0.9839721322059631,1.1760716438293457,0.19209951162338257,False,1429,400,400
Lab1_G2_2F2,2,6,2,0.9839721322059631,1.0136462450027466,0.029674112796783447,False,1429,400,400
Lab1_G2_2F2,2,6,2,0.9839721322059631,1.0233464241027832,0.03937429189682007,False,1429,400,400
Lab1_G2_2F2,2,6,2,0.9738798141479492,1.070529818534851,0.09665000438690186,False,1429,400,400
Lab1_G2_2F2,2,6,2,0.9738798141479492,0.9939619302749634,0.02008211612701416,False,1429,400,400
Lab1_G2_2F2,2,6,2,0.9738798141479492,1.003852367401123,0.029972553253173828,False,1429,400,400
Lab1_G2_2F2,2,6,2,0.9738798141479492,1.032955527305603,0.05907571315765381,False,1429,400,400
Lab1_G2_2F2,2,6,2,0.9636818766593933,1.032955527305603,0.06927365064620972,False,1429,400,400
Lab1_G2_2F2,2,6,2,0.9636818766593933,1.1068291664123535,0.1431472897529602,False,1429,400,400
Lab1_G2_2F2,2,6,2,0.9636818766593933,1.051910400390625,0.08822852373123169,False,1429,400,400
Lab1_G2_2F2,2,6,2,0.9533748030662537,1.0424760580062866,0.08910125494003296,False,1429,400,400
Lab1_G2_2F2,2,6,2,0.9533748030662537,1.0136462450027466,0.06027144193649292,False,1429,400,400
Lab1_G2_2F2,2,6,2,0.9533748030662537,0.9839721322059631,0.030597329139709473,False,1429,400,400
Lab1_G2_2F2,2,6,2,0.9533748030662537,1.1068291664123535,0.15345436334609985,False,1429,400,400
Lab1_G2_2F2,2,6,2,0.9429550766944885,0.9533748030662537,0.010419726371765137,False,1429,400,400
Lab1_G2_2F2,2,6,2,0.932418942451477,0.9738798141479492,0.04146087169647217,False,1429,400,400
Lab1_G2_2F2,2,6,2,0.932418942451477,0.9533748030662537,0.02095586061477661,False,1429,400,400
Lab1_G2_2F2,2,6,2,0.9217624068260193,0.9429550766944885,0.02119266986846924,False,1429,400,400
Lab1_G2_2F2,2,6,2,0.9217624068260193,0.9429550766944885,0.02119266986846924,False,1429,400,400
Lab1_G2_2F2,2,6,2,0.9217624068260193,0.9636818766593933,0.04191946983337402,False,1429,400,400
Lab1_G2_2F2,2,6,2,0.9217624068260193,0.9636818766593933,0.04191946983337402,False,1429,400,400
Lab1_G2_2F2,2,6,2,0.9109811782836914,1.032955527305603,0.12197434902191162,False,1429,400,400
Lab1_G2_2F2,2,6,2,0.9109811782836914,0.9738798141479492,0.06289863586425781,False,1429,400,400
Lab1_G2_2F2,2,6,2,0.9109811782836914,1.0424760580062866,0.13149487972259521,False,1429,400,400
Lab1_G2_2F2,2,6,2,0.9000707864761353,0.9217624068260193,0.021691620349884033,False,1429,400,400
Lab1_G2_2F2,2,6,2,0.9000707864761353,0.9429550766944885,0.04288429021835327,False,1429,400,400
Lab1_G2_2F2,2,6,2,0.8890265822410583,0.9000707864761353,0.011044204235076904,False,1429,400,400
Lab1_G2_2F2,2,6,2,0.8890265822410583,0.9000707864761353,0.011044204235076904,False,1429,400,400
Lab1_G2_2F2,2,6,2,0.8890265822410583,1.0424760580062866,0.15344947576522827,False,1429,400,400
Lab1_G2_2F2,2,6,2,0.87784343957901,0.9000707864761353,0.022227346897125244,False,1429,400,400
Lab1_G2_2F2,2,6,2,0.8665159344673157,0.9217624068260193,0.05524647235870361,False,1429,400,400
Lab1_G2_2F2,2,6,2,0.8665159344673157,0.9217624068260193,0.05524647235870361,False,1429,400,400
Lab1_G2_2F2,2,6,2,0.8550384044647217,0.8890265822410583,0.03398817777633667,False,1429,400,400
Lab1_G2_2F2,2,6,2,0.8550384044647217,0.8665159344673157,0.011477530002593994,False,1429,400,400
Lab1_G2_2F2,2,6,2,0.831608235836029,0.8434046506881714,0.011796414852142334,False,1429,400,400
Lab1_G2_2F2,2,6,2,0.831608235836029,0.8434046506881714,0.011796414852142334,False,1429,400,400
Lab1_G2_2F2,2,6,2,0.8196420073509216,0.8550384044647217,0.03539639711380005,False,1429,400,400
Lab1_G2_2F2,2,6,2,0.8196420073509216,0.8665159344673157,0.04687392711639404,False,1429,400,400
Lab1_G2_2F2,2,6,2,0.8196420073509216,0.87784343957901,0.05820143222808838,False,1429,400,400
Lab1_G2_2F2,2,6,2,0.8074985146522522,0.87784343957901,0.07034492492675781,False,1429,400,400
Lab1_G2_2F2,2,6,2,0.7951695322990417,0.8196420073509216,0.024472475051879883,False,1429,400,400
Lab1_G2_2F2,2,6,2,0.7826464176177979,0.7951695322990417,0.012523114681243896,False,1429,400,400
Lab1_G2_2F2,2,6,2,0.7699196338653564,0.7826464176177979,0.012726783752441406,False,1429,400,400
Lab1_G2_2F2,2,6,2,0.7699196338653564,0.8196420073509216,0.049722373485565186,False,1429,400,400
Lab1_G2_2F2,2,6,2,0.7569788694381714,0.8196420073509216,0.06266313791275024,False,1429,400,400
Lab1_G2_2F2,2,6,2,0.7569788694381714,0.7826464176177979,0.025667548179626465,False,1429,400,400
Lab1_G2_2F2,2,6,2,0.7438129782676697,0.7569788694381714,0.013165891170501709,False,1429,400,400
Lab1_G2_VoГГ,10,7,2,3.6093428134918213,3.6286203861236572,0.019277572631835938,False,1379,400,400
Lab1_G2_VoГГ,10,7,2,3.4471023082733154,3.4804348945617676,0.03333258628845215,False,1379,400,400
Lab1_G2_VoГГ,10,7,2,3.319857120513916,3.460165023803711,0.14030790328979492,False,1379,400,400
Lab1_G2_VoГГ,10,7,2,2.951418399810791,3.057190418243408,0.10577201843261719,False,1379,400,400
Lab1_G2_VoГГ,10,7,2,2.7669942378997803,2.9719667434692383,0.204972505569458,False,1379,400,400
Lab1_G2_VoГГ,10,7,2,2.7437362670898438,2.7886946201324463,0.04495835304260254,False,1379,400,400
Lab1_G2_VoГГ,10,7,2,2.609583616256714,2.646244764328003,0.03666114807128906,False,1379,400,400
Lab1_G2_VoГГ,10,7,2,2.2751684188842773,2.276395559310913,0.0012271404266357422,False,1379,400,400
Lab1_G2_VoГГ,10,7,2,2.2751684188842773,2.378504753112793,0.10333633422851562,False,1379,400,400
Lab1_G2_VoГГ,10,7,2,2.273474931716919,2.2777066230773926,0.004231691360473633,False,1379,400,400
Lab1_G2_VoГГ,10,7,2,2.2407312393188477,2.281064987182617,0.04033374786376953,False,1379,400,400
Lab1_G2_VoГГ,10,7,2,2.2212002277374268,2.2670915126800537,0.04589128494262695,False,1379,400,400
Lab1_G2_VoГГ,10,7,2,2.2042062282562256,2.300045967102051,0.0958397388458252,False,1379,400,400
Lab1_G2_VoГГ,10,7,2,2.1750268936157227,2.3139455318450928,0.13891863822937012,False,1379,400,400
Lab1_G2_VoГГ,10,7,2,2.174694776535034,2.2952892780303955,0.12059450149536133,False,1379,400,400
Lab1_G2_VoГГ,10,7,2,2.168309211730957,2.1896541118621826,0.021344900131225586,False,1379,400,400
Lab1_G2_VoГГ,10,7,2,2.1488592624664307,2.2923085689544678,0.1434493064880371,False,1379,400,400
Lab1_G2_VoГГ,10,7,2,2.113935947418213,2.117213249206543,0.003277301788330078,False,1379,400,400
Lab1_G2_VoГГ,10,7,2,2.080139636993408,2.1395857334136963,0.059446096420288086,False,1379,400,400
Lab1_G2_VoГГ,10,7,2,2.066950798034668,2.1880483627319336,0.12109756469726562,False,1379,400,400
Lab1_G2_VoГГ,10,7,2,2.0643868446350098,2.0852255821228027,0.02083873748779297,False,1379,400,400
Lab1_G2_VoГГ,10,7,2,2.0564184188842773,2.3167734146118164,0.26035499572753906,False,1379,400,400
Lab1_G2_VoГГ,10,7,2,2.048983097076416,2.063197135925293,0.014214038848876953,False,1379,400,400
Lab1_G2_VoГГ,10,7,2,2.046420097351074,2.1419472694396973,0.09552717208862305,False,1379,400,400
Lab1_G2_VoГГ,10,7,2,2.024754285812378,2.0790746212005615,0.054320335388183594,False,1379,400,400
Lab1_G2_VoГГ,10,7,2,1.9993171691894531,2.0481839179992676,0.04886674880981445,False,1379,400,400
Lab1_G2_VoГГ,10,7,2,1.9949777126312256,2.0496878623962402,0.05471014976501465,False,1379,400,400
Lab1_G2_VoГГ,10,7,2,1.9797635078430176,1.9993412494659424,0.019577741622924805,False,1379,400,400
Lab1_G2_VoГГ,10,7,2,1.9774518013000488,2.0856640338897705,0.10821223258972168,False,1379,400,400
Lab1_G2_VoГГ,10,7,2,1.9515708684921265,1.9658033847808838,0.014232516288757324,False,1379,400,400
Lab1_G2_VoГГ,10,7,2,1.9450467824935913,1.9550217390060425,0.009974956512451172,False,1379,400,400
Lab1_G2_VoГГ,10,7,2,1.9377555847167969,2.1042568683624268,0.16650128364562988,False,1379,400,400
Lab1_G2_VoГГ,10,7,2,1.9217627048492432,1.9450467824935913,0.023284077644348145,False,1379,400,400
Lab1_G2_VoГГ,10,7,2,1.921587347984314,2.0095019340515137,0.08791458606719971,False,1379,400,400
Lab1_G2_VoГГ,10,7,2,1.9108585119247437,1.9415533542633057,0.03069484233856201,False,1379,400,400
Lab1_G2_VoГГ,10,7,2,1.9085643291473389,1.9107577800750732,0.002193450927734375,False,1379,400,400
Lab1_G2_VoГГ,10,7,2,1.897990107536316,1.9740889072418213,0.07609879970550537,False,1379,400,400
Lab1_G2_VoГГ,10,7,2,1.8958072662353516,1.9550217390060425,0.05921447277069092,False,1379,400,400
Lab1_G2_VoГГ,10,7,2,1.8851871490478516,1.9197825193405151,0.034595370292663574,False,1379,400,400
Lab1_G2_VoГГ,10,7,2,1.8630934953689575,1.8905937671661377,0.027500271797180176,False,1379,400,400
Lab1_G2_VoГГ,10,7,2,1.8626024723052979,1.9107577800750732,0.04815530776977539,False,1379,400,400
Lab1_G2_VoГГ,10,7,2,1.8612060546875,1.901690125465393,0.040484070777893066,False,1379,400,400
Lab1_G2_VoГГ,10,7,2,1.845202088356018,1.8678683042526245,0.022666215896606445,False,1379,400,400
Lab1_G2_VoГГ,10,7,2,1.8448107242584229,1.9867794513702393,0.1419687271118164,False,1379,400,400
Lab1_G2_VoГГ,10,7,2,1.8443408012390137,1.9204845428466797,0.07614374160766602,False,1379,400,400
Lab1_G2_VoГГ,10,7,2,1.8406562805175781,1.929413914680481,0.08875763416290283,False,1379,400,400
Lab1_G2_VoГГ,10,7,2,1.8301633596420288,1.8436359167099,0.013472557067871094,False,1379,400,400
Lab1_G2_VoГГ,10,7,2,1.82558012008667,1.8272145986557007,0.0016344785690307617,False,1379,400,400
Lab1_G2_VoГГ,10,7,2,1.8177038431167603,2.1225051879882812,0.304801344871521,False,1379,400,400
Lab1_G2_VoГГ,10,7,2,1.8169089555740356,1.8184717893600464,0.0015628337860107422,False,1379,400,400
Lab1_G2_VoГГ,10,7,2,1.8015004396438599,2.025942802429199,0.22444236278533936,False,1379,400,400
Lab1_G2_VoГГ,10,7,2,1.7858781814575195,1.9439573287963867,0.1580791473388672,False,1379,400,400
Lab1_G2_VoГГ,10,7,2,1.7817485332489014,1.7844756841659546,0.0027271509170532227,False,1379,400,400
Lab1_G2_VoГГ,10,7,2,1.7806673049926758,1.8905174732208252,0.10985016822814941,False,1379,400,400
Lab1_G2_VoГГ,10,7,2,1.768485188484192,1.8442624807357788,0.07577729225158691,False,1379,400,400
Lab1_G2_VoГГ,10,7,2,1.7616384029388428,1.7833690643310547,0.021730661392211914,False,1379,400,400
Lab1_G2_VoГГ,10,7,2,1.7442797422409058,1.9658033847808838,0.22152364253997803,False,1379,400,400
Lab1_G2_VoГГ,10,7,2,1.734480857849121,1.7434239387512207,0.00894308090209961,False,1379,400,400
Lab1_G2_VoГГ,10,7,2,1.6787909269332886,1.7964421510696411,0.11765122413635254,False,1379,400,400
Lab1_G2_VoГГ,10,7,2,1.6770118474960327,1.6783033609390259,0.001291513442993164,False,1379,400,400
Lab1_G2_VoГГ,10,7,2,1.6649677753448486,1.6812269687652588,0.016259193420410156,False,1379,400,400
Lab1_G2_VoГГ,10,7,2,1.664418339729309,1.6871446371078491,0.02272629737854004,False,1379,400,400
Lab1_G2_VoГГ,10,7,2,1.6592903137207031,1.666817545890808,0.0075272321701049805,False,1379,400,400
Lab1_G2_VoГГ,10,7,2,1.654961109161377,1.7402174472808838,0.08525633811950684,False,1379,400,400
Lab1_G2_VoГГ,10,7,2,1.648606777191162,1.6698765754699707,0.021269798278808594,False,1379,400,400
Lab1_G2_VoГГ,10,7,2,1.6383825540542603,1.718137264251709,0.07975471019744873,False,1379,400,400
Lab1_G2_VoГГ,10,7,2,1.629867672920227,1.6583614349365234,0.028493762016296387,False,1379,400,400
Lab1_G2_VoГГ,10,7,2,1.625608205795288,1.7268303632736206,0.10122215747833252,False,1379,400,400
Lab1_G2_VoГГ,10,7,2,1.6183950901031494,1.6564441919326782,0.03804910182952881,False,1379,400,400
Lab1_G2_VoГГ,10,7,2,1.5996330976486206,1.6682034730911255,0.06857037544250488,False,1379,400,400
Lab1_G2_VoГГ,10,7,2,1.595775842666626,1.6583614349365234,0.06258559226989746,False,1379,400,400
Lab1_G2_VoГГ,10,7,2,1.5943872928619385,1.5958964824676514,0.0015091896057128906,False,1379,400,400
Lab1_G2_VoГГ,10,7,2,1.5850894451141357,1.6069304943084717,0.021841049194335938,False,1379,400,400
Lab1_G2_VoГГ,10,7,2,1.5757979154586792,1.6398218870162964,0.06402397155761719,False,1379,400,400
Lab1_G2_VoГГ,10,7,2,1.5693683624267578,1.6646497249603271,0.09528136253356934,False,1379,400,400
Lab1_G2_VoГГ,10,7,2,1.5682635307312012,1.6038414239883423,0.03557789325714111,False,1379,400,400
Lab1_G2_VoГГ,10,7,2,1.567956566810608,1.805824875831604,0.2378683090209961,False,1379,400,400
Lab1_G2_VoГГ,10,7,2,1.566082239151001,1.700221300125122,0.1341390609741211,False,1379,400,400
Lab1_G2_VoГГ,10,7,2,1.5654672384262085,1.6171748638153076,0.05170762538909912,False,1379,400,400
Lab1_G2_VoГГ,10,7,2,1.5517826080322266,1.666817545890808,0.11503493785858154,False,1379,400,400
Lab1_G2_VoГГ,10,7,2,1.5283982753753662,1.609684705734253,0.08128643035888672,False,1379,400,400
Lab1_G2_VoГГ,10,7,2,1.5264439582824707,1.666817545890808,0.1403735876083374,False,1379,400,400
Lab1_G2_VoГГ,10,7,2,1.5111005306243896,1.550665259361267,0.03956472873687744,False,1379,400,400
Lab1_G2_VoГГ,10,7,2,1.5100167989730835,1.5379762649536133,0.027959465980529785,False,1379,400,400
Lab1_G2_VoГГ,10,7,2,1.4954708814620972,1.5069208145141602,0.011449933052062988,False,1379,400,400
Lab1_G2_VoГГ,10,7,2,1.482342004776001,1.4917638301849365,0.009421825408935547,False,1379,400,400
Lab1_G2_VoГГ,10,7,2,1.4726636409759521,1.4775270223617554,0.004863381385803223,False,1379,400,400
Lab1_G2_VoГГ,10,7,2,1.4601211547851562,1.507304072380066,0.04718291759490967,False,1379,400,400
Lab1_G2_VoГГ,10,7,2,1.445073127746582,1.4557290077209473,0.010655879974365234,False,1379,400,400
Lab1_G2_VoГГ,10,7,2,1.438293695449829,1.4819846153259277,0.04369091987609863,False,1379,400,400
Lab1_G2_VoГГ,10,7,2,1.4144967794418335,1.4260903596878052,0.01159358024597168,False,1379,400,400
Lab1_G2_VoГГ,10,7,2,1.395270586013794,1.4229809045791626,0.027710318565368652,False,1379,400,400
Lab1_G2_VoГГ,10,7,2,1.3926801681518555,1.4545047283172607,0.06182456016540527,False,1379,400,400
Lab1_G2_VoГГ,10,7,2,1.3914004564285278,1.4300013780593872,0.038600921630859375,False,1379,400,400
Lab1_G2_VoГГ,10,7,2,1.38595712184906,1.3978906869888306,0.011933565139770508,False,1379,400,400
Lab1_G2_VoГГ,10,7,2,1.3816078901290894,1.4548026323318481,0.07319474220275879,False,1379,400,400
Lab1_G2_VoГГ,10,7,2,1.3785377740859985,1.3799690008163452,0.0014312267303466797,False,1379,400,400
Lab1_G2_VoГГ,10,7,2,1.3693565130233765,1.3766155242919922,0.007259011268615723,False,1379,400,400
Lab1_G2_VoГГ,10,7,2,1.3693565130233765,1.4198307991027832,0.05047428607940674,False,1379,400,400
Lab1_G2_VoГГ,10,7,2,1.368230938911438,1.369462013244629,0.001231074333190918,False,1379,400,400
Lab1_G2_VoГГ,10,7,2,1.3520537614822388,1.3658711910247803,0.013817429542541504,False,1379,400,400
Lab1_G2_VoГГ,10,7,2,1.3490592241287231,1.4775922298431396,0.1285330057144165,False,1379,400,400
Lab1_G2_VoГГ,10,7,2,1.3327577114105225,1.3955811262130737,0.06282341480255127,False,1379,400,400
Lab1_G2_VoГГ,10,7,2,1.3168394565582275,1.4236236810684204,0.10678422451019287,False,1379,400,400
Lab1_G2_VoГГ,10,7,2,1.283998966217041,1.417081356048584,0.13308238983154297,False,1379,400,400
Lab1_G2_VoГГ,10,7,2,1.2568638324737549,1.3407177925109863,0.08385396003723145,False,1379,400,400
Lab1_G2_VoГГ,10,7,2,1.2541793584823608,1.2546783685684204,0.0004990100860595703,False,1379,400,400
Lab1_G2_VoГГ,10,7,2,1.2502576112747192,1.2815216779708862,0.03126406669616699,False,1379,400,400
Lab1_G2_VoГГ,10,7,2,1.2489861249923706,1.2982069253921509,0.04922080039978027,False,1379,400,400
Lab1_G2_VoГГ,10,7,2,1.2483692169189453,1.2748544216156006,0.026485204696655273,False,1379,400,400
Lab1_G2_VoГГ,10,7,2,1.2436937093734741,1.2948647737503052,0.051171064376831055,False,1379,400,400
Lab1_G2_VoГГ,10,7,2,1.2238301038742065,1.2470958232879639,0.023265719413757324,False,1379,400,400
Lab1_G2_VoГГ,10,7,2,1.2232005596160889,1.3266021013259888,0.1034015417098999,False,1379,400,400
Lab1_G2_VoГГ,10,7,2,1.2110164165496826,1.2255206108093262,0.014504194259643555,False,1379,400,400
Lab1_G2_VoГГ,10,7,2,1.201877474784851,1.2949763536453247,0.09309887886047363,False,1379,400,400
Lab1_G2_VoГГ,10,7,2,1.1971008777618408,1.2255206108093262,0.02841973304748535,False,1379,400,400
Lab1_G2_VoГГ,10,7,2,1.19589364528656,1.1965376138687134,0.0006439685821533203,False,1379,400,400
Lab1_G2_VoГГ,10,7,2,1.1952896118164062,1.2569403648376465,0.061650753021240234,False,1379,400,400
Lab1_G2_VoГГ,10,7,2,1.1923454999923706,1.2105393409729004,0.018193840980529785,False,1379,400,400
Lab1_G2_VoГГ,10,7,2,1.1903247833251953,1.2149064540863037,0.0245816707611084,False,1379,400,400
Lab1_G2_VoГГ,10,7,2,1.179761290550232,1.2588541507720947,0.07909286022186279,False,1379,400,400
Lab1_G2_VoГГ,10,7,2,1.1748946905136108,1.2030787467956543,0.028184056282043457,False,1379,400,400
Lab1_G2_VoГГ,10,7,2,1.1544314622879028,1.1800060272216797,0.025574564933776855,False,1379,400,400
Lab1_G2_VoГГ,10,7,2,1.152093529701233,1.170666217803955,0.018572688102722168,False,1379,400,400
Lab1_G2_VoГГ,10,7,2,1.1257139444351196,1.159716010093689,0.034002065658569336,False,1379,400,400
Lab1_G2_VoГГ,10,7,2,1.1239161491394043,1.1800060272216797,0.05608987808227539,False,1379,400,400
Lab1_G2_VoГГ,10,7,2,1.0972980260849,1.1028563976287842,0.005558371543884277,False,1379,400,400
Lab1_G2_VoГГ,10,7,2,1.077193260192871,1.1697609424591064,0.09256768226623535,False,1379,400,400
Lab1_G2_VoГГ,10,7,2,1.0671793222427368,1.0725796222686768,0.005400300025939941,False,1379,400,400
Lab1_G2_VoГГ,10,7,2,1.0622955560684204,1.0983943939208984,0.03609883785247803,False,1379,400,400
Lab1_G2_VoГГ,10,7,2,1.0602540969848633,1.0766119956970215,0.016357898712158203,False,1379,400,400
Lab1_G2_VoГГ,10,7,2,1.0511784553527832,1.1018518209457397,0.05067336559295654,False,1379,400,400
Lab1_G2_VoГГ,10,7,2,1.0458518266677856,1.047415852546692,0.00156402587890625,False,1379,400,400
Lab1_G2_VoГГ,10,7,2,1.0429936647415161,1.0436859130859375,0.0006922483444213867,False,1379,400,400
Lab1_G2_VoГГ,10,7,2,1.0078250169754028,1.0210667848587036,0.013241767883300781,False,1379,400,400
Lab1_G2_VoГГ,10,7,2,1.0026522874832153,1.1018518209457397,0.09919953346252441,False,1379,400,400
Lab1_G2_VoГГ,10,7,2,0.9917404651641846,1.001451015472412,0.009710550308227539,False,1379,400,400
Lab1_G2_VoГГ,10,7,2,0.9899911880493164,1.0137791633605957,0.023787975311279297,False,1379,400,400
Lab1_G2_VoГГ,10,7,2,0.9836974143981934,1.0326480865478516,0.0489506721496582,False,1379,400,400
Lab1_G2_VoГГ,10,7,2,0.9656173586845398,0.9668132662773132,0.0011959075927734375,False,1379,400,400
Lab1_G2_VoГГ,10,7,2,0.9471922516822815,0.9924198985099792,0.045227646827697754,False,1379,400,400
Lab1_G2_VoГГ,10,7,2,0.941123902797699,0.9530704617500305,0.011946558952331543,False,1379,400,400
Lab1_G2_VoГГ,10,7,2,0.9260129332542419,0.9924198985099792,0.0664069652557373,False,1379,400,400
Lab1_G3_T600,22,8,2,3.24397611618042,3.248331069946289,0.004354953765869141,False,1285,400,400
Lab1_G3_T600,22,8,2,2.0321884155273438,2.108604907989502,0.0764164924621582,False,1285,400,400
Lab1_G3_T600,22,8,2,2.0116209983825684,2.0207526683807373,0.009131669998168945,False,1285,400,400
Lab1_G3_T600,22,8,2,1.8693747520446777,1.9629089832305908,0.09353423118591309,False,1285,400,400
Lab1_G3_T600,22,8,2,1.8583976030349731,1.870437741279602,0.012040138244628906,False,1285,400,400
Lab1_G3_T600,22,8,2,1.784493327140808,1.8947408199310303,0.11024749279022217,False,1285,400,400
Lab1_G3_T600,22,8,2,1.7752641439437866,1.8175251483917236,0.04226100444793701,False,1285,400,400
Lab1_G3_T600,22,8,2,1.752070665359497,1.7556192874908447,0.0035486221313476562,False,1285,400,400
Lab1_G3_T600,22,8,2,1.752070665359497,1.7845505475997925,0.03247988224029541,False,1285,400,400
Lab1_G3_T600,22,8,2,1.7204515933990479,1.753190279006958,0.032738685607910156,False,1285,400,400
Lab1_G3_T600,22,8,2,1.7177156209945679,1.7542401552200317,0.03652453422546387,False,1285,400,400
Lab1_G3_T600,22,8,2,1.7109932899475098,1.7406222820281982,0.029628992080688477,False,1285,400,400
Lab1_G3_T600,22,8,2,1.6962264776229858,1.7561383247375488,0.05991184711456299,False,1285,400,400
Lab1_G3_T600,22,8,2,1.6911699771881104,1.769150972366333,0.07798099517822266,False,1285,400,400
Lab1_G3_T600,22,8,2,1.677390694618225,1.682834267616272,0.005443572998046875,False,1285,400,400
Lab1_G3_T600,22,8,2,1.6633917093276978,1.7190062999725342,0.055614590644836426,False,1285,400,400
Lab1_G3_T600,22,8,2,1.630247950553894,1.6737358570098877,0.04348790645599365,False,1285,400,400
Lab1_G3_T600,22,8,2,1.6162068843841553,1.6460238695144653,0.02981698513031006,False,1285,400,400
Lab1_G3_T600,22,8,2,1.6090012788772583,1.6379690170288086,0.028967738151550293,False,1285,400,400
Lab1_G3_T600,22,8,2,1.6030559539794922,1.6228759288787842,0.019819974899291992,False,1285,400,400
Lab1_G3_T600,22,8,2,1.6003845930099487,1.6750577688217163,0.07467317581176758,False,1285,400,400
Lab1_G3_T600,22,8,2,1.598829984664917,1.6462335586547852,0.047403573989868164,False,1285,400,400
Lab1_G3_T600,22,8,2,1.592836856842041,1.5978244543075562,0.004987597465515137,False,1285,400,400
Lab1_G3_T600,22,8,2,1.5791672468185425,1.5890880823135376,0.009920835494995117,False,1285,400,400
Lab1_G3_T600,22,8,2,1.5529989004135132,1.6050491333007812,0.052050232887268066,False,1285,400,400
Lab1_G3_T600,22,8,2,1.5406527519226074,1.5830624103546143,0.042409658432006836,False,1285,400,400
Lab1_G3_T600,22,8,2,1.5405453443527222,1.5455222129821777,0.004976868629455566,False,1285,400,400
Lab1_G3_T600,22,8,2,1.537994146347046,1.5435820817947388,0.005587935447692871,False,1285,400,400
Lab1_G3_T600,22,8,2,1.5288974046707153,1.547558307647705,0.018660902976989746,False,1285,400,400
Lab1_G3_T600,22,8,2,1.5198394060134888,1.5425751209259033,0.02273571491241455,False,1285,400,400
Lab1_G3_T600,22,8,2,1.5166555643081665,1.5178203582763672,0.0011647939682006836,False,1285,400,400
Lab1_G3_T600,22,8,2,1.505178689956665,1.6323248147964478,0.12714612483978271,False,1285,400,400
Lab1_G3_T600,22,8,2,1.4993916749954224,1.5024242401123047,0.0030325651168823242,False,1285,400,400
Lab1_G3_T600,22,8,2,1.4957551956176758,1.5551395416259766,0.05938434600830078,False,1285,400,400
Lab1_G3_T600,22,8,2,1.486633062362671,1.549454927444458,0.06282186508178711,False,1285,400,400
Lab1_G3_T600,22,8,2,1.4834843873977661,1.4961446523666382,0.01266026496887207,False,1285,400,400
Lab1_G3_T600,22,8,2,1.4793570041656494,1.5069092512130737,0.027552247047424316,False,1285,400,400
Lab1_G3_T600,22,8,2,1.4759058952331543,1.547558307647705,0.07165241241455078,False,1285,400,400
Lab1_G3_T600,22,8,2,1.4501287937164307,1.5544360876083374,0.10430729389190674,False,1285,400,400
Lab1_G3_T600,22,8,2,1.3825159072875977,1.4344980716705322,0.05198216438293457,False,1285,400,400
Lab1_G3_T600,22,8,2,1.2362765073776245,1.247918963432312,0.0116424560546875,False,1285,400,400
Lab1_G3_T600,22,8,2,1.234423041343689,1.2842800617218018,0.04985702037811279,False,1285,400,400
Lab1_G3_T600,22,8,2,1.2171289920806885,1.2676637172698975,0.050534725189208984,False,1285,400,400
Lab1_G3_T600,22,8,2,1.216800332069397,1.2608239650726318,0.04402363300323486,False,1285,400,400
Lab1_G3_T600,22,8,2,1.2141715288162231,1.2228909730911255,0.008719444274902344,False,1285,400,400
Lab1_G3_T600,22,8,2,1.2106120586395264,1.247918963432312,0.037306904792785645,False,1285,400,400
Lab1_G3_T600,22,8,2,1.1849231719970703,1.1868458986282349,0.0019227266311645508,False,1285,400,400
Lab1_G3_T600,22,8,2,1.1795865297317505,1.1941642761230469,0.014577746391296387,False,1285,400,400
Lab1_G3_T600,22,8,2,1.145583987236023,1.1942291259765625,0.04864513874053955,False,1285,400,400
Lab1_G3_T600,22,8,2,1.089568853378296,1.094395399093628,0.004826545715332031,False,1285,400,400
Lab1_G3_T600,22,8,2,1.0893219709396362,1.1029105186462402,0.013588547706604004,False,1285,400,400
Lab1_G3_T600,22,8,2,1.0888997316360474,1.0991201400756836,0.01022040843963623,False,1285,400,400
Lab1_G3_T600,22,8,2,1.0733959674835205,1.1009836196899414,0.0275876522064209,False,1285,400,400
Lab1_G3_T600,22,8,2,1.0729520320892334,1.1265496015548706,0.05359756946563721,False,1285,400,400
Lab1_G3_T600,22,8,2,1.0581350326538086,1.0663362741470337,0.008201241493225098,False,1285,400,400
Lab1_G3_T600,22,8,2,1.0351223945617676,1.050148606300354,0.015026211738586426,False,1285,400,400
Lab1_G3_T600,22,8,2,1.0337222814559937,1.0416122674942017,0.007889986038208008,False,1285,400,400
Lab1_G3_T600,22,8,2,1.0285656452178955,1.0693954229354858,0.04082977771759033,False,1285,400,400
Lab1_G3_T600,22,8,2,1.0231930017471313,1.0571590662002563,0.033966064453125,False,1285,400,400
Lab1_G3_T600,22,8,2,1.0150014162063599,1.0251153707504272,0.010113954544067383,False,1285,400,400
Lab1_G3_T600,22,8,2,1.0145058631896973,1.0234355926513672,0.008929729461669922,False,1285,400,400
Lab1_G3_T600,22,8,2,1.01083242893219,1.0145058631896973,0.0036734342575073242,False,1285,400,400
Lab1_G3_T600,22,8,2,1.003790259361267,1.050148606300354,0.046358346939086914,False,1285,400,400
Lab1_G3_T600,22,8,2,0.9967198371887207,0.9992182850837708,0.002498447895050049,False,1285,400,400
Lab1_G3_T600,22,8,2,0.9913294911384583,1.0138828754425049,0.02255338430404663,False,1285,400,400
Lab1_G3_T600,22,8,2,0.9907914400100708,1.0085935592651367,0.017802119255065918,False,1285,400,400
Lab1_G3_T600,22,8,2,0.9857187867164612,1.0251153707504272,0.039396584033966064,False,1285,400,400
Lab1_G3_T600,22,8,2,0.9782313704490662,1.014182448387146,0.035951077938079834,False,1285,400,400
Lab1_G3_T600,22,8,2,0.9757396578788757,1.0741760730743408,0.09843641519546509,False,1285,400,400
Lab1_G3_T600,22,8,2,0.9634742736816406,1.021036982536316,0.05756270885467529,False,1285,400,400
Lab1_G3_T600,22,8,2,0.9386131167411804,0.9565815329551697,0.017968416213989258,False,1285,400,400
Lab1_G3_T600,22,8,2,0.930168628692627,0.972067654132843,0.041899025440216064,False,1285,400,400
Lab1_G3_T600,22,8,2,0.9294764995574951,0.9460144639015198,0.016537964344024658,False,1285,400,400
Lab1_G3_T600,22,8,2,0.9135879874229431,0.9472317099571228,0.03364372253417969,False,1285,400,400
Lab1_G4_N1пр,4,6,2,0.43978509306907654,0.4402039051055908,0.0004188120365142822,False,1419,400,400
Lab1_G4_N1пр,4,6,2,0.2621120810508728,0.2636060118675232,0.0014939308166503906,False,1419,400,400
Lab1_G4_N1пр,4,6,2,0.25444287061691284,0.2613508701324463,0.006907999515533447,False,1419,400,400
Lab1_G4_N1пр,4,6,2,0.24357862770557404,0.24559976160526276,0.0020211338996887207,False,1419,400,400
Lab1_G4_N1пр,4,6,2,0.24261920154094696,0.249275341629982,0.006656140089035034,False,1419,400,400
Lab1_G4_N1пр,4,6,2,0.22804772853851318,0.2384408712387085,0.010393142700195312,False,1419,400,400
Lab1_G4_N1пр,4,6,2,0.22253338992595673,0.24443137645721436,0.02189798653125763,False,1419,400,400
Lab1_G4_N1пр,4,6,2,0.21653687953948975,0.22068007290363312,0.004143193364143372,False,1419,400,400
Lab1_G4_N1пр,4,6,2,0.21333207190036774,0.21503059566020966,0.001698523759841919,False,1419,400,400
Lab1_G4_N1пр,4,6,2,0.21274477243423462,0.21597403287887573,0.0032292604446411133,False,1419,400,400
Lab1_G4_N1пр,4,6,2,0.21178212761878967,0.2225242257118225,0.010742098093032837,False,1419,400,400
Lab1_G4_N1пр,4,6,2,0.21116797626018524,0.21358373761177063,0.002415761351585388,False,1419,400,400
Lab1_G4_N1пр,4,6,2,0.19835959374904633,0.20779699087142944,0.009437397122383118,False,1419,400,400
Lab1_G4_N1пр,4,6,2,0.19550232589244843,0.21922707557678223,0.0237247496843338,False,1419,400,400
Lab1_G4_N1пр,4,6,2,0.1939431130886078,0.20602069795131683,0.012077584862709045,False,1419,400,400
Lab1_G4_N1пр,4,6,2,0.19214846193790436,0.1947914958000183,0.0026430338621139526,False,1419,400,400
Lab1_G4_N1пр,4,6,2,0.1917676478624344,0.20224155485630035,0.010473906993865967,False,1419,400,400
Lab1_G4_N1пр,4,6,2,0.1913985311985016,0.2008989304304123,0.009500399231910706,False,1419,400,400
Lab1_G4_N1пр,4,6,2,0.18787918984889984,0.19304171204566956,0.005162522196769714,False,1419,400,400
Lab1_G4_N1пр,4,6,2,0.1837587207555771,0.19446831941604614,0.010709598660469055,False,1419,400,400
Lab1_G4_N1пр,4,6,2,0.1802109330892563,0.1939413696527481,0.013730436563491821,False,1419,400,400
Lab1_G4_N1пр,4,6,2,0.1788283884525299,0.18342168629169464,0.004593297839164734,False,1419,400,400
Lab1_G4_N1пр,4,6,2,0.17855630815029144,0.18281826376914978,0.004261955618858337,False,1419,400,400
Lab1_G4_N1пр,4,6,2,0.17694386839866638,0.18496112525463104,0.00801725685596466,False,1419,400,400
Lab1_G4_N1пр,4,6,2,0.17132267355918884,0.18371616303920746,0.012393489480018616,False,1419,400,400
Lab1_G4_N1пр,4,6,2,0.17039339244365692,0.17485636472702026,0.004462972283363342,False,1419,400,400
Lab1_G4_N1пр,4,6,2,0.16865456104278564,0.18665915727615356,0.01800459623336792,False,1419,400,400
Lab1_G4_N1пр,4,6,2,0.16447004675865173,0.16862231492996216,0.004152268171310425,False,1419,400,400
Lab1_G4_N1пр,4,6,2,0.16418039798736572,0.1670340597629547,0.0028536617755889893,False,1419,400,400
Lab1_G4_N1пр,4,6,2,0.1584411859512329,0.15942521393299103,0.0009840279817581177,False,1419,400,400
Lab1_G4_N1пр,4,6,2,0.15734082460403442,0.15740996599197388,6.914138793945312e-05,False,1419,400,400
Lab1_G4_N1пр,4,6,2,0.15560035407543182,0.1598851978778839,0.004284843802452087,False,1419,400,400
Lab1_G4_N1пр,4,6,2,0.15454137325286865,0.16218020021915436,0.007638826966285706,False,1419,400,400
Lab1_G4_N1пр,4,6,2,0.15004290640354156,0.1504841148853302,0.00044120848178863525,False,1419,400,400
Lab1_G4_N1пр,4,6,2,0.1440451294183731,0.15293806791305542,0.008892938494682312,False,1419,400,400
Lab1_G4_N1пр,4,6,2,0.1404503583908081,0.14717164635658264,0.006721287965774536,False,1419,400,400
Lab1_G4_N1пр,4,6,2,0.13487869501113892,0.14418195188045502,0.009303256869316101,False,1419,400,400
Lab1_G4_N1пр,4,6,2,0.13371413946151733,0.13530653715133667,0.001592397689819336,False,1419,400,400
Lab1_Ttg,66,3,2,0.6666814088821411,0.9428298473358154,0.2761484384536743,False,1307,400,400
Lab1_Ttg,66,3,2,0.6666814088821411,0.8165146112442017,0.14983320236206055,False,1307,400,400
Lab1_Ttg,66,3,2,0.6666814088821411,0.8165146112442017,0.14983320236206055,False,1307,400,400
Lab1_PposleNag,2,7,2,0.08338485658168793,0.08709263801574707,0.003707781434059143,False,1427,400,400
Lab1_PposleNag,2,7,2,0.07111084461212158,0.0754244402050972,0.0043135955929756165,False,1427,400,400
Lab1_PposleNag,2,7,2,0.06651810556650162,0.07111084461212158,0.004592739045619965,False,1427,400,400
Lab1_PposleNag,2,7,2,0.06651810556650162,0.07111084461212158,0.004592739045619965,False,1427,400,400
Lab1_PposleNag,2,7,2,0.06651810556650162,0.07111084461212158,0.004592739045619965,False,1427,400,400
Lab1_PposleNag,2,7,2,0.06651810556650162,0.07111084461212158,0.004592739045619965,False,1427,400,400
Lab1_PposleNag,2,7,2,0.06651810556650162,0.07111084461212158,0.004592739045619965,False,1427,400,400
Lab1_PposleNag,2,7,2,0.06158379465341568,0.06651810556650162,0.0049343109130859375,False,1427,400,400
Lab1_PposleNag,2,7,2,0.06158379465341568,0.06651810556650162,0.0049343109130859375,False,1427,400,400
Lab1_PposleNag,2,7,2,0.05621805787086487,0.06651810556650162,0.01030004769563675,False,1427,400,400
Lab1_dev,4,5,2,1.7842652797698975,1.8237740993499756,0.039508819580078125,False,1423,400,400
Lab1_dev,4,5,2,1.5869380235671997,1.6018391847610474,0.014901161193847656,False,1423,400,400
Lab1_dev,4,5,2,1.5869380235671997,1.616602897644043,0.02966487407684326,False,1423,400,400
Lab1_dev,4,5,2,1.5567078590393066,1.6018391847610474,0.04513132572174072,False,1423,400,400
Lab1_dev,4,5,2,1.5567078590393066,1.6018391847610474,0.04513132572174072,False,1423,400,400
Lab1_dev,4,5,2,1.4784306287765503,1.6457332372665405,0.16730260848999023,False,1423,400,400
Lab1_dev,4,5,2,1.4622724056243896,1.5413703918457031,0.07909798622131348,False,1423,400,400
Lab1_dev,4,5,2,1.4294081926345825,1.4459335803985596,0.01652538776397705,False,1423,400,400
Lab1_dev,4,5,2,1.4126893281936646,1.4294081926345825,0.01671886444091797,False,1423,400,400
Lab1_dev,4,5,2,1.4126893281936646,1.4784306287765503,0.06574130058288574,False,1423,400,400
Lab1_dev,4,5,2,1.3957703113555908,1.4459335803985596,0.05016326904296875,False,1423,400,400
Lab1_dev,4,5,2,1.3786436319351196,1.3957703113555908,0.01712667942047119,False,1423,400,400
Lab1_dev,4,5,2,1.3613015413284302,1.4126893281936646,0.051387786865234375,False,1423,400,400
Lab1_dev,4,5,2,1.3613015413284302,1.3786436319351196,0.017342090606689453,False,1423,400,400
Lab1_dev,4,5,2,1.3613015413284302,1.3786436319351196,0.017342090606689453,False,1423,400,400
Lab1_dev,4,5,2,1.3437355756759644,1.4622724056243896,0.11853682994842529,False,1423,400,400
Lab1_dev,4,5,2,1.3437355756759644,1.4294081926345825,0.08567261695861816,False,1423,400,400
Lab1_dev,4,5,2,1.325937032699585,1.3437355756759644,0.017798542976379395,False,1423,400,400
Lab1_dev,4,5,2,1.325937032699585,1.4126893281936646,0.08675229549407959,False,1423,400,400
Lab1_dev,4,5,2,1.325937032699585,1.3613015413284302,0.035364508628845215,False,1423,400,400
Lab1_dev,4,5,2,1.3078961372375488,1.3613015413284302,0.05340540409088135,False,1423,400,400
Lab1_dev,4,5,2,1.3078961372375488,1.325937032699585,0.018040895462036133,False,1423,400,400
Lab1_dev,4,5,2,1.3078961372375488,1.325937032699585,0.018040895462036133,False,1423,400,400
Lab1_dev,4,5,2,1.3078961372375488,1.3437355756759644,0.03583943843841553,False,1423,400,400
Lab1_dev,4,5,2,1.3078961372375488,1.3613015413284302,0.05340540409088135,False,1423,400,400
Lab1_dev,4,5,2,1.3078961372375488,1.3437355756759644,0.03583943843841553,False,1423,400,400
Lab1_dev,4,5,2,1.2896029949188232,1.3078961372375488,0.018293142318725586,False,1423,400,400
Lab1_dev,4,5,2,1.2896029949188232,1.4294081926345825,0.13980519771575928,False,1423,400,400
Lab1_dev,4,5,2,1.2896029949188232,1.3613015413284302,0.07169854640960693,False,1423,400,400
Lab1_dev,4,5,2,1.2710466384887695,1.325937032699585,0.05489039421081543,False,1423,400,400
Lab1_dev,4,5,2,1.2710466384887695,1.2896029949188232,0.01855635643005371,False,1423,400,400
Lab1_dev,4,5,2,1.2710466384887695,1.3437355756759644,0.07268893718719482,False,1423,400,400
Lab1_dev,4,5,2,1.2710466384887695,1.3078961372375488,0.0368494987487793,False,1423,400,400
Lab1_dev,4,5,2,1.2710466384887695,1.325937032699585,0.05489039421081543,False,1423,400,400
Lab1_dev,4,5,2,1.2710466384887695,1.3078961372375488,0.0368494987487793,False,1423,400,400
Lab1_dev,4,5,2,1.2710466384887695,1.2896029949188232,0.01855635643005371,False,1423,400,400
Lab1_dev,4,5,2,1.2710466384887695,1.3957703113555908,0.12472367286682129,False,1423,400,400
Lab1_dev,4,5,2,1.2522152662277222,1.3078961372375488,0.05568087100982666,False,1423,400,400
Lab1_dev,4,5,2,1.2522152662277222,1.2896029949188232,0.037387728691101074,False,1423,400,400
Lab1_dev,4,5,2,1.2522152662277222,1.2710466384887695,0.018831372261047363,False,1423,400,400
Lab1_dev,4,5,2,1.2330963611602783,1.2896029949188232,0.05650663375854492,False,1423,400,400
Lab1_dev,4,5,2,1.2330963611602783,1.3437355756759644,0.11063921451568604,False,1423,400,400
Lab1_dev,4,5,2,1.2330963611602783,1.325937032699585,0.09284067153930664,False,1423,400,400
Lab1_dev,4,5,2,1.2330963611602783,1.2896029949188232,0.05650663375854492,False,1423,400,400
Lab1_dev,4,5,2,1.2330963611602783,1.2896029949188232,0.05650663375854492,False,1423,400,400
Lab1_dev,4,5,2,1.2136763334274292,1.2522152662277222,0.03853893280029297,False,1423,400,400
Lab1_dev,4,5,2,1.2136763334274292,1.2330963611602783,0.01942002773284912,False,1423,400,400
Lab1_dev,4,5,2,1.2136763334274292,1.2710466384887695,0.05737030506134033,False,1423,400,400
Lab1_dev,4,5,2,1.1939404010772705,1.2522152662277222,0.05827486515045166,False,1423,400,400
Lab1_dev,4,5,2,1.1939404010772705,1.2896029949188232,0.09566259384155273,False,1423,400,400
Lab1_dev,4,5,2,1.1939404010772705,1.2522152662277222,0.05827486515045166,False,1423,400,400
Lab1_dev,4,5,2,1.1939404010772705,1.2330963611602783,0.03915596008300781,False,1423,400,400
Lab1_dev,4,5,2,1.1939404010772705,1.2330963611602783,0.03915596008300781,False,1423,400,400
Lab1_dev,4,5,2,1.1939404010772705,1.2710466384887695,0.07710623741149902,False,1423,400,400
Lab1_dev,4,5,2,1.1939404010772705,1.2710466384887695,0.07710623741149902,False,1423,400,400
Lab1_dev,4,5,2,1.173872709274292,1.2522152662277222,0.07834255695343018,False,1423,400,400
Lab1_dev,4,5,2,1.173872709274292,1.1939404010772705,0.020067691802978516,False,1423,400,400
Lab1_dev,4,5,2,1.173872709274292,1.1939404010772705,0.020067691802978516,False,1423,400,400
Lab1_dev,4,5,2,1.173872709274292,1.2710466384887695,0.09717392921447754,False,1423,400,400
Lab1_dev,4,5,2,1.173872709274292,1.1939404010772705,0.020067691802978516,False,1423,400,400
Lab1_dev,4,5,2,1.173872709274292,1.2136763334274292,0.03980362415313721,False,1423,400,400
Lab1_dev,4,5,2,1.173872709274292,1.1939404010772705,0.020067691802978516,False,1423,400,400
Lab1_dev,4,5,2,1.173872709274292,1.325937032699585,0.15206432342529297,False,1423,400,400
Lab1_dev,4,5,2,1.173872709274292,1.1939404010772705,0.020067691802978516,False,1423,400,400
Lab1_dev,4,5,2,1.1534559726715088,1.1939404010772705,0.04048442840576172,False,1423,400,400
Lab1_dev,4,5,2,1.1326713562011719,1.1939404010772705,0.06126904487609863,False,1423,400,400
Lab1_dev,4,5,2,1.1326713562011719,1.1534559726715088,0.020784616470336914,False,1423,400,400
Lab1_dev,4,5,2,1.1326713562011719,1.2896029949188232,0.15693163871765137,False,1423,400,400
Lab1_dev,4,5,2,1.1326713562011719,1.173872709274292,0.04120135307312012,False,1423,400,400
Lab1_dev,4,5,2,1.1326713562011719,1.1534559726715088,0.020784616470336914,False,1423,400,400
Lab1_dev,4,5,2,1.1326713562011719,1.1534559726715088,0.020784616470336914,False,1423,400,400
Lab1_dev,4,5,2,1.1326713562011719,1.2136763334274292,0.08100497722625732,False,1423,400,400
Lab1_dev,4,5,2,1.1326713562011719,1.2710466384887695,0.13837528228759766,False,1423,400,400
Lab1_dev,4,5,2,1.1114979982376099,1.1326713562011719,0.02117335796356201,False,1423,400,400
Lab1_dev,4,5,2,1.1114979982376099,1.1939404010772705,0.08244240283966064,False,1423,400,400
Lab1_dev,4,5,2,1.1114979982376099,1.1534559726715088,0.041957974433898926,False,1423,400,400
Lab1_dev,4,5,2,1.1114979982376099,1.1534559726715088,0.041957974433898926,False,1423,400,400
Lab1_dev,4,5,2,1.1114979982376099,1.1326713562011719,0.02117335796356201,False,1423,400,400
Lab1_dev,4,5,2,1.0899134874343872,1.1534559726715088,0.06354248523712158,False,1423,400,400
Lab1_dev,4,5,2,1.0899134874343872,1.1114979982376099,0.021584510803222656,False,1423,400,400
Lab1_dev,4,5,2,1.0899134874343872,1.1114979982376099,0.021584510803222656,False,1423,400,400
Lab1_dev,4,5,2,1.0678927898406982,1.1114979982376099,0.04360520839691162,False,1423,400,400
Lab1_dev,4,5,2,1.0678927898406982,1.1939404010772705,0.12604761123657227,False,1423,400,400
Lab1_dev,4,5,2,1.0678927898406982,1.1114979982376099,0.04360520839691162,False,1423,400,400
Lab1_dev,4,5,2,1.0454082489013672,1.0899134874343872,0.04450523853302002,False,1423,400,400
Lab1_dev,4,5,2,1.0454082489013672,1.0899134874343872,0.04450523853302002,False,1423,400,400
Lab1_dev,4,5,2,1.0454082489013672,1.0899134874343872,0.04450523853302002,False,1423,400,400
Lab1_dev,4,5,2,1.0454082489013672,1.1939404010772705,0.14853215217590332,False,1423,400,400
Lab1_dev,4,5,2,1.0224294662475586,1.0454082489013672,0.022978782653808594,False,1423,400,400
Lab1_dev,4,5,2,1.0224294662475586,1.0678927898406982,0.04546332359313965,False,1423,400,400
Lab1_dev,4,5,2,1.0224294662475586,1.0899134874343872,0.06748402118682861,False,1423,400,400
Lab1_dev,4,5,2,1.0224294662475586,1.0454082489013672,0.022978782653808594,False,1423,400,400
Lab1_dev,4,5,2,0.9989222288131714,1.0224294662475586,0.023507237434387207,False,1423,400,400
Lab1_dev,4,5,2,0.9989222288131714,1.0224294662475586,0.023507237434387207,False,1423,400,400
Lab1_dev,4,5,2,0.9989222288131714,1.0224294662475586,0.023507237434387207,False,1423,400,400
Lab1_dev,4,5,2,0.9989222288131714,1.0678927898406982,0.06897056102752686,False,1423,400,400
Lab1_dev,4,5,2,0.9748482704162598,0.9989222288131714,0.02407395839691162,False,1423,400,400
Lab1_dev,4,5,2,0.9501645565032959,0.9748482704162598,0.024683713912963867,False,1423,400,400
Lab1_dev,4,5,2,0.9501645565032959,1.0454082489013672,0.09524369239807129,False,1423,400,400
Lab1_dev,4,5,2,0.9248222708702087,1.0224294662475586,0.09760719537734985,False,1423,400,400
Lab1_dev,4,5,2,0.9248222708702087,1.0224294662475586,0.09760719537734985,False,1423,400,400
Lab1_dev,4,5,2,0.6893218159675598,0.7551141977310181,0.06579238176345825,False,1423,400,400
Lab1_G3_Pc2,18,9,2,3.54192852973938,3.559995651245117,0.018067121505737305,False,1295,400,400
Lab1_G3_Pc2,18,9,2,2.979904890060425,3.1421167850494385,0.16221189498901367,False,1295,400,400
Lab1_G3_Pc2,18,9,2,2.8963735103607178,2.9629409313201904,0.06656742095947266,False,1295,400,400
Lab1_G3_Pc2,18,9,2,2.834606170654297,2.857189416885376,0.0225832462310791,False,1295,400,400
Lab1_G3_Pc2,18,9,2,2.8213162422180176,2.834628105163574,0.01331186294555664,False,1295,400,400
Lab1_G3_Pc2,18,9,2,2.811126947402954,2.837574005126953,0.026447057723999023,False,1295,400,400
Lab1_G3_Pc2,18,9,2,2.804466724395752,2.8528618812561035,0.04839515686035156,False,1295,400,400
Lab1_G3_Pc2,18,9,2,2.8030340671539307,2.811433792114258,0.008399724960327148,False,1295,400,400
Lab1_G3_Pc2,18,9,2,2.7996790409088135,2.816732168197632,0.01705312728881836,False,1295,400,400
Lab1_G3_Pc2,18,9,2,2.796696186065674,2.8511745929718018,0.05447840690612793,False,1295,400,400
Lab1_G3_Pc2,18,9,2,2.7932136058807373,2.8842437267303467,0.09103012084960938,False,1295,400,400
Lab1_G3_Pc2,18,9,2,2.7922563552856445,2.9307520389556885,0.13849568367004395,False,1295,400,400
Lab1_G3_Pc2,18,9,2,2.7855281829833984,2.8063838481903076,0.02085566520690918,False,1295,400,400
Lab1_G3_Pc2,18,9,2,2.780308485031128,2.782396078109741,0.0020875930786132812,False,1295,400,400
Lab1_G3_Pc2,18,9,2,2.778148651123047,2.8793416023254395,0.10119295120239258,False,1295,400,400
Lab1_G3_Pc2,18,9,2,2.777238130569458,2.794020891189575,0.016782760620117188,False,1295,400,400
Lab1_G3_Pc2,18,9,2,2.7770650386810303,2.950618267059326,0.1735532283782959,False,1295,400,400
Lab1_G3_Pc2,18,9,2,2.776472330093384,2.957789897918701,0.18131756782531738,False,1295,400,400
Lab1_G3_Pc2,18,9,2,2.7754807472229004,2.9241981506347656,0.14871740341186523,False,1295,400,400
Lab1_G3_Pc2,18,9,2,2.7703518867492676,2.9165422916412354,0.14619040489196777,False,1295,400,400
Lab1_G3_Pc2,18,9,2,2.7491297721862793,2.8746676445007324,0.12553787231445312,False,1295,400,400
Lab1_G3_Pc2,18,9,2,2.745798110961914,2.8121109008789062,0.06631278991699219,False,1295,400,400
Lab1_G3_Pc2,18,9,2,2.745203733444214,2.758323907852173,0.013120174407958984,False,1295,400,400
Lab1_G3_Pc2,18,9,2,2.741947889328003,2.772815704345703,0.030867815017700195,False,1295,400,400
Lab1_G3_Pc2,18,9,2,2.719104528427124,2.8000426292419434,0.08093810081481934,False,1295,400,400
Lab1_G3_Pc2,18,9,2,2.7113444805145264,2.739684820175171,0.02834033966064453,False,1295,400,400
Lab1_G3_Pc2,18,9,2,2.7099506855010986,2.7833898067474365,0.07343912124633789,False,1295,400,400
Lab1_G3_Pc2,18,9,2,2.698960065841675,2.7986180782318115,0.09965801239013672,False,1295,400,400
Lab1_G3_Pc2,18,9,2,2.698960065841675,2.7986180782318115,0.09965801239013672,False,1295,400,400
Lab1_G3_Pc2,18,9,2,2.6880104541778564,2.8000426292419434,0.11203217506408691,False,1295,400,400
Lab1_G3_Pc2,18,9,2,2.686282157897949,2.7641637325286865,0.0778815746307373,False,1295,400,400
Lab1_G3_Pc2,18,9,2,2.6855392456054688,2.697667121887207,0.012127876281738281,False,1295,400,400
Lab1_G3_Pc2,18,9,2,2.6752209663391113,2.714048147201538,0.03882718086242676,False,1295,400,400
Lab1_G3_Pc2,18,9,2,2.6743478775024414,2.782309055328369,0.10796117782592773,False,1295,400,400
Lab1_G3_Pc2,18,9,2,2.6725893020629883,2.6924710273742676,0.019881725311279297,False,1295,400,400
Lab1_G3_Pc2,18,9,2,2.6645395755767822,2.807703971862793,0.14316439628601074,False,1295,400,400
Lab1_G3_Pc2,18,9,2,2.660487174987793,2.707430839538574,0.04694366455078125,False,1295,400,400
Lab1_G3_Pc2,18,9,2,2.6583080291748047,2.6666903495788574,0.008382320404052734,False,1295,400,400
Lab1_G3_Pc2,18,9,2,2.6497297286987305,2.7768146991729736,0.12708497047424316,False,1295,400,400
Lab1_G3_Pc2,18,9,2,2.6473443508148193,2.693103313446045,0.045758962631225586,False,1295,400,400
Lab1_G3_Pc2,18,9,2,2.643993377685547,2.694727897644043,0.050734519958496094,False,1295,400,400
Lab1_G3_Pc2,18,9,2,2.643190860748291,2.772815704345703,0.1296248435974121,False,1295,400,400
Lab1_G3_Pc2,18,9,2,2.64176607131958,2.7057371139526367,0.06397104263305664,False,1295,400,400
Lab1_G3_Pc2,18,9,2,2.638688802719116,2.7279725074768066,0.08928370475769043,False,1295,400,400
Lab1_G3_Pc2,18,9,2,2.617429733276367,2.7571945190429688,0.13976478576660156,False,1295,400,400
Lab1_G3_Pc2,18,9,2,2.6093764305114746,2.621537446975708,0.012161016464233398,False,1295,400,400
Lab1_G3_Pc2,18,9,2,2.6080970764160156,2.6974525451660156,0.08935546875,False,1295,400,400
Lab1_G3_Pc2,18,9,2,2.5938820838928223,2.7068817615509033,0.11299967765808105,False,1295,400,400
Lab1_G3_Pc2,18,9,2,2.5918376445770264,2.730538845062256,0.1387012004852295,False,1295,400,400
Lab1_G3_Pc2,18,9,2,2.5904836654663086,2.667661428451538,0.07717776298522949,False,1295,400,400
Lab1_G3_Pc2,18,9,2,2.5896127223968506,2.6733386516571045,0.0837259292602539,False,1295,400,400
Lab1_G3_Pc2,18,9,2,2.5851430892944336,2.608955144882202,0.023812055587768555,False,1295,400,400
Lab1_G3_Pc2,18,9,2,2.5820093154907227,2.6599981784820557,0.07798886299133301,False,1295,400,400
Lab1_G3_Pc2,18,9,2,2.5782623291015625,2.6619629859924316,0.08370065689086914,False,1295,400,400
Lab1_G3_Pc2,18,9,2,2.5741279125213623,2.63053035736084,0.05640244483947754,False,1295,400,400
Lab1_G3_Pc2,18,9,2,2.565009593963623,2.585519552230835,0.020509958267211914,False,1295,400,400
Lab1_G3_Pc2,18,9,2,2.5533342361450195,2.748150587081909,0.19481635093688965,False,1295,400,400
Lab1_G3_Pc2,18,9,2,2.5530378818511963,2.6030819416046143,0.05004405975341797,False,1295,400,400
Lab1_G3_Pc2,18,9,2,2.552617073059082,2.581669569015503,0.0290524959564209,False,1295,400,400
Lab1_G3_Pc2,18,9,2,2.5495073795318604,2.56350040435791,0.013993024826049805,False,1295,400,400
Lab1_G3_Pc2,18,9,2,2.5315139293670654,2.5572030544281006,0.025689125061035156,False,1295,400,400
Lab1_G3_Pc2,18,9,2,2.522045612335205,2.553220510482788,0.031174898147583008,False,1295,400,400
Lab1_G3_Pc2,18,9,2,2.516921281814575,2.5409696102142334,0.024048328399658203,False,1295,400,400
Lab1_G3_Pc2,18,9,2,2.5063934326171875,2.6104488372802734,0.10405540466308594,False,1295,400,400
Lab1_G3_Pc2,18,9,2,2.5036606788635254,2.531273603439331,0.027612924575805664,False,1295,400,400
Lab1_G3_Pc2,18,9,2,2.502716302871704,2.503950834274292,0.0012345314025878906,False,1295,400,400
Lab1_G3_Pc2,18,9,2,2.493483304977417,2.5345184803009033,0.04103517532348633,False,1295,400,400
Lab1_G3_Pc2,18,9,2,2.491234540939331,2.5709054470062256,0.07967090606689453,False,1295,400,400
Lab1_G3_Pc2,18,9,2,2.4890739917755127,2.5468509197235107,0.05777692794799805,False,1295,400,400
Lab1_G3_Pc2,18,9,2,2.4866480827331543,2.514035701751709,0.027387619018554688,False,1295,400,400
Lab1_G3_Pc2,18,9,2,2.470726251602173,2.5142335891723633,0.04350733757019043,False,1295,400,400
Lab1_G3_Pc2,18,9,2,2.470726251602173,2.4859769344329834,0.015250682830810547,False,1295,400,400
Lab1_G3_Pc2,18,9,2,2.469940423965454,2.5028839111328125,0.0329434871673584,False,1295,400,400
Lab1_G3_Pc2,18,9,2,2.469940423965454,2.5018999576568604,0.03195953369140625,False,1295,400,400
Lab1_G3_Pc2,18,9,2,2.462876796722412,2.667661428451538,0.20478463172912598,False,1295,400,400
Lab1_G3_Pc2,18,9,2,2.462116003036499,2.468187093734741,0.0060710906982421875,False,1295,400,400
Lab1_G3_Pc2,18,9,2,2.4378793239593506,2.438416004180908,0.0005366802215576172,False,1295,400,400
Lab1_G3_Pc2,18,9,2,2.4374310970306396,2.4440195560455322,0.006588459014892578,False,1295,400,400
Lab1_G3_Pc2,18,9,2,2.4306085109710693,2.4358861446380615,0.0052776336669921875,False,1295,400,400
Lab1_G3_Pc2,18,9,2,2.430349588394165,2.517324924468994,0.0869753360748291,False,1295,400,400
Lab1_G3_Pc2,18,9,2,2.4264934062957764,2.5242178440093994,0.09772443771362305,False,1295,400,400
Lab1_G3_Pc2,18,9,2,2.4168503284454346,2.623674154281616,0.20682382583618164,False,1295,400,400
Lab1_G3_Pc2,18,9,2,2.4167046546936035,2.4577012062072754,0.040996551513671875,False,1295,400,400
Lab1_G3_Pc2,18,9,2,2.415757656097412,2.468574047088623,0.05281639099121094,False,1295,400,400
Lab1_G3_Pc2,18,9,2,2.414315700531006,2.4177684783935547,0.003452777862548828,False,1295,400,400
Lab1_G3_Pc2,18,9,2,2.414222002029419,2.6864447593688965,0.27222275733947754,False,1295,400,400
Lab1_G3_Pc2,18,9,2,2.407599687576294,2.4840638637542725,0.07646417617797852,False,1295,400,400
Lab1_G3_Pc2,18,9,2,2.4044864177703857,2.5055582523345947,0.10107183456420898,False,1295,400,400
Lab1_G3_Pc2,18,9,2,2.3973212242126465,2.6090338230133057,0.21171259880065918,False,1295,400,400
Lab1_G3_Pc2,18,9,2,2.39658260345459,2.438416004180908,0.04183340072631836,False,1295,400,400
Lab1_G3_Pc2,18,9,2,2.3935647010803223,2.4052813053131104,0.011716604232788086,False,1295,400,400
Lab1_G3_Pc2,18,9,2,2.376494884490967,2.5128014087677,0.1363065242767334,False,1295,400,400
Lab1_G3_Pc2,18,9,2,2.3626668453216553,2.406569242477417,0.04390239715576172,False,1295,400,400
Lab1_G3_Pc2,18,9,2,2.33620023727417,2.3459222316741943,0.009721994400024414,False,1295,400,400
Lab1_G3_Pc2,18,9,2,2.3313207626342773,2.510716199874878,0.17939543724060059,False,1295,400,400
Lab1_G3_Pc2,18,9,2,2.3302056789398193,2.5957577228546143,0.2655520439147949,False,1295,400,400
Lab1_G3_Pc2,18,9,2,2.3162171840667725,2.3309924602508545,0.014775276184082031,False,1295,400,400
Lab1_G3_Pc2,18,9,2,2.297071933746338,2.5091331005096436,0.21206116676330566,False,1295,400,400
Lab1_G3_Pc2,18,9,2,2.283193588256836,2.317279815673828,0.03408622741699219,False,1295,400,400
Lab1_G3_Pc2,18,9,2,2.272059202194214,2.2802343368530273,0.008175134658813477,False,1295,400,400
Lab1_G3_Pc2,18,9,2,2.266968011856079,2.279735565185547,0.012767553329467773,False,1295,400,400
Lab1_G3_Pc2,18,9,2,2.2305734157562256,2.2640509605407715,0.0334775447845459,False,1295,400,400
Lab1_G3_Pc2,18,9,2,2.207853317260742,2.5283701419830322,0.32051682472229004,False,1295,400,400
Lab1_G3_Pc2,18,9,2,2.1176702976226807,2.4380080699920654,0.32033777236938477,False,1295,400,400
Lab1_G3_Pc2,18,9,2,2.0531370639801025,2.151580572128296,0.09844350814819336,False,1295,400,400
Lab1_G3_Pc2,18,9,2,1.7979925870895386,1.7984726428985596,0.0004800558090209961,False,1295,400,400
Lab1_TC_Ptgdg,14,7,2,1.4086999893188477,1.431985855102539,0.023285865783691406,False,1355,400,400
Lab1_TC_Ptgdg,14,7,2,1.2987571954727173,1.3487275838851929,0.049970388412475586,False,1355,400,400
Lab1_TC_Ptgdg,14,7,2,1.1501986980438232,1.2199699878692627,0.06977128982543945,False,1355,400,400
Lab1_TC_Ptgdg,14,7,2,1.0287690162658691,1.075912356376648,0.04714334011077881,False,1355,400,400
Lab1_TC_Ptgdg,14,7,2,1.0287690162658691,1.0447198152542114,0.015950798988342285,False,1355,400,400
Lab1_TC_Ptgdg,14,7,2,1.0125669240951538,1.0447198152542114,0.03215289115905762,False,1355,400,400
Lab1_TC_Ptgdg,14,7,2,0.9623252749443054,0.9961013197898865,0.033776044845581055,False,1355,400,400
Lab1_TC_Ptgdg,14,7,2,0.9449846744537354,0.9961013197898865,0.05111664533615112,False,1355,400,400
Lab1_TC_Ptgdg,14,7,2,0.8530101776123047,0.8721813559532166,0.019171178340911865,False,1355,400,400
Lab1_TC_Ptgdg,14,7,2,0.8530101776123047,0.8909400701522827,0.03792989253997803,False,1355,400,400
Lab1_TC_Ptgdg,14,7,2,0.7927197813987732,0.8133133053779602,0.02059352397918701,False,1355,400,400
Lab1_TC_Ptgdg,14,7,2,0.7927197813987732,0.833398163318634,0.04067838191986084,False,1355,400,400
Lab1_TC_Ptgdg,14,7,2,0.7927197813987732,0.8133133053779602,0.02059352397918701,False,1355,400,400
Lab1_TC_Ptgdg,14,7,2,0.7715767621994019,0.7927197813987732,0.021143019199371338,False,1355,400,400
Lab1_TC_Ptgdg,14,7,2,0.7498378157615662,0.7715767621994019,0.021738946437835693,False,1355,400,400
Lab1_TC_Ptgdg,14,7,2,0.7498378157615662,0.7927197813987732,0.04288196563720703,False,1355,400,400
Lab1_TC_Ptgdg,14,7,2,0.6804667115211487,0.7274495363235474,0.04698282480239868,False,1355,400,400
Lab1_TC_Ptgdg,14,7,2,0.6804667115211487,0.7043499946594238,0.023883283138275146,False,1355,400,400
Lab1_TC_Ptgdg,14,7,2,0.6804667115211487,0.7274495363235474,0.04698282480239868,False,1355,400,400
Lab1_TC_Ptgdg,14,7,2,0.6804667115211487,0.7043499946594238,0.023883283138275146,False,1355,400,400
Lab1_TC_Ptgdg,14,7,2,0.6557141542434692,0.6804667115211487,0.024752557277679443,False,1355,400,400
Lab1_TC_Ptgdg,14,7,2,0.6299898028373718,0.6804667115211487,0.050476908683776855,False,1355,400,400
Lab1_TC_Ptgdg,14,7,2,0.6031692624092102,0.6299898028373718,0.02682054042816162,False,1355,400,400
Lab1_TC_Ptgdg,14,7,2,0.6031692624092102,0.6299898028373718,0.02682054042816162,False,1355,400,400
Lab1_TC_Ptgdg,14,7,2,0.5750993490219116,0.6299898028373718,0.054890453815460205,False,1355,400,400
Lab1_TC_Ptgdg,14,7,2,0.5750993490219116,0.6031692624092102,0.028069913387298584,False,1355,400,400
Lab1_TC_Ptgdg,14,7,2,0.5455871224403381,0.5750993490219116,0.029512226581573486,False,1355,400,400
Lab1_TC_Ptgdg,14,7,2,0.5455871224403381,0.5750993490219116,0.029512226581573486,False,1355,400,400
Lab1_dPmg,5,3,2,,,,False,1429,400,400
Lab1_Hpol,2,10,2,2.8003153800964355,2.831958293914795,0.031642913818359375,False,1421,400,400
Lab1_Hpol,2,10,2,2.768310785293579,2.8003153800964355,0.032004594802856445,False,1421,400,400
Lab1_Hpol,2,10,2,2.6699960231781006,2.768310785293579,0.09831476211547852,False,1421,400,400
Lab1_Hpol,2,10,2,2.6364097595214844,2.6699960231781006,0.03358626365661621,False,1421,400,400
Lab1_Hpol,2,10,2,2.6023900508880615,2.6364097595214844,0.03401970863342285,False,1421,400,400
Lab1_Hpol,2,10,2,2.532980442047119,2.5679197311401367,0.03493928909301758,False,1421,400,400
Lab1_Hpol,2,10,2,2.3881168365478516,2.532980442047119,0.14486360549926758,False,1421,400,400
Lab1_Hpol,2,10,2,2.3881168365478516,2.4251441955566406,0.03702735900878906,False,1421,400,400
Lab1_Hpol,2,10,2,2.350506544113159,2.3881168365478516,0.03761029243469238,False,1421,400,400
Lab1_Hpol,2,10,2,2.350506544113159,2.4251441955566406,0.07463765144348145,False,1421,400,400
Lab1_Hpol,2,10,2,2.312284231185913,2.3881168365478516,0.07583260536193848,False,1421,400,400
Lab1_Hpol,2,10,2,2.312284231185913,2.3881168365478516,0.07583260536193848,False,1421,400,400
Lab1_Hpol,2,10,2,2.2734196186065674,2.350506544113159,0.0770869255065918,False,1421,400,400
Lab1_Hpol,2,10,2,2.1936254501342773,2.312284231185913,0.11865878105163574,False,1421,400,400
Lab1_Hpol,2,10,2,2.1936254501342773,2.2338788509368896,0.040253400802612305,False,1421,400,400
Lab1_Hpol,2,10,2,2.1936254501342773,2.312284231185913,0.11865878105163574,False,1421,400,400
Lab1_Hpol,2,10,2,2.1526196002960205,2.1936254501342773,0.041005849838256836,False,1421,400,400
Lab1_Hpol,2,10,2,2.1526196002960205,2.2338788509368896,0.08125925064086914,False,1421,400,400
Lab1_Hpol,2,10,2,2.1108171939849854,2.1526196002960205,0.041802406311035156,False,1421,400,400
Lab1_Hpol,2,10,2,2.1108171939849854,2.1526196002960205,0.041802406311035156,False,1421,400,400
Lab1_Hpol,2,10,2,2.1108171939849854,2.1526196002960205,0.041802406311035156,False,1421,400,400
Lab1_Hpol,2,10,2,2.0681698322296143,2.1526196002960205,0.08444976806640625,False,1421,400,400
Lab1_Hpol,2,10,2,2.0246245861053467,2.0681698322296143,0.04354524612426758,False,1421,400,400
Lab1_Hpol,2,10,2,1.7406244277954102,1.7910877466201782,0.050463318824768066,False,1421,400,400
Lab1_Hpol,2,10,2,1.7406244277954102,1.7910877466201782,0.050463318824768066,False,1421,400,400
Lab1_Hpol,2,10,2,1.5221319198608398,1.6350319385528564,0.1129000186920166,False,1421,400,400
Lab1_Hpol,2,10,2,1.2664902210235596,1.4001576900482178,0.1336674690246582,False,1421,400,400
Lab1_Hpol,2,10,2,0.9439861178398132,1.0340849161148071,0.0900987982749939,False,1421,400,400
Lab1_G1_T1,33,6,2,1.0350773334503174,1.0563240051269531,0.021246671676635742,False,1274,400,400
Lab1_G1_T1,33,6,2,0.9595826268196106,0.9887250661849976,0.029142439365386963,False,1274,400,400
Lab1_G1_T1,33,6,2,0.8475677967071533,0.8733879327774048,0.025820136070251465,False,1274,400,400
Lab1_G1_T1,33,6,2,0.8461102247238159,0.8548182845115662,0.008708059787750244,False,1274,400,400
Lab1_G1_T1,33,6,2,0.8358361721038818,0.8417224287986755,0.005886256694793701,False,1274,400,400
Lab1_G1_T1,33,6,2,0.8148995637893677,0.8790227770805359,0.06412321329116821,False,1274,400,400
Lab1_G1_T1,33,6,2,0.8072906136512756,0.8194310069084167,0.012140393257141113,False,1274,400,400
Lab1_G1_T1,33,6,2,0.7729219198226929,0.787163257598877,0.014241337776184082,False,1274,400,400
Lab1_G1_T1,33,6,2,0.7681161761283875,0.8373116254806519,0.0691954493522644,False,1274,400,400
Lab1_G1_T1,33,6,2,0.751875102519989,0.7584132552146912,0.0065381526947021484,False,1274,400,400
Lab1_G1_T1,33,6,2,0.7352753281593323,0.7965160012245178,0.06124067306518555,False,1274,400,400
Lab1_G1_T1,33,6,2,0.6794363260269165,0.6848646402359009,0.005428314208984375,False,1274,400,400
Lab1_G1_T1,33,6,2,0.6323906779289246,0.6535081267356873,0.021117448806762695,False,1274,400,400
Lab1_G1_T1,33,6,2,0.6024022698402405,0.6323906779289246,0.029988408088684082,False,1274,400,400
Lab1_G1_T1,33,6,2,0.5878844261169434,0.6343395113945007,0.04645508527755737,False,1274,400,400
Lab1_G1_T1,33,6,2,0.5751489996910095,0.5794252157211304,0.00427621603012085,False,1274,400,400
Lab1_G1_T1,33,6,2,0.5599249601364136,0.5686742663383484,0.008749306201934814,False,1274,400,400
Lab1_G1_T1,33,6,2,0.5599249601364136,0.5772910714149475,0.017366111278533936,False,1274,400,400
Lab1_G1_T1,33,6,2,0.48427245020866394,0.4943625330924988,0.010090082883834839,False,1274,400,400
Lab1_G1_T1,33,6,2,0.4553733468055725,0.4580758810043335,0.0027025341987609863,False,1274,400,400
Lab1_G1_T1,33,6,2,0.4186558127403259,0.43880870938301086,0.020152896642684937,False,1274,400,400
Lab1_G1_T600,37,8,2,1.3491204977035522,1.3582055568695068,0.00908505916595459,False,1180,400,400
Lab1_G1_T638,31,7,2,2.1673643589019775,2.2526955604553223,0.08533120155334473,False,1253,400,400
Lab1_G1_T638,31,7,2,1.373260736465454,1.3856886625289917,0.012427926063537598,False,1253,400,400
Lab1_G1_T638,31,7,2,0.9621738195419312,0.9971733093261719,0.03499948978424072,False,1253,400,400
Lab1_G1_T638,31,7,2,0.9441877007484436,0.9621738195419312,0.01798611879348755,False,1253,400,400
Lab1_G1_T638,31,7,2,0.8685263395309448,0.8880462050437927,0.0195198655128479,False,1253,400,400
Lab1_G1_T638,31,7,2,0.8685263395309448,0.8880462050437927,0.0195198655128479,False,1253,400,400
Lab1_G1_T638,31,7,2,0.8071392178535461,0.8685263395309448,0.06138712167739868,False,1253,400,400
Lab1_G1_T638,31,7,2,0.785611629486084,0.8071392178535461,0.021527588367462158,False,1253,400,400
Lab1_G1_T638,31,7,2,0.785611629486084,0.8071392178535461,0.021527588367462158,False,1253,400,400
Lab1_G1_T638,31,7,2,0.785611629486084,0.8071392178535461,0.021527588367462158,False,1253,400,400
Lab1_G1_T638,31,7,2,0.717162013053894,0.7634772658348083,0.04631525278091431,False,1253,400,400
Lab1_G1_T638,31,7,2,0.717162013053894,0.7406817674636841,0.02351975440979004,False,1253,400,400
Lab1_G4_delta_T4PR,28,5,2,0.9969936013221741,1.0006964206695557,0.003702819347381592,False,1327,400,400
Lab1_G4_delta_T4PR,28,5,2,0.987390398979187,1.0228607654571533,0.03547036647796631,False,1327,400,400
Lab1_G4_delta_T4PR,28,5,2,0.9739236831665039,1.0638254880905151,0.08990180492401123,False,1327,400,400
Lab1_G4_delta_T4PR,28,5,2,0.9697550535202026,0.9744237661361694,0.004668712615966797,False,1327,400,400
Lab1_G4_delta_T4PR,28,5,2,0.9680353999137878,1.0118108987808228,0.04377549886703491,False,1327,400,400
Lab1_G4_delta_T4PR,28,5,2,0.9285315871238708,0.9425060153007507,0.013974428176879883,False,1327,400,400
Lab1_G4_delta_T4PR,28,5,2,0.921379566192627,0.9283922910690308,0.007012724876403809,False,1327,400,400
Lab1_G4_delta_T4PR,28,5,2,0.921379566192627,0.9299191236495972,0.008539557456970215,False,1327,400,400
Lab1_G4_delta_T4PR,28,5,2,0.9062577486038208,0.9425060153007507,0.03624826669692993,False,1327,400,400
Lab1_G4_delta_T4PR,28,5,2,0.8893736004829407,0.8936710953712463,0.004297494888305664,False,1327,400,400
Lab1_G4_delta_T4PR,28,5,2,0.8752438426017761,0.8897181153297424,0.014474272727966309,False,1327,400,400
Lab1_G4_delta_T4PR,28,5,2,0.8688029050827026,0.8778591752052307,0.009056270122528076,False,1327,400,400
Lab1_G4_delta_T4PR,28,5,2,0.8678953647613525,0.8683160543441772,0.00042068958282470703,False,1327,400,400
Lab1_G4_delta_T4PR,28,5,2,0.8416929841041565,0.9008593559265137,0.05916637182235718,False,1327,400,400
Lab1_G4_delta_T4PR,28,5,2,0.8265559077262878,0.8278952240943909,0.0013393163681030273,False,1327,400,400
Lab1_G4_delta_T4PR,28,5,2,0.8265559077262878,0.8408173322677612,0.014261424541473389,False,1327,400,400
Lab1_G4_delta_T4PR,28,5,2,0.8243639469146729,0.8387622237205505,0.014398276805877686,False,1327,400,400
Lab1_G4_delta_T4PR,28,5,2,0.8177280426025391,0.8647136688232422,0.046985626220703125,False,1327,400,400
Lab1_G4_delta_T4PR,28,5,2,0.8118845224380493,0.8573333621025085,0.04544883966445923,False,1327,400,400
Lab1_G4_delta_T4PR,28,5,2,0.8113263845443726,0.8427308201789856,0.03140443563461304,False,1327,400,400
Lab1_G4_delta_T4PR,28,5,2,0.8081151247024536,0.8117383122444153,0.00362318754196167,False,1327,400,400
Lab1_G4_delta_T4PR,28,5,2,0.7920678853988647,0.8439227342605591,0.051854848861694336,False,1327,400,400
Lab1_G4_delta_T4PR,28,5,2,0.7854606509208679,0.8322188854217529,0.04675823450088501,False,1327,400,400
Lab1_G4_delta_T4PR,28,5,2,0.7707204222679138,0.8221205472946167,0.05140012502670288,False,1327,400,400
Lab1_G4_delta_T4PR,28,5,2,0.7606423497200012,0.8479071855545044,0.08726483583450317,False,1327,400,400
Lab1_G4_delta_T4PR,28,5,2,0.7544292211532593,0.782136082649231,0.02770686149597168,False,1327,400,400
Lab1_G4_delta_T4PR,28,5,2,0.754253089427948,0.7596703171730042,0.005417227745056152,False,1327,400,400
Lab1_G4_delta_T4PR,28,5,2,0.7489542365074158,0.788402795791626,0.039448559284210205,False,1327,400,400
Lab1_G4_delta_T4PR,28,5,2,0.7399495244026184,0.7527256608009338,0.01277613639831543,False,1327,400,400
Lab1_G4_delta_T4PR,28,5,2,0.7307351231575012,0.7369406223297119,0.006205499172210693,False,1327,400,400
Lab1_G4_delta_T4PR,28,5,2,0.7286737561225891,0.7293496131896973,0.0006758570671081543,False,1327,400,400
Lab1_G4_delta_T4PR,28,5,2,0.723764955997467,0.7258754968643188,0.0021105408668518066,False,1327,400,400
Lab1_G4_delta_T4PR,28,5,2,0.7224035859107971,0.7340683937072754,0.011664807796478271,False,1327,400,400
Lab1_G4_delta_T4PR,28,5,2,0.7015783786773682,0.714368462562561,0.012790083885192871,False,1327,400,400
Lab1_G4_delta_T4PR,28,5,2,0.6275239586830139,0.6433101296424866,0.015786170959472656,False,1327,400,400
Lab1_G4_delta_T4PR,28,5,2,0.5415819883346558,0.5588532090187073,0.017271220684051514,False,1327,400,400
Lab1_G4_delta_T4PR,28,5,2,0.49062037467956543,0.5366344451904297,0.04601407051086426,False,1327,400,400
Lab1_G4_delta_T4PR,28,5,2,0.4641101360321045,0.48340389132499695,0.019293755292892456,False,1327,400,400
Lab1_G4_delta_T4PR,28,5,2,0.40686318278312683,0.436954528093338,0.03009134531021118,False,1327,400,400
Lab1_G4_delta_T4PR,28,5,2,0.3680019676685333,0.3720669746398926,0.004065006971359253,False,1327,400,400
Lab1_G4_delta_T4,18,6,2,1.4262123107910156,1.4411004781723022,0.014888167381286621,False,1349,400,400
Lab1_G4_delta_T4,18,6,2,1.4040472507476807,1.431430459022522,0.02738320827484131,False,1349,400,400
Lab1_G4_delta_T4,18,6,2,1.4032548666000366,1.4033548831939697,0.00010001659393310547,False,1349,400,400
Lab1_G4_delta_T4,18,6,2,1.3781481981277466,1.4114714860916138,0.03332328796386719,False,1349,400,400
Lab1_G4_delta_T4,18,6,2,1.277830719947815,1.3029729127883911,0.025142192840576172,False,1349,400,400
Lab1_G4_delta_T4,18,6,2,1.270329236984253,1.3239281177520752,0.053598880767822266,False,1349,400,400
Lab1_G4_delta_T4,18,6,2,1.2625330686569214,1.3026409149169922,0.0401078462600708,False,1349,400,400
Lab1_G4_delta_T4,18,6,2,1.2535381317138672,1.3239281177520752,0.07038998603820801,False,1349,400,400
Lab1_G4_delta_T4,18,6,2,1.2217611074447632,1.3021259307861328,0.08036482334136963,False,1349,400,400
Lab1_G4_delta_T4,18,6,2,1.2073626518249512,1.2364290952682495,0.02906644344329834,False,1349,400,400
Lab1_G4_delta_T4,18,6,2,1.1675817966461182,1.2353124618530273,0.06773066520690918,False,1349,400,400
Lab1_G4_delta_T4,18,6,2,1.1666213274002075,1.2420175075531006,0.07539618015289307,False,1349,400,400
Lab1_G4_delta_T4,18,6,2,1.1463313102722168,1.146936058998108,0.0006047487258911133,False,1349,400,400
Lab1_G4_delta_T4,18,6,2,1.1214264631271362,1.1420116424560547,0.020585179328918457,False,1349,400,400
Lab1_G4_delta_T4,18,6,2,1.0807744264602661,1.112235188484192,0.03146076202392578,False,1349,400,400
Lab1_G4_delta_T4,18,6,2,1.0731154680252075,1.0886952877044678,0.015579819679260254,False,1349,400,400
Lab1_G4_delta_T4,18,6,2,1.058230996131897,1.0906943082809448,0.03246331214904785,False,1349,400,400
Lab1_G4_delta_T4,18,6,2,0.9893213510513306,1.074345588684082,0.08502423763275146,False,1349,400,400
Lab1_G4_delta_T4,18,6,2,0.9624979496002197,0.9896175861358643,0.02711963653564453,False,1349,400,400
Lab1_G4_delta_T4,18,6,2,0.9121147394180298,0.937842071056366,0.02572733163833618,False,1349,400,400
Lab1_G4_delta_T4,18,6,2,0.9114446043968201,0.9290996193885803,0.017655014991760254,False,1349,400,400
Lab1_G4_delta_T4,18,6,2,0.9005518555641174,0.910402774810791,0.009850919246673584,False,1349,400,400
Lab1_G4_delta_T4,18,6,2,0.8953258991241455,0.8969524502754211,0.0016265511512756348,False,1349,400,400
Lab1_G4_delta_T4,18,6,2,0.8951883316040039,0.8960294723510742,0.0008411407470703125,False,1349,400,400
Lab1_G4_delta_T4,18,6,2,0.8715875744819641,0.963555097579956,0.09196752309799194,False,1349,400,400
Lab1_G4_delta_T4,18,6,2,0.8431267142295837,0.9716571569442749,0.12853044271469116,False,1349,400,400
Lab1_G4_delta_T4,18,6,2,0.831824541091919,0.8323221206665039,0.0004975795745849609,False,1349,400,400
Lab1_G4_delta_T4,18,6,2,0.825959324836731,0.8301956057548523,0.004236280918121338,False,1349,400,400
Lab1_G4_delta_T4,18,6,2,0.8163816332817078,0.8201137781143188,0.003732144832611084,False,1349,400,400
Lab1_G4_delta_T4,18,6,2,0.7832351922988892,0.8679400682449341,0.08470487594604492,False,1349,400,400
Lab1_G4_delta_T4,18,6,2,0.7821739912033081,0.7972533106803894,0.015079319477081299,False,1349,400,400
Lab1_G4_delta_T4,18,6,2,0.7727907299995422,0.7908020615577698,0.01801133155822754,False,1349,400,400
Lab1_G4_delta_T4,18,6,2,0.7707415223121643,0.8138701319694519,0.0431286096572876,False,1349,400,400
Lab1_G4_delta_T4,18,6,2,0.5324984192848206,0.5449549555778503,0.012456536293029785,False,1349,400,400
Lab1_G4_delta_T4,18,6,2,0.48812270164489746,0.49354133009910583,0.005418628454208374,False,1349,400,400
Lab1_G4_delta_T4,18,6,2,0.4694530665874481,0.5100931525230408,0.04064008593559265,False,1349,400,400
Lab1_G4_delta_T4,18,6,2,0.411723256111145,0.4255993664264679,0.013876110315322876,False,1349,400,400
Lab1_TC_Tm,54,9,2,3.4993948936462402,3.5746593475341797,0.07526445388793945,False,1007,400,400
Lab1_TC_Tm,54,9,2,2.4616048336029053,2.477005958557129,0.015401124954223633,False,1007,400,400
Lab1_G3_Турбина_ГГ,16,4,2,3.174388885498047,3.3120930194854736,0.13770413398742676,False,1391,400,400
Lab1_G1_T607,14,3,2,,,,False,1411,400,400
Lab1_TposleNag,2,3,2,,,,False,1435,400,400
Lab1_G3_Коксование,13,3,2,,,,False,1413,400,400
Lab1_TdoNag,4,4,2,,,,False,1427,400,400
